# vtk DataFile Version 2.0
vtk file: 2D Unstructured Grid a_output_refined
ASCII

DATASET UNSTRUCTURED_GRID
POINTS 3207 float
 -3.85972000E-01 -7.95324000E-01 +0.00000000E+00 +2.04676000E-01 -7.95324000E-01 +0.00000000E+00
 +7.95324000E-01 -7.95324000E-01 +0.00000000E+00 +1.38597200E+00 -7.95324000E-01 +0.00000000E+00
 -3.85972000E-01 -2.04676000E-01 +0.00000000E+00 +2.04676000E-01 -2.04676000E-01 +0.00000000E+00
 +7.95324000E-01 -2.04676000E-01 +0.00000000E+00 +1.38597200E+00 -2.04676000E-01 +0.00000000E+00
 -9.06480000E-02 -7.95324000E-01 +0.00000000E+00 +2.04676000E-01 -5.00000000E-01 +0.00000000E+00
 -9.06480000E-02 -2.04676000E-01 +0.00000000E+00 -3.85972000E-01 -5.00000000E-01 +0.00000000E+00
 -9.06480000E-02 -5.00000000E-01 +0.00000000E+00 +5.00000000E-01 -7.95324000E-01 +0.00000000E+00
 +7.95324000E-01 -5.00000000E-01 +0.00000000E+00 +5.00000000E-01 -2.04676000E-01 +0.00000000E+00
 +5.00000000E-01 -5.00000000E-01 +0.00000000E+00 +1.09064800E+00 -7.95324000E-01 +0.00000000E+00
 +1.38597200E+00 -5.00000000E-01 +0.00000000E+00 +1.09064800E+00 -2.04676000E-01 +0.00000000E+00
 +1.09064800E+00 -5.00000000E-01 +0.00000000E+00 +5.70140000E-02 -7.95324000E-01 +0.00000000E+00
 +2.04676000E-01 -6.47662000E-01 +0.00000000E+00 +5.70140000E-02 -5.00000000E-01 +0.00000000E+00
 -9.06480000E-02 -6.47662000E-01 +0.00000000E+00 +5.70140000E-02 -6.47662000E-01 +0.00000000E+00
 +3.52338000E-01 -7.95324000E-01 +0.00000000E+00 +5.00000000E-01 -6.47662000E-01 +0.00000000E+00
 +3.52338000E-01 -5.00000000E-01 +0.00000000E+00 +3.52338000E-01 -6.47662000E-01 +0.00000000E+00
 +6.47662000E-01 -7.95324000E-01 +0.00000000E+00 +7.95324000E-01 -6.47662000E-01 +0.00000000E+00
 +6.47662000E-01 -5.00000000E-01 +0.00000000E+00 +6.47662000E-01 -6.47662000E-01 +0.00000000E+00
 +7.95324000E-01 -3.52338000E-01 +0.00000000E+00 +6.47662000E-01 -2.04676000E-01 +0.00000000E+00
 +5.00000000E-01 -3.52338000E-01 +0.00000000E+00 +6.47662000E-01 -3.52338000E-01 +0.00000000E+00
 +3.52338000E-01 -2.04676000E-01 +0.00000000E+00 +2.04676000E-01 -3.52338000E-01 +0.00000000E+00
 +3.52338000E-01 -3.52338000E-01 +0.00000000E+00 +9.42986000E-01 -7.95324000E-01 +0.00000000E+00
 +1.09064800E+00 -6.47662000E-01 +0.00000000E+00 +9.42986000E-01 -5.00000000E-01 +0.00000000E+00
 +9.42986000E-01 -6.47662000E-01 +0.00000000E+00 +1.30845000E-01 -7.95324000E-01 +0.00000000E+00
 +2.04676000E-01 -7.21493000E-01 +0.00000000E+00 +1.30845000E-01 -6.47662000E-01 +0.00000000E+00
 +5.70140000E-02 -7.21493000E-01 +0.00000000E+00 +1.30845000E-01 -7.21493000E-01 +0.00000000E+00
 +2.78507000E-01 -7.95324000E-01 +0.00000000E+00 +3.52338000E-01 -7.21493000E-01 +0.00000000E+00
 +2.78507000E-01 -6.47662000E-01 +0.00000000E+00 +2.78507000E-01 -7.21493000E-01 +0.00000000E+00
 +4.26169000E-01 -7.95324000E-01 +0.00000000E+00 +5.00000000E-01 -7.21493000E-01 +0.00000000E+00
 +4.26169000E-01 -6.47662000E-01 +0.00000000E+00 +4.26169000E-01 -7.21493000E-01 +0.00000000E+00
 +5.00000000E-01 -5.73831000E-01 +0.00000000E+00 +4.26169000E-01 -5.00000000E-01 +0.00000000E+00
 +3.52338000E-01 -5.73831000E-01 +0.00000000E+00 +4.26169000E-01 -5.73831000E-01 +0.00000000E+00
 +2.78507000E-01 -5.00000000E-01 +0.00000000E+00 +2.04676000E-01 -5.73831000E-01 +0.00000000E+00
 +2.78507000E-01 -5.73831000E-01 +0.00000000E+00 +5.73831000E-01 -7.95324000E-01 +0.00000000E+00
 +6.47662000E-01 -7.21493000E-01 +0.00000000E+00 +5.73831000E-01 -6.47662000E-01 +0.00000000E+00
 +5.73831000E-01 -7.21493000E-01 +0.00000000E+00 +7.21493000E-01 -7.95324000E-01 +0.00000000E+00
 +7.95324000E-01 -7.21493000E-01 +0.00000000E+00 +7.21493000E-01 -6.47662000E-01 +0.00000000E+00
 +7.21493000E-01 -7.21493000E-01 +0.00000000E+00 +7.95324000E-01 -5.73831000E-01 +0.00000000E+00
 +7.21493000E-01 -5.00000000E-01 +0.00000000E+00 +6.47662000E-01 -5.73831000E-01 +0.00000000E+00
 +7.21493000E-01 -5.73831000E-01 +0.00000000E+00 +5.73831000E-01 -5.00000000E-01 +0.00000000E+00
 +5.73831000E-01 -5.73831000E-01 +0.00000000E+00 +6.47662000E-01 -4.26169000E-01 +0.00000000E+00
 +5.73831000E-01 -3.52338000E-01 +0.00000000E+00 +5.00000000E-01 -4.26169000E-01 +0.00000000E+00
 +5.73831000E-01 -4.26169000E-01 +0.00000000E+00 +6.47662000E-01 -2.78507000E-01 +0.00000000E+00
 +5.73831000E-01 -2.04676000E-01 +0.00000000E+00 +5.00000000E-01 -2.78507000E-01 +0.00000000E+00
 +5.73831000E-01 -2.78507000E-01 +0.00000000E+00 +4.26169000E-01 -3.52338000E-01 +0.00000000E+00
 +3.52338000E-01 -4.26169000E-01 +0.00000000E+00 +4.26169000E-01 -4.26169000E-01 +0.00000000E+00
 +4.26169000E-01 -2.04676000E-01 +0.00000000E+00 +3.52338000E-01 -2.78507000E-01 +0.00000000E+00
 +4.26169000E-01 -2.78507000E-01 +0.00000000E+00 +8.69155000E-01 -7.95324000E-01 +0.00000000E+00
 +9.42986000E-01 -7.21493000E-01 +0.00000000E+00 +8.69155000E-01 -6.47662000E-01 +0.00000000E+00
 +8.69155000E-01 -7.21493000E-01 +0.00000000E+00 +1.67760500E-01 -7.95324000E-01 +0.00000000E+00
 +2.04676000E-01 -7.58408500E-01 +0.00000000E+00 +1.67760500E-01 -7.21493000E-01 +0.00000000E+00
 +1.30845000E-01 -7.58408500E-01 +0.00000000E+00 +1.67760500E-01 -7.58408500E-01 +0.00000000E+00
 +2.41591500E-01 -7.95324000E-01 +0.00000000E+00 +2.78507000E-01 -7.58408500E-01 +0.00000000E+00
 +2.41591500E-01 -7.21493000E-01 +0.00000000E+00 +2.41591500E-01 -7.58408500E-01 +0.00000000E+00
 +3.15422500E-01 -7.95324000E-01 +0.00000000E+00 +3.52338000E-01 -7.58408500E-01 +0.00000000E+00
 +3.15422500E-01 -7.21493000E-01 +0.00000000E+00 +3.15422500E-01 -7.58408500E-01 +0.00000000E+00
 +3.52338000E-01 -6.84577500E-01 +0.00000000E+00 +3.15422500E-01 -6.47662000E-01 +0.00000000E+00
 +2.78507000E-01 -6.84577500E-01 +0.00000000E+00 +3.15422500E-01 -6.84577500E-01 +0.00000000E+00
 +2.41591500E-01 -6.47662000E-01 +0.00000000E+00 +2.04676000E-01 -6.84577500E-01 +0.00000000E+00
 +2.41591500E-01 -6.84577500E-01 +0.00000000E+00 +3.89253500E-01 -7.95324000E-01 +0.00000000E+00
 +4.26169000E-01 -7.58408500E-01 +0.00000000E+00 +3.89253500E-01 -7.21493000E-01 +0.00000000E+00
 +3.89253500E-01 -7.58408500E-01 +0.00000000E+00 +3.89253500E-01 -6.47662000E-01 +0.00000000E+00
 +4.26169000E-01 -6.10746500E-01 +0.00000000E+00 +3.89253500E-01 -5.73831000E-01 +0.00000000E+00
 +3.52338000E-01 -6.10746500E-01 +0.00000000E+00 +3.89253500E-01 -6.10746500E-01 +0.00000000E+00
 +4.63084500E-01 -6.47662000E-01 +0.00000000E+00 +5.00000000E-01 -6.10746500E-01 +0.00000000E+00
 +4.63084500E-01 -5.73831000E-01 +0.00000000E+00 +4.63084500E-01 -6.10746500E-01 +0.00000000E+00
 +5.00000000E-01 -5.36915500E-01 +0.00000000E+00 +4.63084500E-01 -5.00000000E-01 +0.00000000E+00
 +4.26169000E-01 -5.36915500E-01 +0.00000000E+00 +4.63084500E-01 -5.36915500E-01 +0.00000000E+00
 +3.89253500E-01 -5.00000000E-01 +0.00000000E+00 +3.52338000E-01 -5.36915500E-01 +0.00000000E+00
 +3.89253500E-01 -5.36915500E-01 +0.00000000E+00 +3.15422500E-01 -5.73831000E-01 +0.00000000E+00
 +2.78507000E-01 -6.10746500E-01 +0.00000000E+00 +3.15422500E-01 -6.10746500E-01 +0.00000000E+00
 +3.15422500E-01 -5.00000000E-01 +0.00000000E+00 +2.78507000E-01 -5.36915500E-01 +0.00000000E+00
 +3.15422500E-01 -5.36915500E-01 +0.00000000E+00 +6.10746500E-01 -7.95324000E-01 +0.00000000E+00
 +6.47662000E-01 -7.58408500E-01 +0.00000000E+00 +6.10746500E-01 -7.21493000E-01 +0.00000000E+00
 +5.73831000E-01 -7.58408500E-01 +0.00000000E+00 +6.10746500E-01 -7.58408500E-01 +0.00000000E+00
 +6.47662000E-01 -6.84577500E-01 +0.00000000E+00 +6.10746500E-01 -6.47662000E-01 +0.00000000E+00
 +5.73831000E-01 -6.84577500E-01 +0.00000000E+00 +6.10746500E-01 -6.84577500E-01 +0.00000000E+00
 +6.84577500E-01 -7.95324000E-01 +0.00000000E+00 +7.21493000E-01 -7.58408500E-01 +0.00000000E+00
 +6.84577500E-01 -7.21493000E-01 +0.00000000E+00 +6.84577500E-01 -7.58408500E-01 +0.00000000E+00
 +7.58408500E-01 -7.95324000E-01 +0.00000000E+00 +7.95324000E-01 -7.58408500E-01 +0.00000000E+00
 +7.58408500E-01 -7.21493000E-01 +0.00000000E+00 +7.58408500E-01 -7.58408500E-01 +0.00000000E+00
 +7.95324000E-01 -6.84577500E-01 +0.00000000E+00 +7.58408500E-01 -6.47662000E-01 +0.00000000E+00
 +7.21493000E-01 -6.84577500E-01 +0.00000000E+00 +7.58408500E-01 -6.84577500E-01 +0.00000000E+00
 +6.84577500E-01 -6.47662000E-01 +0.00000000E+00 +6.84577500E-01 -6.84577500E-01 +0.00000000E+00
 +7.21493000E-01 -6.10746500E-01 +0.00000000E+00 +6.84577500E-01 -5.73831000E-01 +0.00000000E+00
 +6.47662000E-01 -6.10746500E-01 +0.00000000E+00 +6.84577500E-01 -6.10746500E-01 +0.00000000E+00
 +7.21493000E-01 -5.36915500E-01 +0.00000000E+00 +6.84577500E-01 -5.00000000E-01 +0.00000000E+00
 +6.47662000E-01 -5.36915500E-01 +0.00000000E+00 +6.84577500E-01 -5.36915500E-01 +0.00000000E+00
 +5.36915500E-01 -6.47662000E-01 +0.00000000E+00 +5.73831000E-01 -6.10746500E-01 +0.00000000E+00
 +5.36915500E-01 -5.73831000E-01 +0.00000000E+00 +5.36915500E-01 -6.10746500E-01 +0.00000000E+00
 +6.10746500E-01 -5.73831000E-01 +0.00000000E+00 +6.10746500E-01 -6.10746500E-01 +0.00000000E+00
 +6.10746500E-01 -5.00000000E-01 +0.00000000E+00 +5.73831000E-01 -5.36915500E-01 +0.00000000E+00
 +6.10746500E-01 -5.36915500E-01 +0.00000000E+00 +5.36915500E-01 -5.00000000E-01 +0.00000000E+00
 +5.36915500E-01 -5.36915500E-01 +0.00000000E+00 +5.73831000E-01 -4.63084500E-01 +0.00000000E+00
 +5.36915500E-01 -4.26169000E-01 +0.00000000E+00 +5.00000000E-01 -4.63084500E-01 +0.00000000E+00
 +5.36915500E-01 -4.63084500E-01 +0.00000000E+00 +6.47662000E-01 -4.63084500E-01 +0.00000000E+00
 +6.10746500E-01 -4.26169000E-01 +0.00000000E+00 +6.10746500E-01 -4.63084500E-01 +0.00000000E+00
 +6.47662000E-01 -3.89253500E-01 +0.00000000E+00 +6.10746500E-01 -3.52338000E-01 +0.00000000E+00
 +5.73831000E-01 -3.89253500E-01 +0.00000000E+00 +6.10746500E-01 -3.89253500E-01 +0.00000000E+00
 +5.36915500E-01 -3.52338000E-01 +0.00000000E+00 +5.00000000E-01 -3.89253500E-01 +0.00000000E+00
 +5.36915500E-01 -3.89253500E-01 +0.00000000E+00 +5.73831000E-01 -3.15422500E-01 +0.00000000E+00
 +5.36915500E-01 -2.78507000E-01 +0.00000000E+00 +5.00000000E-01 -3.15422500E-01 +0.00000000E+00
 +5.36915500E-01 -3.15422500E-01 +0.00000000E+00 +5.73831000E-01 -2.41591500E-01 +0.00000000E+00
 +5.36915500E-01 -2.04676000E-01 +0.00000000E+00 +5.00000000E-01 -2.41591500E-01 +0.00000000E+00
 +5.36915500E-01 -2.41591500E-01 +0.00000000E+00 +4.26169000E-01 -4.63084500E-01 +0.00000000E+00
 +3.89253500E-01 -4.26169000E-01 +0.00000000E+00 +3.52338000E-01 -4.63084500E-01 +0.00000000E+00
 +3.89253500E-01 -4.63084500E-01 +0.00000000E+00 +4.63084500E-01 -4.26169000E-01 +0.00000000E+00
 +4.63084500E-01 -4.63084500E-01 +0.00000000E+00 +4.63084500E-01 -3.52338000E-01 +0.00000000E+00
 +4.26169000E-01 -3.89253500E-01 +0.00000000E+00 +4.63084500E-01 -3.89253500E-01 +0.00000000E+00
 +3.89253500E-01 -3.52338000E-01 +0.00000000E+00 +3.52338000E-01 -3.89253500E-01 +0.00000000E+00
 +3.89253500E-01 -3.89253500E-01 +0.00000000E+00 +4.63084500E-01 -2.78507000E-01 +0.00000000E+00
 +4.26169000E-01 -3.15422500E-01 +0.00000000E+00 +4.63084500E-01 -3.15422500E-01 +0.00000000E+00
 +4.63084500E-01 -2.04676000E-01 +0.00000000E+00 +4.26169000E-01 -2.41591500E-01 +0.00000000E+00
 +4.63084500E-01 -2.41591500E-01 +0.00000000E+00 +8.32239500E-01 -7.95324000E-01 +0.00000000E+00
 +8.69155000E-01 -7.58408500E-01 +0.00000000E+00 +8.32239500E-01 -7.21493000E-01 +0.00000000E+00
 +8.32239500E-01 -7.58408500E-01 +0.00000000E+00 +1.86218250E-01 -7.95324000E-01 +0.00000000E+00
 +2.04676000E-01 -7.76866250E-01 +0.00000000E+00 +1.86218250E-01 -7.58408500E-01 +0.00000000E+00
 +1.67760500E-01 -7.76866250E-01 +0.00000000E+00 +1.86218250E-01 -7.76866250E-01 +0.00000000E+00
 +2.23133750E-01 -7.95324000E-01 +0.00000000E+00 +2.41591500E-01 -7.76866250E-01 +0.00000000E+00
 +2.23133750E-01 -7.58408500E-01 +0.00000000E+00 +2.23133750E-01 -7.76866250E-01 +0.00000000E+00
 +2.60049250E-01 -7.95324000E-01 +0.00000000E+00 +2.78507000E-01 -7.76866250E-01 +0.00000000E+00
 +2.60049250E-01 -7.58408500E-01 +0.00000000E+00 +2.60049250E-01 -7.76866250E-01 +0.00000000E+00
 +2.78507000E-01 -7.39950750E-01 +0.00000000E+00 +2.60049250E-01 -7.21493000E-01 +0.00000000E+00
 +2.41591500E-01 -7.39950750E-01 +0.00000000E+00 +2.60049250E-01 -7.39950750E-01 +0.00000000E+00
 +2.96964750E-01 -7.95324000E-01 +0.00000000E+00 +3.15422500E-01 -7.76866250E-01 +0.00000000E+00
 +2.96964750E-01 -7.58408500E-01 +0.00000000E+00 +2.96964750E-01 -7.76866250E-01 +0.00000000E+00
 +3.33880250E-01 -7.95324000E-01 +0.00000000E+00 +3.52338000E-01 -7.76866250E-01 +0.00000000E+00
 +3.33880250E-01 -7.58408500E-01 +0.00000000E+00 +3.33880250E-01 -7.76866250E-01 +0.00000000E+00
 +3.52338000E-01 -7.39950750E-01 +0.00000000E+00 +3.33880250E-01 -7.21493000E-01 +0.00000000E+00
 +3.15422500E-01 -7.39950750E-01 +0.00000000E+00 +3.33880250E-01 -7.39950750E-01 +0.00000000E+00
 +2.96964750E-01 -7.21493000E-01 +0.00000000E+00 +2.96964750E-01 -7.39950750E-01 +0.00000000E+00
 +3.15422500E-01 -7.03035250E-01 +0.00000000E+00 +2.96964750E-01 -6.84577500E-01 +0.00000000E+00
 +2.78507000E-01 -7.03035250E-01 +0.00000000E+00 +2.96964750E-01 -7.03035250E-01 +0.00000000E+00
 +3.52338000E-01 -7.03035250E-01 +0.00000000E+00 +3.33880250E-01 -6.84577500E-01 +0.00000000E+00
 +3.33880250E-01 -7.03035250E-01 +0.00000000E+00 +3.52338000E-01 -6.66119750E-01 +0.00000000E+00
 +3.33880250E-01 -6.47662000E-01 +0.00000000E+00 +3.15422500E-01 -6.66119750E-01 +0.00000000E+00
 +3.33880250E-01 -6.66119750E-01 +0.00000000E+00 +2.96964750E-01 -6.47662000E-01 +0.00000000E+00
 +2.78507000E-01 -6.66119750E-01 +0.00000000E+00 +2.96964750E-01 -6.66119750E-01 +0.00000000E+00
 +2.60049250E-01 -6.84577500E-01 +0.00000000E+00 +2.41591500E-01 -7.03035250E-01 +0.00000000E+00
 +2.60049250E-01 -7.03035250E-01 +0.00000000E+00 +3.70795750E-01 -7.95324000E-01 +0.00000000E+00
 +3.89253500E-01 -7.76866250E-01 +0.00000000E+00 +3.70795750E-01 -7.58408500E-01 +0.00000000E+00
 +3.70795750E-01 -7.76866250E-01 +0.00000000E+00 +3.70795750E-01 -6.47662000E-01 +0.00000000E+00
 +3.89253500E-01 -6.29204250E-01 +0.00000000E+00 +3.70795750E-01 -6.10746500E-01 +0.00000000E+00
 +3.52338000E-01 -6.29204250E-01 +0.00000000E+00 +3.70795750E-01 -6.29204250E-01 +0.00000000E+00
 +4.07711250E-01 -6.10746500E-01 +0.00000000E+00 +4.26169000E-01 -5.92288750E-01 +0.00000000E+00
 +4.07711250E-01 -5.73831000E-01 +0.00000000E+00 +3.89253500E-01 -5.92288750E-01 +0.00000000E+00
 +4.07711250E-01 -5.92288750E-01 +0.00000000E+00 +3.70795750E-01 -5.73831000E-01 +0.00000000E+00
 +3.52338000E-01 -5.92288750E-01 +0.00000000E+00 +3.70795750E-01 -5.92288750E-01 +0.00000000E+00
 +4.81542250E-01 -6.10746500E-01 +0.00000000E+00 +5.00000000E-01 -5.92288750E-01 +0.00000000E+00
 +4.81542250E-01 -5.73831000E-01 +0.00000000E+00 +4.63084500E-01 -5.92288750E-01 +0.00000000E+00
 +4.81542250E-01 -5.92288750E-01 +0.00000000E+00 +4.44626750E-01 -6.10746500E-01 +0.00000000E+00
 +4.44626750E-01 -5.73831000E-01 +0.00000000E+00 +4.44626750E-01 -5.92288750E-01 +0.00000000E+00
 +4.63084500E-01 -5.55373250E-01 +0.00000000E+00 +4.44626750E-01 -5.36915500E-01 +0.00000000E+00
 +4.26169000E-01 -5.55373250E-01 +0.00000000E+00 +4.44626750E-01 -5.55373250E-01 +0.00000000E+00
 +5.00000000E-01 -5.55373250E-01 +0.00000000E+00 +4.81542250E-01 -5.36915500E-01 +0.00000000E+00
 +4.81542250E-01 -5.55373250E-01 +0.00000000E+00 +3.89253500E-01 -5.55373250E-01 +0.00000000E+00
 +3.70795750E-01 -5.36915500E-01 +0.00000000E+00 +3.52338000E-01 -5.55373250E-01 +0.00000000E+00
 +3.70795750E-01 -5.55373250E-01 +0.00000000E+00 +4.07711250E-01 -5.36915500E-01 +0.00000000E+00
 +4.07711250E-01 -5.55373250E-01 +0.00000000E+00 +4.26169000E-01 -5.18457750E-01 +0.00000000E+00
 +4.07711250E-01 -5.00000000E-01 +0.00000000E+00 +3.89253500E-01 -5.18457750E-01 +0.00000000E+00
 +4.07711250E-01 -5.18457750E-01 +0.00000000E+00 +3.70795750E-01 -5.00000000E-01 +0.00000000E+00
 +3.52338000E-01 -5.18457750E-01 +0.00000000E+00 +3.70795750E-01 -5.18457750E-01 +0.00000000E+00
 +3.15422500E-01 -6.29204250E-01 +0.00000000E+00 +2.96964750E-01 -6.10746500E-01 +0.00000000E+00
 +2.78507000E-01 -6.29204250E-01 +0.00000000E+00 +2.96964750E-01 -6.29204250E-01 +0.00000000E+00
 +3.33880250E-01 -6.10746500E-01 +0.00000000E+00 +3.33880250E-01 -6.29204250E-01 +0.00000000E+00
 +3.33880250E-01 -5.73831000E-01 +0.00000000E+00 +3.15422500E-01 -5.92288750E-01 +0.00000000E+00
 +3.33880250E-01 -5.92288750E-01 +0.00000000E+00 +3.33880250E-01 -5.36915500E-01 +0.00000000E+00
 +3.15422500E-01 -5.55373250E-01 +0.00000000E+00 +3.33880250E-01 -5.55373250E-01 +0.00000000E+00
 +3.33880250E-01 -5.00000000E-01 +0.00000000E+00 +3.15422500E-01 -5.18457750E-01 +0.00000000E+00
 +3.33880250E-01 -5.18457750E-01 +0.00000000E+00 +5.92288750E-01 -7.95324000E-01 +0.00000000E+00
 +6.10746500E-01 -7.76866250E-01 +0.00000000E+00 +5.92288750E-01 -7.58408500E-01 +0.00000000E+00
 +5.73831000E-01 -7.76866250E-01 +0.00000000E+00 +5.92288750E-01 -7.76866250E-01 +0.00000000E+00
 +6.29204250E-01 -7.95324000E-01 +0.00000000E+00 +6.47662000E-01 -7.76866250E-01 +0.00000000E+00
 +6.29204250E-01 -7.58408500E-01 +0.00000000E+00 +6.29204250E-01 -7.76866250E-01 +0.00000000E+00
 +6.47662000E-01 -7.39950750E-01 +0.00000000E+00 +6.29204250E-01 -7.21493000E-01 +0.00000000E+00
 +6.10746500E-01 -7.39950750E-01 +0.00000000E+00 +6.29204250E-01 -7.39950750E-01 +0.00000000E+00
 +6.47662000E-01 -7.03035250E-01 +0.00000000E+00 +6.29204250E-01 -6.84577500E-01 +0.00000000E+00
 +6.10746500E-01 -7.03035250E-01 +0.00000000E+00 +6.29204250E-01 -7.03035250E-01 +0.00000000E+00
 +6.47662000E-01 -6.66119750E-01 +0.00000000E+00 +6.29204250E-01 -6.47662000E-01 +0.00000000E+00
 +6.10746500E-01 -6.66119750E-01 +0.00000000E+00 +6.29204250E-01 -6.66119750E-01 +0.00000000E+00
 +5.92288750E-01 -6.84577500E-01 +0.00000000E+00 +5.92288750E-01 -6.47662000E-01 +0.00000000E+00
 +5.73831000E-01 -6.66119750E-01 +0.00000000E+00 +5.92288750E-01 -6.66119750E-01 +0.00000000E+00
 +6.66119750E-01 -7.95324000E-01 +0.00000000E+00 +6.84577500E-01 -7.76866250E-01 +0.00000000E+00
 +6.66119750E-01 -7.58408500E-01 +0.00000000E+00 +6.66119750E-01 -7.76866250E-01 +0.00000000E+00
 +7.03035250E-01 -7.95324000E-01 +0.00000000E+00 +7.21493000E-01 -7.76866250E-01 +0.00000000E+00
 +7.03035250E-01 -7.58408500E-01 +0.00000000E+00 +7.03035250E-01 -7.76866250E-01 +0.00000000E+00
 +7.21493000E-01 -7.39950750E-01 +0.00000000E+00 +7.03035250E-01 -7.21493000E-01 +0.00000000E+00
 +6.84577500E-01 -7.39950750E-01 +0.00000000E+00 +7.03035250E-01 -7.39950750E-01 +0.00000000E+00
 +6.66119750E-01 -7.21493000E-01 +0.00000000E+00 +6.66119750E-01 -7.39950750E-01 +0.00000000E+00
 +7.39950750E-01 -7.95324000E-01 +0.00000000E+00 +7.58408500E-01 -7.76866250E-01 +0.00000000E+00
 +7.39950750E-01 -7.58408500E-01 +0.00000000E+00 +7.39950750E-01 -7.76866250E-01 +0.00000000E+00
 +7.76866250E-01 -7.95324000E-01 +0.00000000E+00 +7.95324000E-01 -7.76866250E-01 +0.00000000E+00
 +7.76866250E-01 -7.58408500E-01 +0.00000000E+00 +7.76866250E-01 -7.76866250E-01 +0.00000000E+00
 +7.58408500E-01 -7.39950750E-01 +0.00000000E+00 +7.39950750E-01 -7.21493000E-01 +0.00000000E+00
 +7.39950750E-01 -7.39950750E-01 +0.00000000E+00 +7.58408500E-01 -7.03035250E-01 +0.00000000E+00
 +7.39950750E-01 -6.84577500E-01 +0.00000000E+00 +7.21493000E-01 -7.03035250E-01 +0.00000000E+00
 +7.39950750E-01 -7.03035250E-01 +0.00000000E+00 +6.84577500E-01 -7.03035250E-01 +0.00000000E+00
 +6.66119750E-01 -6.84577500E-01 +0.00000000E+00 +6.66119750E-01 -7.03035250E-01 +0.00000000E+00
 +7.03035250E-01 -6.84577500E-01 +0.00000000E+00 +7.03035250E-01 -7.03035250E-01 +0.00000000E+00
 +7.21493000E-01 -6.66119750E-01 +0.00000000E+00 +7.03035250E-01 -6.47662000E-01 +0.00000000E+00
 +6.84577500E-01 -6.66119750E-01 +0.00000000E+00 +7.03035250E-01 -6.66119750E-01 +0.00000000E+00
 +6.66119750E-01 -6.47662000E-01 +0.00000000E+00 +6.66119750E-01 -6.66119750E-01 +0.00000000E+00
 +6.84577500E-01 -6.29204250E-01 +0.00000000E+00 +6.66119750E-01 -6.10746500E-01 +0.00000000E+00
 +6.47662000E-01 -6.29204250E-01 +0.00000000E+00 +6.66119750E-01 -6.29204250E-01 +0.00000000E+00
 +7.21493000E-01 -6.29204250E-01 +0.00000000E+00 +7.03035250E-01 -6.10746500E-01 +0.00000000E+00
 +7.03035250E-01 -6.29204250E-01 +0.00000000E+00 +6.84577500E-01 -5.92288750E-01 +0.00000000E+00
 +6.66119750E-01 -5.73831000E-01 +0.00000000E+00 +6.47662000E-01 -5.92288750E-01 +0.00000000E+00
 +6.66119750E-01 -5.92288750E-01 +0.00000000E+00 +6.84577500E-01 -5.55373250E-01 +0.00000000E+00
 +6.66119750E-01 -5.36915500E-01 +0.00000000E+00 +6.47662000E-01 -5.55373250E-01 +0.00000000E+00
 +6.66119750E-01 -5.55373250E-01 +0.00000000E+00 +6.84577500E-01 -5.18457750E-01 +0.00000000E+00
 +6.66119750E-01 -5.00000000E-01 +0.00000000E+00 +6.47662000E-01 -5.18457750E-01 +0.00000000E+00
 +6.66119750E-01 -5.18457750E-01 +0.00000000E+00 +5.55373250E-01 -6.10746500E-01 +0.00000000E+00
 +5.73831000E-01 -5.92288750E-01 +0.00000000E+00 +5.55373250E-01 -5.73831000E-01 +0.00000000E+00
 +5.36915500E-01 -5.92288750E-01 +0.00000000E+00 +5.55373250E-01 -5.92288750E-01 +0.00000000E+00
 +5.18457750E-01 -6.10746500E-01 +0.00000000E+00 +5.18457750E-01 -5.73831000E-01 +0.00000000E+00
 +5.18457750E-01 -5.92288750E-01 +0.00000000E+00 +6.10746500E-01 -6.29204250E-01 +0.00000000E+00
 +5.92288750E-01 -6.10746500E-01 +0.00000000E+00 +5.73831000E-01 -6.29204250E-01 +0.00000000E+00
 +5.92288750E-01 -6.29204250E-01 +0.00000000E+00 +6.29204250E-01 -6.10746500E-01 +0.00000000E+00
 +6.29204250E-01 -6.29204250E-01 +0.00000000E+00 +6.29204250E-01 -5.73831000E-01 +0.00000000E+00
 +6.10746500E-01 -5.92288750E-01 +0.00000000E+00 +6.29204250E-01 -5.92288750E-01 +0.00000000E+00
 +5.92288750E-01 -5.73831000E-01 +0.00000000E+00 +5.92288750E-01 -5.92288750E-01 +0.00000000E+00
 +6.10746500E-01 -5.55373250E-01 +0.00000000E+00 +5.92288750E-01 -5.36915500E-01 +0.00000000E+00
 +5.73831000E-01 -5.55373250E-01 +0.00000000E+00 +5.92288750E-01 -5.55373250E-01 +0.00000000E+00
 +6.29204250E-01 -5.36915500E-01 +0.00000000E+00 +6.29204250E-01 -5.55373250E-01 +0.00000000E+00
 +6.29204250E-01 -5.00000000E-01 +0.00000000E+00 +6.10746500E-01 -5.18457750E-01 +0.00000000E+00
 +6.29204250E-01 -5.18457750E-01 +0.00000000E+00 +5.92288750E-01 -5.00000000E-01 +0.00000000E+00
 +5.73831000E-01 -5.18457750E-01 +0.00000000E+00 +5.92288750E-01 -5.18457750E-01 +0.00000000E+00
 +5.36915500E-01 -5.55373250E-01 +0.00000000E+00 +5.18457750E-01 -5.36915500E-01 +0.00000000E+00
 +5.18457750E-01 -5.55373250E-01 +0.00000000E+00 +5.55373250E-01 -5.36915500E-01 +0.00000000E+00
 +5.55373250E-01 -5.55373250E-01 +0.00000000E+00 +5.55373250E-01 -5.00000000E-01 +0.00000000E+00
 +5.36915500E-01 -5.18457750E-01 +0.00000000E+00 +5.55373250E-01 -5.18457750E-01 +0.00000000E+00
 +5.18457750E-01 -5.00000000E-01 +0.00000000E+00 +5.36915500E-01 -4.81542250E-01 +0.00000000E+00
 +5.18457750E-01 -4.63084500E-01 +0.00000000E+00 +5.00000000E-01 -4.81542250E-01 +0.00000000E+00
 +5.18457750E-01 -4.81542250E-01 +0.00000000E+00 +5.73831000E-01 -4.81542250E-01 +0.00000000E+00
 +5.55373250E-01 -4.63084500E-01 +0.00000000E+00 +5.55373250E-01 -4.81542250E-01 +0.00000000E+00
 +5.73831000E-01 -4.44626750E-01 +0.00000000E+00 +5.55373250E-01 -4.26169000E-01 +0.00000000E+00
 +5.36915500E-01 -4.44626750E-01 +0.00000000E+00 +5.55373250E-01 -4.44626750E-01 +0.00000000E+00
 +5.18457750E-01 -4.26169000E-01 +0.00000000E+00 +5.00000000E-01 -4.44626750E-01 +0.00000000E+00
 +5.18457750E-01 -4.44626750E-01 +0.00000000E+00 +6.10746500E-01 -4.81542250E-01 +0.00000000E+00
 +5.92288750E-01 -4.63084500E-01 +0.00000000E+00 +5.92288750E-01 -4.81542250E-01 +0.00000000E+00
 +6.47662000E-01 -4.81542250E-01 +0.00000000E+00 +6.29204250E-01 -4.63084500E-01 +0.00000000E+00
 +6.29204250E-01 -4.81542250E-01 +0.00000000E+00 +6.47662000E-01 -4.44626750E-01 +0.00000000E+00
 +6.29204250E-01 -4.26169000E-01 +0.00000000E+00 +6.10746500E-01 -4.44626750E-01 +0.00000000E+00
 +6.29204250E-01 -4.44626750E-01 +0.00000000E+00 +5.92288750E-01 -4.26169000E-01 +0.00000000E+00
 +5.92288750E-01 -4.44626750E-01 +0.00000000E+00 +6.10746500E-01 -4.07711250E-01 +0.00000000E+00
 +5.92288750E-01 -3.89253500E-01 +0.00000000E+00 +5.73831000E-01 -4.07711250E-01 +0.00000000E+00
 +5.92288750E-01 -4.07711250E-01 +0.00000000E+00 +6.10746500E-01 -3.70795750E-01 +0.00000000E+00
 +5.92288750E-01 -3.52338000E-01 +0.00000000E+00 +5.73831000E-01 -3.70795750E-01 +0.00000000E+00
 +5.92288750E-01 -3.70795750E-01 +0.00000000E+00 +5.36915500E-01 -4.07711250E-01 +0.00000000E+00
 +5.18457750E-01 -3.89253500E-01 +0.00000000E+00 +5.00000000E-01 -4.07711250E-01 +0.00000000E+00
 +5.18457750E-01 -4.07711250E-01 +0.00000000E+00 +5.55373250E-01 -3.89253500E-01 +0.00000000E+00
 +5.55373250E-01 -4.07711250E-01 +0.00000000E+00 +5.55373250E-01 -3.52338000E-01 +0.00000000E+00
 +5.36915500E-01 -3.70795750E-01 +0.00000000E+00 +5.55373250E-01 -3.70795750E-01 +0.00000000E+00
 +5.18457750E-01 -3.52338000E-01 +0.00000000E+00 +5.00000000E-01 -3.70795750E-01 +0.00000000E+00
 +5.18457750E-01 -3.70795750E-01 +0.00000000E+00 +5.36915500E-01 -3.33880250E-01 +0.00000000E+00
 +5.18457750E-01 -3.15422500E-01 +0.00000000E+00 +5.00000000E-01 -3.33880250E-01 +0.00000000E+00
 +5.18457750E-01 -3.33880250E-01 +0.00000000E+00 +5.73831000E-01 -3.33880250E-01 +0.00000000E+00
 +5.55373250E-01 -3.15422500E-01 +0.00000000E+00 +5.55373250E-01 -3.33880250E-01 +0.00000000E+00
 +5.73831000E-01 -2.96964750E-01 +0.00000000E+00 +5.55373250E-01 -2.78507000E-01 +0.00000000E+00
 +5.36915500E-01 -2.96964750E-01 +0.00000000E+00 +5.55373250E-01 -2.96964750E-01 +0.00000000E+00
 +5.18457750E-01 -2.78507000E-01 +0.00000000E+00 +5.00000000E-01 -2.96964750E-01 +0.00000000E+00
 +5.18457750E-01 -2.96964750E-01 +0.00000000E+00 +5.36915500E-01 -2.60049250E-01 +0.00000000E+00
 +5.18457750E-01 -2.41591500E-01 +0.00000000E+00 +5.00000000E-01 -2.60049250E-01 +0.00000000E+00
 +5.18457750E-01 -2.60049250E-01 +0.00000000E+00 +5.36915500E-01 -2.23133750E-01 +0.00000000E+00
 +5.18457750E-01 -2.04676000E-01 +0.00000000E+00 +5.00000000E-01 -2.23133750E-01 +0.00000000E+00
 +5.18457750E-01 -2.23133750E-01 +0.00000000E+00 +3.89253500E-01 -4.81542250E-01 +0.00000000E+00
 +3.70795750E-01 -4.63084500E-01 +0.00000000E+00 +3.52338000E-01 -4.81542250E-01 +0.00000000E+00
 +3.70795750E-01 -4.81542250E-01 +0.00000000E+00 +4.26169000E-01 -4.81542250E-01 +0.00000000E+00
 +4.07711250E-01 -4.63084500E-01 +0.00000000E+00 +4.07711250E-01 -4.81542250E-01 +0.00000000E+00
 +4.26169000E-01 -4.44626750E-01 +0.00000000E+00 +4.07711250E-01 -4.26169000E-01 +0.00000000E+00
 +3.89253500E-01 -4.44626750E-01 +0.00000000E+00 +4.07711250E-01 -4.44626750E-01 +0.00000000E+00
 +3.70795750E-01 -4.26169000E-01 +0.00000000E+00 +3.52338000E-01 -4.44626750E-01 +0.00000000E+00
 +3.70795750E-01 -4.44626750E-01 +0.00000000E+00 +4.44626750E-01 -4.63084500E-01 +0.00000000E+00
 +4.63084500E-01 -4.44626750E-01 +0.00000000E+00 +4.44626750E-01 -4.26169000E-01 +0.00000000E+00
 +4.44626750E-01 -4.44626750E-01 +0.00000000E+00 +4.63084500E-01 -4.07711250E-01 +0.00000000E+00
 +4.44626750E-01 -3.89253500E-01 +0.00000000E+00 +4.26169000E-01 -4.07711250E-01 +0.00000000E+00
 +4.44626750E-01 -4.07711250E-01 +0.00000000E+00 +4.81542250E-01 -4.26169000E-01 +0.00000000E+00
 +4.81542250E-01 -3.89253500E-01 +0.00000000E+00 +4.81542250E-01 -4.07711250E-01 +0.00000000E+00
 +4.81542250E-01 -3.52338000E-01 +0.00000000E+00 +4.63084500E-01 -3.70795750E-01 +0.00000000E+00
 +4.81542250E-01 -3.70795750E-01 +0.00000000E+00 +4.44626750E-01 -3.52338000E-01 +0.00000000E+00
 +4.26169000E-01 -3.70795750E-01 +0.00000000E+00 +4.44626750E-01 -3.70795750E-01 +0.00000000E+00
 +4.07711250E-01 -3.89253500E-01 +0.00000000E+00 +3.89253500E-01 -4.07711250E-01 +0.00000000E+00
 +4.07711250E-01 -4.07711250E-01 +0.00000000E+00 +4.07711250E-01 -3.52338000E-01 +0.00000000E+00
 +3.89253500E-01 -3.70795750E-01 +0.00000000E+00 +4.07711250E-01 -3.70795750E-01 +0.00000000E+00
 +4.63084500E-01 -3.33880250E-01 +0.00000000E+00 +4.44626750E-01 -3.15422500E-01 +0.00000000E+00
 +4.26169000E-01 -3.33880250E-01 +0.00000000E+00 +4.44626750E-01 -3.33880250E-01 +0.00000000E+00
 +4.81542250E-01 -3.15422500E-01 +0.00000000E+00 +4.81542250E-01 -3.33880250E-01 +0.00000000E+00
 +4.81542250E-01 -2.78507000E-01 +0.00000000E+00 +4.63084500E-01 -2.96964750E-01 +0.00000000E+00
 +4.81542250E-01 -2.96964750E-01 +0.00000000E+00 +4.44626750E-01 -2.78507000E-01 +0.00000000E+00
 +4.26169000E-01 -2.96964750E-01 +0.00000000E+00 +4.44626750E-01 -2.96964750E-01 +0.00000000E+00
 +4.63084500E-01 -2.60049250E-01 +0.00000000E+00 +4.44626750E-01 -2.41591500E-01 +0.00000000E+00
 +4.26169000E-01 -2.60049250E-01 +0.00000000E+00 +4.44626750E-01 -2.60049250E-01 +0.00000000E+00
 +4.81542250E-01 -2.41591500E-01 +0.00000000E+00 +4.81542250E-01 -2.60049250E-01 +0.00000000E+00
 +4.81542250E-01 -2.04676000E-01 +0.00000000E+00 +4.63084500E-01 -2.23133750E-01 +0.00000000E+00
 +4.81542250E-01 -2.23133750E-01 +0.00000000E+00 +8.13781750E-01 -7.95324000E-01 +0.00000000E+00
 +8.32239500E-01 -7.76866250E-01 +0.00000000E+00 +8.13781750E-01 -7.58408500E-01 +0.00000000E+00
 +8.13781750E-01 -7.76866250E-01 +0.00000000E+00 +1.95447125E-01 -7.95324000E-01 +0.00000000E+00
 +2.04676000E-01 -7.86095125E-01 +0.00000000E+00 +1.95447125E-01 -7.76866250E-01 +0.00000000E+00
 +1.86218250E-01 -7.86095125E-01 +0.00000000E+00 +1.95447125E-01 -7.86095125E-01 +0.00000000E+00
 +2.04676000E-01 -7.67637375E-01 +0.00000000E+00 +1.95447125E-01 -7.58408500E-01 +0.00000000E+00
 +1.86218250E-01 -7.67637375E-01 +0.00000000E+00 +1.95447125E-01 -7.67637375E-01 +0.00000000E+00
 +2.13904875E-01 -7.95324000E-01 +0.00000000E+00 +2.23133750E-01 -7.86095125E-01 +0.00000000E+00
 +2.13904875E-01 -7.76866250E-01 +0.00000000E+00 +2.13904875E-01 -7.86095125E-01 +0.00000000E+00
 +2.32362625E-01 -7.95324000E-01 +0.00000000E+00 +2.41591500E-01 -7.86095125E-01 +0.00000000E+00
 +2.32362625E-01 -7.76866250E-01 +0.00000000E+00 +2.32362625E-01 -7.86095125E-01 +0.00000000E+00
 +2.41591500E-01 -7.67637375E-01 +0.00000000E+00 +2.32362625E-01 -7.58408500E-01 +0.00000000E+00
 +2.23133750E-01 -7.67637375E-01 +0.00000000E+00 +2.32362625E-01 -7.67637375E-01 +0.00000000E+00
 +2.13904875E-01 -7.58408500E-01 +0.00000000E+00 +2.13904875E-01 -7.67637375E-01 +0.00000000E+00
 +2.50820375E-01 -7.95324000E-01 +0.00000000E+00 +2.60049250E-01 -7.86095125E-01 +0.00000000E+00
 +2.50820375E-01 -7.76866250E-01 +0.00000000E+00 +2.50820375E-01 -7.86095125E-01 +0.00000000E+00
 +2.69278125E-01 -7.95324000E-01 +0.00000000E+00 +2.78507000E-01 -7.86095125E-01 +0.00000000E+00
 +2.69278125E-01 -7.76866250E-01 +0.00000000E+00 +2.69278125E-01 -7.86095125E-01 +0.00000000E+00
 +2.60049250E-01 -7.67637375E-01 +0.00000000E+00 +2.50820375E-01 -7.58408500E-01 +0.00000000E+00
 +2.50820375E-01 -7.67637375E-01 +0.00000000E+00 +2.60049250E-01 -7.49179625E-01 +0.00000000E+00
 +2.50820375E-01 -7.39950750E-01 +0.00000000E+00 +2.41591500E-01 -7.49179625E-01 +0.00000000E+00
 +2.50820375E-01 -7.49179625E-01 +0.00000000E+00 +2.69278125E-01 -7.39950750E-01 +0.00000000E+00
 +2.78507000E-01 -7.30721875E-01 +0.00000000E+00 +2.69278125E-01 -7.21493000E-01 +0.00000000E+00
 +2.60049250E-01 -7.30721875E-01 +0.00000000E+00 +2.69278125E-01 -7.30721875E-01 +0.00000000E+00
 +2.50820375E-01 -7.21493000E-01 +0.00000000E+00 +2.41591500E-01 -7.30721875E-01 +0.00000000E+00
 +2.50820375E-01 -7.30721875E-01 +0.00000000E+00 +2.87735875E-01 -7.95324000E-01 +0.00000000E+00
 +2.96964750E-01 -7.86095125E-01 +0.00000000E+00 +2.87735875E-01 -7.76866250E-01 +0.00000000E+00
 +2.87735875E-01 -7.86095125E-01 +0.00000000E+00 +3.06193625E-01 -7.95324000E-01 +0.00000000E+00
 +3.15422500E-01 -7.86095125E-01 +0.00000000E+00 +3.06193625E-01 -7.76866250E-01 +0.00000000E+00
 +3.06193625E-01 -7.86095125E-01 +0.00000000E+00 +3.24651375E-01 -7.95324000E-01 +0.00000000E+00
 +3.33880250E-01 -7.86095125E-01 +0.00000000E+00 +3.24651375E-01 -7.76866250E-01 +0.00000000E+00
 +3.24651375E-01 -7.86095125E-01 +0.00000000E+00 +3.43109125E-01 -7.95324000E-01 +0.00000000E+00
 +3.52338000E-01 -7.86095125E-01 +0.00000000E+00 +3.43109125E-01 -7.76866250E-01 +0.00000000E+00
 +3.43109125E-01 -7.86095125E-01 +0.00000000E+00 +3.52338000E-01 -7.67637375E-01 +0.00000000E+00
 +3.43109125E-01 -7.58408500E-01 +0.00000000E+00 +3.33880250E-01 -7.67637375E-01 +0.00000000E+00
 +3.43109125E-01 -7.67637375E-01 +0.00000000E+00 +3.24651375E-01 -7.58408500E-01 +0.00000000E+00
 +3.15422500E-01 -7.67637375E-01 +0.00000000E+00 +3.24651375E-01 -7.67637375E-01 +0.00000000E+00
 +3.33880250E-01 -7.49179625E-01 +0.00000000E+00 +3.24651375E-01 -7.39950750E-01 +0.00000000E+00
 +3.15422500E-01 -7.49179625E-01 +0.00000000E+00 +3.24651375E-01 -7.49179625E-01 +0.00000000E+00
 +3.33880250E-01 -7.30721875E-01 +0.00000000E+00 +3.24651375E-01 -7.21493000E-01 +0.00000000E+00
 +3.15422500E-01 -7.30721875E-01 +0.00000000E+00 +3.24651375E-01 -7.30721875E-01 +0.00000000E+00
 +3.06193625E-01 -7.58408500E-01 +0.00000000E+00 +3.06193625E-01 -7.39950750E-01 +0.00000000E+00
 +2.96964750E-01 -7.49179625E-01 +0.00000000E+00 +3.06193625E-01 -7.49179625E-01 +0.00000000E+00
 +3.06193625E-01 -7.21493000E-01 +0.00000000E+00 +2.96964750E-01 -7.30721875E-01 +0.00000000E+00
 +3.06193625E-01 -7.30721875E-01 +0.00000000E+00 +2.87735875E-01 -7.03035250E-01 +0.00000000E+00
 +2.96964750E-01 -6.93806375E-01 +0.00000000E+00 +2.87735875E-01 -6.84577500E-01 +0.00000000E+00
 +2.78507000E-01 -6.93806375E-01 +0.00000000E+00 +2.87735875E-01 -6.93806375E-01 +0.00000000E+00
 +3.33880250E-01 -7.12264125E-01 +0.00000000E+00 +3.24651375E-01 -7.03035250E-01 +0.00000000E+00
 +3.15422500E-01 -7.12264125E-01 +0.00000000E+00 +3.24651375E-01 -7.12264125E-01 +0.00000000E+00
 +3.33880250E-01 -6.93806375E-01 +0.00000000E+00 +3.24651375E-01 -6.84577500E-01 +0.00000000E+00
 +3.15422500E-01 -6.93806375E-01 +0.00000000E+00 +3.24651375E-01 -6.93806375E-01 +0.00000000E+00
 +3.33880250E-01 -6.75348625E-01 +0.00000000E+00 +3.24651375E-01 -6.66119750E-01 +0.00000000E+00
 +3.15422500E-01 -6.75348625E-01 +0.00000000E+00 +3.24651375E-01 -6.75348625E-01 +0.00000000E+00
 +3.43109125E-01 -6.84577500E-01 +0.00000000E+00 +3.52338000E-01 -6.75348625E-01 +0.00000000E+00
 +3.43109125E-01 -6.66119750E-01 +0.00000000E+00 +3.43109125E-01 -6.75348625E-01 +0.00000000E+00
 +3.52338000E-01 -6.56890875E-01 +0.00000000E+00 +3.43109125E-01 -6.47662000E-01 +0.00000000E+00
 +3.33880250E-01 -6.56890875E-01 +0.00000000E+00 +3.43109125E-01 -6.56890875E-01 +0.00000000E+00
 +2.96964750E-01 -6.75348625E-01 +0.00000000E+00 +2.87735875E-01 -6.66119750E-01 +0.00000000E+00
 +2.78507000E-01 -6.75348625E-01 +0.00000000E+00 +2.87735875E-01 -6.75348625E-01 +0.00000000E+00
 +3.06193625E-01 -6.66119750E-01 +0.00000000E+00 +3.15422500E-01 -6.56890875E-01 +0.00000000E+00
 +3.06193625E-01 -6.47662000E-01 +0.00000000E+00 +2.96964750E-01 -6.56890875E-01 +0.00000000E+00
 +3.06193625E-01 -6.56890875E-01 +0.00000000E+00 +2.87735875E-01 -6.47662000E-01 +0.00000000E+00
 +2.78507000E-01 -6.56890875E-01 +0.00000000E+00 +2.87735875E-01 -6.56890875E-01 +0.00000000E+00
 +2.78507000E-01 -7.12264125E-01 +0.00000000E+00 +2.69278125E-01 -7.03035250E-01 +0.00000000E+00
 +2.60049250E-01 -7.12264125E-01 +0.00000000E+00 +2.69278125E-01 -7.12264125E-01 +0.00000000E+00
 +2.69278125E-01 -6.84577500E-01 +0.00000000E+00 +2.60049250E-01 -6.93806375E-01 +0.00000000E+00
 +2.69278125E-01 -6.93806375E-01 +0.00000000E+00 +3.61566875E-01 -7.95324000E-01 +0.00000000E+00
 +3.70795750E-01 -7.86095125E-01 +0.00000000E+00 +3.61566875E-01 -7.76866250E-01 +0.00000000E+00
 +3.61566875E-01 -7.86095125E-01 +0.00000000E+00 +3.80024625E-01 -7.95324000E-01 +0.00000000E+00
 +3.89253500E-01 -7.86095125E-01 +0.00000000E+00 +3.80024625E-01 -7.76866250E-01 +0.00000000E+00
 +3.80024625E-01 -7.86095125E-01 +0.00000000E+00 +3.89253500E-01 -7.67637375E-01 +0.00000000E+00
 +3.80024625E-01 -7.58408500E-01 +0.00000000E+00 +3.70795750E-01 -7.67637375E-01 +0.00000000E+00
 +3.80024625E-01 -7.67637375E-01 +0.00000000E+00 +3.61566875E-01 -7.58408500E-01 +0.00000000E+00
 +3.61566875E-01 -7.67637375E-01 +0.00000000E+00 +3.61566875E-01 -6.29204250E-01 +0.00000000E+00
 +3.70795750E-01 -6.19975375E-01 +0.00000000E+00 +3.61566875E-01 -6.10746500E-01 +0.00000000E+00
 +3.52338000E-01 -6.19975375E-01 +0.00000000E+00 +3.61566875E-01 -6.19975375E-01 +0.00000000E+00
 +3.98482375E-01 -6.10746500E-01 +0.00000000E+00 +4.07711250E-01 -6.01517625E-01 +0.00000000E+00
 +3.98482375E-01 -5.92288750E-01 +0.00000000E+00 +3.89253500E-01 -6.01517625E-01 +0.00000000E+00
 +3.98482375E-01 -6.01517625E-01 +0.00000000E+00 +4.16940125E-01 -6.10746500E-01 +0.00000000E+00
 +4.26169000E-01 -6.01517625E-01 +0.00000000E+00 +4.16940125E-01 -5.92288750E-01 +0.00000000E+00
 +4.16940125E-01 -6.01517625E-01 +0.00000000E+00 +3.70795750E-01 -6.01517625E-01 +0.00000000E+00
 +3.61566875E-01 -5.92288750E-01 +0.00000000E+00 +3.52338000E-01 -6.01517625E-01 +0.00000000E+00
 +3.61566875E-01 -6.01517625E-01 +0.00000000E+00 +3.80024625E-01 -6.10746500E-01 +0.00000000E+00
 +3.80024625E-01 -5.92288750E-01 +0.00000000E+00 +3.80024625E-01 -6.01517625E-01 +0.00000000E+00
 +4.72313375E-01 -6.10746500E-01 +0.00000000E+00 +4.81542250E-01 -6.01517625E-01 +0.00000000E+00
 +4.72313375E-01 -5.92288750E-01 +0.00000000E+00 +4.63084500E-01 -6.01517625E-01 +0.00000000E+00
 +4.72313375E-01 -6.01517625E-01 +0.00000000E+00 +4.90771125E-01 -6.10746500E-01 +0.00000000E+00
 +5.00000000E-01 -6.01517625E-01 +0.00000000E+00 +4.90771125E-01 -5.92288750E-01 +0.00000000E+00
 +4.90771125E-01 -6.01517625E-01 +0.00000000E+00 +4.35397875E-01 -6.10746500E-01 +0.00000000E+00
 +4.44626750E-01 -6.01517625E-01 +0.00000000E+00 +4.35397875E-01 -5.92288750E-01 +0.00000000E+00
 +4.35397875E-01 -6.01517625E-01 +0.00000000E+00 +4.53855625E-01 -6.10746500E-01 +0.00000000E+00
 +4.53855625E-01 -5.92288750E-01 +0.00000000E+00 +4.53855625E-01 -6.01517625E-01 +0.00000000E+00
 +4.35397875E-01 -5.73831000E-01 +0.00000000E+00 +4.44626750E-01 -5.64602125E-01 +0.00000000E+00
 +4.35397875E-01 -5.55373250E-01 +0.00000000E+00 +4.26169000E-01 -5.64602125E-01 +0.00000000E+00
 +4.35397875E-01 -5.64602125E-01 +0.00000000E+00 +4.53855625E-01 -5.73831000E-01 +0.00000000E+00
 +4.63084500E-01 -5.64602125E-01 +0.00000000E+00 +4.53855625E-01 -5.55373250E-01 +0.00000000E+00
 +4.53855625E-01 -5.64602125E-01 +0.00000000E+00 +4.72313375E-01 -5.73831000E-01 +0.00000000E+00
 +4.81542250E-01 -5.64602125E-01 +0.00000000E+00 +4.72313375E-01 -5.55373250E-01 +0.00000000E+00
 +4.72313375E-01 -5.64602125E-01 +0.00000000E+00 +4.90771125E-01 -5.73831000E-01 +0.00000000E+00
 +5.00000000E-01 -5.64602125E-01 +0.00000000E+00 +4.90771125E-01 -5.55373250E-01 +0.00000000E+00
 +4.90771125E-01 -5.64602125E-01 +0.00000000E+00 +3.80024625E-01 -5.73831000E-01 +0.00000000E+00
 +3.89253500E-01 -5.64602125E-01 +0.00000000E+00 +3.80024625E-01 -5.55373250E-01 +0.00000000E+00
 +3.70795750E-01 -5.64602125E-01 +0.00000000E+00 +3.80024625E-01 -5.64602125E-01 +0.00000000E+00
 +3.89253500E-01 -5.46144375E-01 +0.00000000E+00 +3.80024625E-01 -5.36915500E-01 +0.00000000E+00
 +3.70795750E-01 -5.46144375E-01 +0.00000000E+00 +3.80024625E-01 -5.46144375E-01 +0.00000000E+00
 +3.98482375E-01 -5.73831000E-01 +0.00000000E+00 +4.07711250E-01 -5.64602125E-01 +0.00000000E+00
 +3.98482375E-01 -5.55373250E-01 +0.00000000E+00 +3.98482375E-01 -5.64602125E-01 +0.00000000E+00
 +4.16940125E-01 -5.73831000E-01 +0.00000000E+00 +4.16940125E-01 -5.55373250E-01 +0.00000000E+00
 +4.16940125E-01 -5.64602125E-01 +0.00000000E+00 +3.98482375E-01 -5.36915500E-01 +0.00000000E+00
 +4.07711250E-01 -5.27686625E-01 +0.00000000E+00 +3.98482375E-01 -5.18457750E-01 +0.00000000E+00
 +3.89253500E-01 -5.27686625E-01 +0.00000000E+00 +3.98482375E-01 -5.27686625E-01 +0.00000000E+00
 +4.07711250E-01 -5.09228875E-01 +0.00000000E+00 +3.98482375E-01 -5.00000000E-01 +0.00000000E+00
 +3.89253500E-01 -5.09228875E-01 +0.00000000E+00 +3.98482375E-01 -5.09228875E-01 +0.00000000E+00
 +3.61566875E-01 -5.36915500E-01 +0.00000000E+00 +3.70795750E-01 -5.27686625E-01 +0.00000000E+00
 +3.61566875E-01 -5.18457750E-01 +0.00000000E+00 +3.52338000E-01 -5.27686625E-01 +0.00000000E+00
 +3.61566875E-01 -5.27686625E-01 +0.00000000E+00 +3.80024625E-01 -5.18457750E-01 +0.00000000E+00
 +3.80024625E-01 -5.27686625E-01 +0.00000000E+00 +3.70795750E-01 -5.09228875E-01 +0.00000000E+00
 +3.61566875E-01 -5.00000000E-01 +0.00000000E+00 +3.52338000E-01 -5.09228875E-01 +0.00000000E+00
 +3.61566875E-01 -5.09228875E-01 +0.00000000E+00 +3.15422500E-01 -6.38433125E-01 +0.00000000E+00
 +3.06193625E-01 -6.29204250E-01 +0.00000000E+00 +2.96964750E-01 -6.38433125E-01 +0.00000000E+00
 +3.06193625E-01 -6.38433125E-01 +0.00000000E+00 +3.15422500E-01 -6.19975375E-01 +0.00000000E+00
 +3.06193625E-01 -6.10746500E-01 +0.00000000E+00 +2.96964750E-01 -6.19975375E-01 +0.00000000E+00
 +3.06193625E-01 -6.19975375E-01 +0.00000000E+00 +3.52338000E-01 -6.38433125E-01 +0.00000000E+00
 +3.43109125E-01 -6.29204250E-01 +0.00000000E+00 +3.33880250E-01 -6.38433125E-01 +0.00000000E+00
 +3.43109125E-01 -6.38433125E-01 +0.00000000E+00 +3.43109125E-01 -6.10746500E-01 +0.00000000E+00
 +3.33880250E-01 -6.19975375E-01 +0.00000000E+00 +3.43109125E-01 -6.19975375E-01 +0.00000000E+00
 +3.24651375E-01 -6.29204250E-01 +0.00000000E+00 +3.24651375E-01 -6.10746500E-01 +0.00000000E+00
 +3.24651375E-01 -6.19975375E-01 +0.00000000E+00 +3.33880250E-01 -6.01517625E-01 +0.00000000E+00
 +3.24651375E-01 -5.92288750E-01 +0.00000000E+00 +3.15422500E-01 -6.01517625E-01 +0.00000000E+00
 +3.24651375E-01 -6.01517625E-01 +0.00000000E+00 +3.33880250E-01 -5.83059875E-01 +0.00000000E+00
 +3.24651375E-01 -5.73831000E-01 +0.00000000E+00 +3.15422500E-01 -5.83059875E-01 +0.00000000E+00
 +3.24651375E-01 -5.83059875E-01 +0.00000000E+00 +3.33880250E-01 -5.64602125E-01 +0.00000000E+00
 +3.24651375E-01 -5.55373250E-01 +0.00000000E+00 +3.15422500E-01 -5.64602125E-01 +0.00000000E+00
 +3.24651375E-01 -5.64602125E-01 +0.00000000E+00 +3.43109125E-01 -5.73831000E-01 +0.00000000E+00
 +3.52338000E-01 -5.64602125E-01 +0.00000000E+00 +3.43109125E-01 -5.55373250E-01 +0.00000000E+00
 +3.43109125E-01 -5.64602125E-01 +0.00000000E+00 +3.52338000E-01 -5.46144375E-01 +0.00000000E+00
 +3.43109125E-01 -5.36915500E-01 +0.00000000E+00 +3.33880250E-01 -5.46144375E-01 +0.00000000E+00
 +3.43109125E-01 -5.46144375E-01 +0.00000000E+00 +3.43109125E-01 -5.18457750E-01 +0.00000000E+00
 +3.33880250E-01 -5.27686625E-01 +0.00000000E+00 +3.43109125E-01 -5.27686625E-01 +0.00000000E+00
 +5.83059875E-01 -7.95324000E-01 +0.00000000E+00 +5.92288750E-01 -7.86095125E-01 +0.00000000E+00
 +5.83059875E-01 -7.76866250E-01 +0.00000000E+00 +5.73831000E-01 -7.86095125E-01 +0.00000000E+00
 +5.83059875E-01 -7.86095125E-01 +0.00000000E+00 +6.01517625E-01 -7.95324000E-01 +0.00000000E+00
 +6.10746500E-01 -7.86095125E-01 +0.00000000E+00 +6.01517625E-01 -7.76866250E-01 +0.00000000E+00
 +6.01517625E-01 -7.86095125E-01 +0.00000000E+00 +6.10746500E-01 -7.67637375E-01 +0.00000000E+00
 +6.01517625E-01 -7.58408500E-01 +0.00000000E+00 +5.92288750E-01 -7.67637375E-01 +0.00000000E+00
 +6.01517625E-01 -7.67637375E-01 +0.00000000E+00 +5.83059875E-01 -7.58408500E-01 +0.00000000E+00
 +5.73831000E-01 -7.67637375E-01 +0.00000000E+00 +5.83059875E-01 -7.67637375E-01 +0.00000000E+00
 +6.19975375E-01 -7.95324000E-01 +0.00000000E+00 +6.29204250E-01 -7.86095125E-01 +0.00000000E+00
 +6.19975375E-01 -7.76866250E-01 +0.00000000E+00 +6.19975375E-01 -7.86095125E-01 +0.00000000E+00
 +6.38433125E-01 -7.95324000E-01 +0.00000000E+00 +6.47662000E-01 -7.86095125E-01 +0.00000000E+00
 +6.38433125E-01 -7.76866250E-01 +0.00000000E+00 +6.38433125E-01 -7.86095125E-01 +0.00000000E+00
 +6.47662000E-01 -7.67637375E-01 +0.00000000E+00 +6.38433125E-01 -7.58408500E-01 +0.00000000E+00
 +6.29204250E-01 -7.67637375E-01 +0.00000000E+00 +6.38433125E-01 -7.67637375E-01 +0.00000000E+00
 +6.19975375E-01 -7.58408500E-01 +0.00000000E+00 +6.19975375E-01 -7.67637375E-01 +0.00000000E+00
 +6.47662000E-01 -7.49179625E-01 +0.00000000E+00 +6.38433125E-01 -7.39950750E-01 +0.00000000E+00
 +6.29204250E-01 -7.49179625E-01 +0.00000000E+00 +6.38433125E-01 -7.49179625E-01 +0.00000000E+00
 +6.47662000E-01 -7.30721875E-01 +0.00000000E+00 +6.38433125E-01 -7.21493000E-01 +0.00000000E+00
 +6.29204250E-01 -7.30721875E-01 +0.00000000E+00 +6.38433125E-01 -7.30721875E-01 +0.00000000E+00
 +6.19975375E-01 -7.21493000E-01 +0.00000000E+00 +6.29204250E-01 -7.12264125E-01 +0.00000000E+00
 +6.19975375E-01 -7.03035250E-01 +0.00000000E+00 +6.10746500E-01 -7.12264125E-01 +0.00000000E+00
 +6.19975375E-01 -7.12264125E-01 +0.00000000E+00 +6.47662000E-01 -7.12264125E-01 +0.00000000E+00
 +6.38433125E-01 -7.03035250E-01 +0.00000000E+00 +6.38433125E-01 -7.12264125E-01 +0.00000000E+00
 +6.29204250E-01 -6.93806375E-01 +0.00000000E+00 +6.19975375E-01 -6.84577500E-01 +0.00000000E+00
 +6.10746500E-01 -6.93806375E-01 +0.00000000E+00 +6.19975375E-01 -6.93806375E-01 +0.00000000E+00
 +6.29204250E-01 -6.75348625E-01 +0.00000000E+00 +6.19975375E-01 -6.66119750E-01 +0.00000000E+00
 +6.10746500E-01 -6.75348625E-01 +0.00000000E+00 +6.19975375E-01 -6.75348625E-01 +0.00000000E+00
 +6.29204250E-01 -6.56890875E-01 +0.00000000E+00 +6.19975375E-01 -6.47662000E-01 +0.00000000E+00
 +6.10746500E-01 -6.56890875E-01 +0.00000000E+00 +6.19975375E-01 -6.56890875E-01 +0.00000000E+00
 +6.01517625E-01 -6.66119750E-01 +0.00000000E+00 +6.01517625E-01 -6.47662000E-01 +0.00000000E+00
 +5.92288750E-01 -6.56890875E-01 +0.00000000E+00 +6.01517625E-01 -6.56890875E-01 +0.00000000E+00
 +6.56890875E-01 -7.95324000E-01 +0.00000000E+00 +6.66119750E-01 -7.86095125E-01 +0.00000000E+00
 +6.56890875E-01 -7.76866250E-01 +0.00000000E+00 +6.56890875E-01 -7.86095125E-01 +0.00000000E+00
 +6.75348625E-01 -7.95324000E-01 +0.00000000E+00 +6.84577500E-01 -7.86095125E-01 +0.00000000E+00
 +6.75348625E-01 -7.76866250E-01 +0.00000000E+00 +6.75348625E-01 -7.86095125E-01 +0.00000000E+00
 +6.93806375E-01 -7.95324000E-01 +0.00000000E+00 +7.03035250E-01 -7.86095125E-01 +0.00000000E+00
 +6.93806375E-01 -7.76866250E-01 +0.00000000E+00 +6.93806375E-01 -7.86095125E-01 +0.00000000E+00
 +7.12264125E-01 -7.95324000E-01 +0.00000000E+00 +7.21493000E-01 -7.86095125E-01 +0.00000000E+00
 +7.12264125E-01 -7.76866250E-01 +0.00000000E+00 +7.12264125E-01 -7.86095125E-01 +0.00000000E+00
 +7.30721875E-01 -7.95324000E-01 +0.00000000E+00 +7.39950750E-01 -7.86095125E-01 +0.00000000E+00
 +7.30721875E-01 -7.76866250E-01 +0.00000000E+00 +7.30721875E-01 -7.86095125E-01 +0.00000000E+00
 +7.49179625E-01 -7.95324000E-01 +0.00000000E+00 +7.58408500E-01 -7.86095125E-01 +0.00000000E+00
 +7.49179625E-01 -7.76866250E-01 +0.00000000E+00 +7.49179625E-01 -7.86095125E-01 +0.00000000E+00
 +7.58408500E-01 -7.67637375E-01 +0.00000000E+00 +7.49179625E-01 -7.58408500E-01 +0.00000000E+00
 +7.39950750E-01 -7.67637375E-01 +0.00000000E+00 +7.49179625E-01 -7.67637375E-01 +0.00000000E+00
 +7.67637375E-01 -7.95324000E-01 +0.00000000E+00 +7.76866250E-01 -7.86095125E-01 +0.00000000E+00
 +7.67637375E-01 -7.76866250E-01 +0.00000000E+00 +7.67637375E-01 -7.86095125E-01 +0.00000000E+00
 +7.86095125E-01 -7.95324000E-01 +0.00000000E+00 +7.95324000E-01 -7.86095125E-01 +0.00000000E+00
 +7.86095125E-01 -7.76866250E-01 +0.00000000E+00 +7.86095125E-01 -7.86095125E-01 +0.00000000E+00
 +7.95324000E-01 -7.67637375E-01 +0.00000000E+00 +7.86095125E-01 -7.58408500E-01 +0.00000000E+00
 +7.76866250E-01 -7.67637375E-01 +0.00000000E+00 +7.86095125E-01 -7.67637375E-01 +0.00000000E+00
 +7.67637375E-01 -7.58408500E-01 +0.00000000E+00 +7.67637375E-01 -7.67637375E-01 +0.00000000E+00
 +7.58408500E-01 -7.49179625E-01 +0.00000000E+00 +7.49179625E-01 -7.39950750E-01 +0.00000000E+00
 +7.39950750E-01 -7.49179625E-01 +0.00000000E+00 +7.49179625E-01 -7.49179625E-01 +0.00000000E+00
 +7.58408500E-01 -7.30721875E-01 +0.00000000E+00 +7.49179625E-01 -7.21493000E-01 +0.00000000E+00
 +7.39950750E-01 -7.30721875E-01 +0.00000000E+00 +7.49179625E-01 -7.30721875E-01 +0.00000000E+00
 +7.30721875E-01 -7.39950750E-01 +0.00000000E+00 +7.30721875E-01 -7.21493000E-01 +0.00000000E+00
 +7.21493000E-01 -7.30721875E-01 +0.00000000E+00 +7.30721875E-01 -7.30721875E-01 +0.00000000E+00
 +7.39950750E-01 -7.12264125E-01 +0.00000000E+00 +7.30721875E-01 -7.03035250E-01 +0.00000000E+00
 +7.21493000E-01 -7.12264125E-01 +0.00000000E+00 +7.30721875E-01 -7.12264125E-01 +0.00000000E+00
 +7.39950750E-01 -6.93806375E-01 +0.00000000E+00 +7.30721875E-01 -6.84577500E-01 +0.00000000E+00
 +7.21493000E-01 -6.93806375E-01 +0.00000000E+00 +7.30721875E-01 -6.93806375E-01 +0.00000000E+00
 +7.12264125E-01 -7.03035250E-01 +0.00000000E+00 +7.12264125E-01 -6.84577500E-01 +0.00000000E+00
 +7.03035250E-01 -6.93806375E-01 +0.00000000E+00 +7.12264125E-01 -6.93806375E-01 +0.00000000E+00
 +7.21493000E-01 -6.75348625E-01 +0.00000000E+00 +7.12264125E-01 -6.66119750E-01 +0.00000000E+00
 +7.03035250E-01 -6.75348625E-01 +0.00000000E+00 +7.12264125E-01 -6.75348625E-01 +0.00000000E+00
 +7.21493000E-01 -6.56890875E-01 +0.00000000E+00 +7.12264125E-01 -6.47662000E-01 +0.00000000E+00
 +7.03035250E-01 -6.56890875E-01 +0.00000000E+00 +7.12264125E-01 -6.56890875E-01 +0.00000000E+00
 +6.93806375E-01 -6.66119750E-01 +0.00000000E+00 +6.93806375E-01 -6.47662000E-01 +0.00000000E+00
 +6.84577500E-01 -6.56890875E-01 +0.00000000E+00 +6.93806375E-01 -6.56890875E-01 +0.00000000E+00
 +6.75348625E-01 -6.29204250E-01 +0.00000000E+00 +6.84577500E-01 -6.19975375E-01 +0.00000000E+00
 +6.75348625E-01 -6.10746500E-01 +0.00000000E+00 +6.66119750E-01 -6.19975375E-01 +0.00000000E+00
 +6.75348625E-01 -6.19975375E-01 +0.00000000E+00 +7.03035250E-01 -6.38433125E-01 +0.00000000E+00
 +6.93806375E-01 -6.29204250E-01 +0.00000000E+00 +6.84577500E-01 -6.38433125E-01 +0.00000000E+00
 +6.93806375E-01 -6.38433125E-01 +0.00000000E+00 +7.03035250E-01 -6.19975375E-01 +0.00000000E+00
 +6.93806375E-01 -6.10746500E-01 +0.00000000E+00 +6.93806375E-01 -6.19975375E-01 +0.00000000E+00
 +6.84577500E-01 -6.01517625E-01 +0.00000000E+00 +6.75348625E-01 -5.92288750E-01 +0.00000000E+00
 +6.66119750E-01 -6.01517625E-01 +0.00000000E+00 +6.75348625E-01 -6.01517625E-01 +0.00000000E+00
 +6.84577500E-01 -5.83059875E-01 +0.00000000E+00 +6.75348625E-01 -5.73831000E-01 +0.00000000E+00
 +6.66119750E-01 -5.83059875E-01 +0.00000000E+00 +6.75348625E-01 -5.83059875E-01 +0.00000000E+00
 +6.56890875E-01 -5.73831000E-01 +0.00000000E+00 +6.66119750E-01 -5.64602125E-01 +0.00000000E+00
 +6.56890875E-01 -5.55373250E-01 +0.00000000E+00 +6.47662000E-01 -5.64602125E-01 +0.00000000E+00
 +6.56890875E-01 -5.64602125E-01 +0.00000000E+00 +6.84577500E-01 -5.64602125E-01 +0.00000000E+00
 +6.75348625E-01 -5.55373250E-01 +0.00000000E+00 +6.75348625E-01 -5.64602125E-01 +0.00000000E+00
 +6.66119750E-01 -5.46144375E-01 +0.00000000E+00 +6.56890875E-01 -5.36915500E-01 +0.00000000E+00
 +6.47662000E-01 -5.46144375E-01 +0.00000000E+00 +6.56890875E-01 -5.46144375E-01 +0.00000000E+00
 +6.66119750E-01 -5.27686625E-01 +0.00000000E+00 +6.56890875E-01 -5.18457750E-01 +0.00000000E+00
 +6.47662000E-01 -5.27686625E-01 +0.00000000E+00 +6.56890875E-01 -5.27686625E-01 +0.00000000E+00
 +5.46144375E-01 -6.10746500E-01 +0.00000000E+00 +5.55373250E-01 -6.01517625E-01 +0.00000000E+00
 +5.46144375E-01 -5.92288750E-01 +0.00000000E+00 +5.36915500E-01 -6.01517625E-01 +0.00000000E+00
 +5.46144375E-01 -6.01517625E-01 +0.00000000E+00 +5.64602125E-01 -6.10746500E-01 +0.00000000E+00
 +5.73831000E-01 -6.01517625E-01 +0.00000000E+00 +5.64602125E-01 -5.92288750E-01 +0.00000000E+00
 +5.64602125E-01 -6.01517625E-01 +0.00000000E+00 +5.09228875E-01 -6.10746500E-01 +0.00000000E+00
 +5.18457750E-01 -6.01517625E-01 +0.00000000E+00 +5.09228875E-01 -5.92288750E-01 +0.00000000E+00
 +5.09228875E-01 -6.01517625E-01 +0.00000000E+00 +5.27686625E-01 -6.10746500E-01 +0.00000000E+00
 +5.27686625E-01 -5.92288750E-01 +0.00000000E+00 +5.27686625E-01 -6.01517625E-01 +0.00000000E+00
 +6.10746500E-01 -6.38433125E-01 +0.00000000E+00 +6.01517625E-01 -6.29204250E-01 +0.00000000E+00
 +5.92288750E-01 -6.38433125E-01 +0.00000000E+00 +6.01517625E-01 -6.38433125E-01 +0.00000000E+00
 +6.10746500E-01 -6.19975375E-01 +0.00000000E+00 +6.01517625E-01 -6.10746500E-01 +0.00000000E+00
 +5.92288750E-01 -6.19975375E-01 +0.00000000E+00 +6.01517625E-01 -6.19975375E-01 +0.00000000E+00
 +5.83059875E-01 -6.29204250E-01 +0.00000000E+00 +5.83059875E-01 -6.10746500E-01 +0.00000000E+00
 +5.73831000E-01 -6.19975375E-01 +0.00000000E+00 +5.83059875E-01 -6.19975375E-01 +0.00000000E+00
 +5.92288750E-01 -6.01517625E-01 +0.00000000E+00 +5.83059875E-01 -5.92288750E-01 +0.00000000E+00
 +5.83059875E-01 -6.01517625E-01 +0.00000000E+00 +5.83059875E-01 -5.73831000E-01 +0.00000000E+00
 +5.92288750E-01 -5.64602125E-01 +0.00000000E+00 +5.83059875E-01 -5.55373250E-01 +0.00000000E+00
 +5.73831000E-01 -5.64602125E-01 +0.00000000E+00 +5.83059875E-01 -5.64602125E-01 +0.00000000E+00
 +6.38433125E-01 -5.36915500E-01 +0.00000000E+00 +6.38433125E-01 -5.18457750E-01 +0.00000000E+00
 +6.29204250E-01 -5.27686625E-01 +0.00000000E+00 +6.38433125E-01 -5.27686625E-01 +0.00000000E+00
 +6.47662000E-01 -5.09228875E-01 +0.00000000E+00 +6.38433125E-01 -5.00000000E-01 +0.00000000E+00
 +6.29204250E-01 -5.09228875E-01 +0.00000000E+00 +6.38433125E-01 -5.09228875E-01 +0.00000000E+00
 +5.09228875E-01 -5.73831000E-01 +0.00000000E+00 +5.18457750E-01 -5.64602125E-01 +0.00000000E+00
 +5.09228875E-01 -5.55373250E-01 +0.00000000E+00 +5.09228875E-01 -5.64602125E-01 +0.00000000E+00
 +5.27686625E-01 -5.73831000E-01 +0.00000000E+00 +5.36915500E-01 -5.64602125E-01 +0.00000000E+00
 +5.27686625E-01 -5.55373250E-01 +0.00000000E+00 +5.27686625E-01 -5.64602125E-01 +0.00000000E+00
 +5.46144375E-01 -5.73831000E-01 +0.00000000E+00 +5.55373250E-01 -5.64602125E-01 +0.00000000E+00
 +5.46144375E-01 -5.55373250E-01 +0.00000000E+00 +5.46144375E-01 -5.64602125E-01 +0.00000000E+00
 +5.64602125E-01 -5.73831000E-01 +0.00000000E+00 +5.64602125E-01 -5.55373250E-01 +0.00000000E+00
 +5.64602125E-01 -5.64602125E-01 +0.00000000E+00 +5.73831000E-01 -5.46144375E-01 +0.00000000E+00
 +5.64602125E-01 -5.36915500E-01 +0.00000000E+00 +5.55373250E-01 -5.46144375E-01 +0.00000000E+00
 +5.64602125E-01 -5.46144375E-01 +0.00000000E+00 +5.46144375E-01 -5.36915500E-01 +0.00000000E+00
 +5.55373250E-01 -5.27686625E-01 +0.00000000E+00 +5.46144375E-01 -5.18457750E-01 +0.00000000E+00
 +5.36915500E-01 -5.27686625E-01 +0.00000000E+00 +5.46144375E-01 -5.27686625E-01 +0.00000000E+00
 +5.73831000E-01 -5.27686625E-01 +0.00000000E+00 +5.64602125E-01 -5.18457750E-01 +0.00000000E+00
 +5.64602125E-01 -5.27686625E-01 +0.00000000E+00 +5.55373250E-01 -5.09228875E-01 +0.00000000E+00
 +5.46144375E-01 -5.00000000E-01 +0.00000000E+00 +5.36915500E-01 -5.09228875E-01 +0.00000000E+00
 +5.46144375E-01 -5.09228875E-01 +0.00000000E+00 +5.27686625E-01 -4.81542250E-01 +0.00000000E+00
 +5.36915500E-01 -4.72313375E-01 +0.00000000E+00 +5.27686625E-01 -4.63084500E-01 +0.00000000E+00
 +5.18457750E-01 -4.72313375E-01 +0.00000000E+00 +5.27686625E-01 -4.72313375E-01 +0.00000000E+00
 +5.55373250E-01 -4.90771125E-01 +0.00000000E+00 +5.46144375E-01 -4.81542250E-01 +0.00000000E+00
 +5.36915500E-01 -4.90771125E-01 +0.00000000E+00 +5.46144375E-01 -4.90771125E-01 +0.00000000E+00
 +5.55373250E-01 -4.72313375E-01 +0.00000000E+00 +5.46144375E-01 -4.63084500E-01 +0.00000000E+00
 +5.46144375E-01 -4.72313375E-01 +0.00000000E+00 +5.36915500E-01 -4.53855625E-01 +0.00000000E+00
 +5.27686625E-01 -4.44626750E-01 +0.00000000E+00 +5.18457750E-01 -4.53855625E-01 +0.00000000E+00
 +5.27686625E-01 -4.53855625E-01 +0.00000000E+00 +5.36915500E-01 -4.35397875E-01 +0.00000000E+00
 +5.27686625E-01 -4.26169000E-01 +0.00000000E+00 +5.18457750E-01 -4.35397875E-01 +0.00000000E+00
 +5.27686625E-01 -4.35397875E-01 +0.00000000E+00 +5.09228875E-01 -4.44626750E-01 +0.00000000E+00
 +5.09228875E-01 -4.26169000E-01 +0.00000000E+00 +5.00000000E-01 -4.35397875E-01 +0.00000000E+00
 +5.09228875E-01 -4.35397875E-01 +0.00000000E+00 +6.19975375E-01 -5.00000000E-01 +0.00000000E+00
 +6.29204250E-01 -4.90771125E-01 +0.00000000E+00 +6.19975375E-01 -4.81542250E-01 +0.00000000E+00
 +6.10746500E-01 -4.90771125E-01 +0.00000000E+00 +6.19975375E-01 -4.90771125E-01 +0.00000000E+00
 +6.47662000E-01 -4.90771125E-01 +0.00000000E+00 +6.38433125E-01 -4.81542250E-01 +0.00000000E+00
 +6.38433125E-01 -4.90771125E-01 +0.00000000E+00 +6.29204250E-01 -4.72313375E-01 +0.00000000E+00
 +6.19975375E-01 -4.63084500E-01 +0.00000000E+00 +6.10746500E-01 -4.72313375E-01 +0.00000000E+00
 +6.19975375E-01 -4.72313375E-01 +0.00000000E+00 +6.29204250E-01 -4.53855625E-01 +0.00000000E+00
 +6.19975375E-01 -4.44626750E-01 +0.00000000E+00 +6.10746500E-01 -4.53855625E-01 +0.00000000E+00
 +6.19975375E-01 -4.53855625E-01 +0.00000000E+00 +6.01517625E-01 -4.63084500E-01 +0.00000000E+00
 +6.01517625E-01 -4.44626750E-01 +0.00000000E+00 +5.92288750E-01 -4.53855625E-01 +0.00000000E+00
 +6.01517625E-01 -4.53855625E-01 +0.00000000E+00 +6.10746500E-01 -4.35397875E-01 +0.00000000E+00
 +6.01517625E-01 -4.26169000E-01 +0.00000000E+00 +5.92288750E-01 -4.35397875E-01 +0.00000000E+00
 +6.01517625E-01 -4.35397875E-01 +0.00000000E+00 +6.10746500E-01 -4.16940125E-01 +0.00000000E+00
 +6.01517625E-01 -4.07711250E-01 +0.00000000E+00 +5.92288750E-01 -4.16940125E-01 +0.00000000E+00
 +6.01517625E-01 -4.16940125E-01 +0.00000000E+00 +6.10746500E-01 -3.98482375E-01 +0.00000000E+00
 +6.01517625E-01 -3.89253500E-01 +0.00000000E+00 +5.92288750E-01 -3.98482375E-01 +0.00000000E+00
 +6.01517625E-01 -3.98482375E-01 +0.00000000E+00 +5.83059875E-01 -4.07711250E-01 +0.00000000E+00
 +5.83059875E-01 -3.89253500E-01 +0.00000000E+00 +5.73831000E-01 -3.98482375E-01 +0.00000000E+00
 +5.83059875E-01 -3.98482375E-01 +0.00000000E+00 +5.92288750E-01 -3.80024625E-01 +0.00000000E+00
 +5.83059875E-01 -3.70795750E-01 +0.00000000E+00 +5.73831000E-01 -3.80024625E-01 +0.00000000E+00
 +5.83059875E-01 -3.80024625E-01 +0.00000000E+00 +5.92288750E-01 -3.61566875E-01 +0.00000000E+00
 +5.83059875E-01 -3.52338000E-01 +0.00000000E+00 +5.73831000E-01 -3.61566875E-01 +0.00000000E+00
 +5.83059875E-01 -3.61566875E-01 +0.00000000E+00 +5.18457750E-01 -4.16940125E-01 +0.00000000E+00
 +5.09228875E-01 -4.07711250E-01 +0.00000000E+00 +5.00000000E-01 -4.16940125E-01 +0.00000000E+00
 +5.09228875E-01 -4.16940125E-01 +0.00000000E+00 +5.18457750E-01 -3.98482375E-01 +0.00000000E+00
 +5.09228875E-01 -3.89253500E-01 +0.00000000E+00 +5.00000000E-01 -3.98482375E-01 +0.00000000E+00
 +5.09228875E-01 -3.98482375E-01 +0.00000000E+00 +5.64602125E-01 -3.70795750E-01 +0.00000000E+00
 +5.64602125E-01 -3.52338000E-01 +0.00000000E+00 +5.55373250E-01 -3.61566875E-01 +0.00000000E+00
 +5.64602125E-01 -3.61566875E-01 +0.00000000E+00 +5.73831000E-01 -3.43109125E-01 +0.00000000E+00
 +5.64602125E-01 -3.33880250E-01 +0.00000000E+00 +5.55373250E-01 -3.43109125E-01 +0.00000000E+00
 +5.64602125E-01 -3.43109125E-01 +0.00000000E+00 +5.73831000E-01 -3.24651375E-01 +0.00000000E+00
 +5.64602125E-01 -3.15422500E-01 +0.00000000E+00 +5.55373250E-01 -3.24651375E-01 +0.00000000E+00
 +5.64602125E-01 -3.24651375E-01 +0.00000000E+00 +5.46144375E-01 -3.33880250E-01 +0.00000000E+00
 +5.46144375E-01 -3.15422500E-01 +0.00000000E+00 +5.36915500E-01 -3.24651375E-01 +0.00000000E+00
 +5.46144375E-01 -3.24651375E-01 +0.00000000E+00 +5.55373250E-01 -3.06193625E-01 +0.00000000E+00
 +5.46144375E-01 -2.96964750E-01 +0.00000000E+00 +5.36915500E-01 -3.06193625E-01 +0.00000000E+00
 +5.46144375E-01 -3.06193625E-01 +0.00000000E+00 +5.55373250E-01 -2.87735875E-01 +0.00000000E+00
 +5.46144375E-01 -2.78507000E-01 +0.00000000E+00 +5.36915500E-01 -2.87735875E-01 +0.00000000E+00
 +5.46144375E-01 -2.87735875E-01 +0.00000000E+00 +5.27686625E-01 -2.96964750E-01 +0.00000000E+00
 +5.27686625E-01 -2.78507000E-01 +0.00000000E+00 +5.18457750E-01 -2.87735875E-01 +0.00000000E+00
 +5.27686625E-01 -2.87735875E-01 +0.00000000E+00 +5.36915500E-01 -2.69278125E-01 +0.00000000E+00
 +5.27686625E-01 -2.60049250E-01 +0.00000000E+00 +5.18457750E-01 -2.69278125E-01 +0.00000000E+00
 +5.27686625E-01 -2.69278125E-01 +0.00000000E+00 +5.36915500E-01 -2.50820375E-01 +0.00000000E+00
 +5.27686625E-01 -2.41591500E-01 +0.00000000E+00 +5.18457750E-01 -2.50820375E-01 +0.00000000E+00
 +5.27686625E-01 -2.50820375E-01 +0.00000000E+00 +5.09228875E-01 -2.41591500E-01 +0.00000000E+00
 +5.18457750E-01 -2.32362625E-01 +0.00000000E+00 +5.09228875E-01 -2.23133750E-01 +0.00000000E+00
 +5.00000000E-01 -2.32362625E-01 +0.00000000E+00 +5.09228875E-01 -2.32362625E-01 +0.00000000E+00
 +5.36915500E-01 -2.32362625E-01 +0.00000000E+00 +5.27686625E-01 -2.23133750E-01 +0.00000000E+00
 +5.27686625E-01 -2.32362625E-01 +0.00000000E+00 +5.18457750E-01 -2.13904875E-01 +0.00000000E+00
 +5.09228875E-01 -2.04676000E-01 +0.00000000E+00 +5.00000000E-01 -2.13904875E-01 +0.00000000E+00
 +5.09228875E-01 -2.13904875E-01 +0.00000000E+00 +3.70795750E-01 -4.90771125E-01 +0.00000000E+00
 +3.61566875E-01 -4.81542250E-01 +0.00000000E+00 +3.52338000E-01 -4.90771125E-01 +0.00000000E+00
 +3.61566875E-01 -4.90771125E-01 +0.00000000E+00 +3.80024625E-01 -5.00000000E-01 +0.00000000E+00
 +3.89253500E-01 -4.90771125E-01 +0.00000000E+00 +3.80024625E-01 -4.81542250E-01 +0.00000000E+00
 +3.80024625E-01 -4.90771125E-01 +0.00000000E+00 +3.89253500E-01 -4.72313375E-01 +0.00000000E+00
 +3.80024625E-01 -4.63084500E-01 +0.00000000E+00 +3.70795750E-01 -4.72313375E-01 +0.00000000E+00
 +3.80024625E-01 -4.72313375E-01 +0.00000000E+00 +4.07711250E-01 -4.90771125E-01 +0.00000000E+00
 +3.98482375E-01 -4.81542250E-01 +0.00000000E+00 +3.98482375E-01 -4.90771125E-01 +0.00000000E+00
 +4.16940125E-01 -5.00000000E-01 +0.00000000E+00 +4.26169000E-01 -4.90771125E-01 +0.00000000E+00
 +4.16940125E-01 -4.81542250E-01 +0.00000000E+00 +4.16940125E-01 -4.90771125E-01 +0.00000000E+00
 +4.26169000E-01 -4.72313375E-01 +0.00000000E+00 +4.16940125E-01 -4.63084500E-01 +0.00000000E+00
 +4.07711250E-01 -4.72313375E-01 +0.00000000E+00 +4.16940125E-01 -4.72313375E-01 +0.00000000E+00
 +4.26169000E-01 -4.53855625E-01 +0.00000000E+00 +4.16940125E-01 -4.44626750E-01 +0.00000000E+00
 +4.07711250E-01 -4.53855625E-01 +0.00000000E+00 +4.16940125E-01 -4.53855625E-01 +0.00000000E+00
 +3.98482375E-01 -4.44626750E-01 +0.00000000E+00 +4.07711250E-01 -4.35397875E-01 +0.00000000E+00
 +3.98482375E-01 -4.26169000E-01 +0.00000000E+00 +3.89253500E-01 -4.35397875E-01 +0.00000000E+00
 +3.98482375E-01 -4.35397875E-01 +0.00000000E+00 +3.89253500E-01 -4.53855625E-01 +0.00000000E+00
 +3.80024625E-01 -4.44626750E-01 +0.00000000E+00 +3.70795750E-01 -4.53855625E-01 +0.00000000E+00
 +3.80024625E-01 -4.53855625E-01 +0.00000000E+00 +3.80024625E-01 -4.26169000E-01 +0.00000000E+00
 +3.70795750E-01 -4.35397875E-01 +0.00000000E+00 +3.80024625E-01 -4.35397875E-01 +0.00000000E+00
 +4.35397875E-01 -4.63084500E-01 +0.00000000E+00 +4.44626750E-01 -4.53855625E-01 +0.00000000E+00
 +4.35397875E-01 -4.44626750E-01 +0.00000000E+00 +4.35397875E-01 -4.53855625E-01 +0.00000000E+00
 +4.44626750E-01 -4.35397875E-01 +0.00000000E+00 +4.35397875E-01 -4.26169000E-01 +0.00000000E+00
 +4.26169000E-01 -4.35397875E-01 +0.00000000E+00 +4.35397875E-01 -4.35397875E-01 +0.00000000E+00
 +4.44626750E-01 -4.16940125E-01 +0.00000000E+00 +4.35397875E-01 -4.07711250E-01 +0.00000000E+00
 +4.26169000E-01 -4.16940125E-01 +0.00000000E+00 +4.35397875E-01 -4.16940125E-01 +0.00000000E+00
 +4.53855625E-01 -4.07711250E-01 +0.00000000E+00 +4.63084500E-01 -3.98482375E-01 +0.00000000E+00
 +4.53855625E-01 -3.89253500E-01 +0.00000000E+00 +4.44626750E-01 -3.98482375E-01 +0.00000000E+00
 +4.53855625E-01 -3.98482375E-01 +0.00000000E+00 +4.35397875E-01 -3.89253500E-01 +0.00000000E+00
 +4.26169000E-01 -3.98482375E-01 +0.00000000E+00 +4.35397875E-01 -3.98482375E-01 +0.00000000E+00
 +4.90771125E-01 -4.07711250E-01 +0.00000000E+00 +4.90771125E-01 -3.89253500E-01 +0.00000000E+00
 +4.81542250E-01 -3.98482375E-01 +0.00000000E+00 +4.90771125E-01 -3.98482375E-01 +0.00000000E+00
 +5.00000000E-01 -3.80024625E-01 +0.00000000E+00 +4.90771125E-01 -3.70795750E-01 +0.00000000E+00
 +4.81542250E-01 -3.80024625E-01 +0.00000000E+00 +4.90771125E-01 -3.80024625E-01 +0.00000000E+00
 +5.00000000E-01 -3.61566875E-01 +0.00000000E+00 +4.90771125E-01 -3.52338000E-01 +0.00000000E+00
 +4.81542250E-01 -3.61566875E-01 +0.00000000E+00 +4.90771125E-01 -3.61566875E-01 +0.00000000E+00
 +4.72313375E-01 -3.70795750E-01 +0.00000000E+00 +4.72313375E-01 -3.52338000E-01 +0.00000000E+00
 +4.63084500E-01 -3.61566875E-01 +0.00000000E+00 +4.72313375E-01 -3.61566875E-01 +0.00000000E+00
 +4.63084500E-01 -3.80024625E-01 +0.00000000E+00 +4.53855625E-01 -3.70795750E-01 +0.00000000E+00
 +4.44626750E-01 -3.80024625E-01 +0.00000000E+00 +4.53855625E-01 -3.80024625E-01 +0.00000000E+00
 +4.53855625E-01 -3.52338000E-01 +0.00000000E+00 +4.44626750E-01 -3.61566875E-01 +0.00000000E+00
 +4.53855625E-01 -3.61566875E-01 +0.00000000E+00 +4.35397875E-01 -3.70795750E-01 +0.00000000E+00
 +4.35397875E-01 -3.52338000E-01 +0.00000000E+00 +4.26169000E-01 -3.61566875E-01 +0.00000000E+00
 +4.35397875E-01 -3.61566875E-01 +0.00000000E+00 +4.07711250E-01 -4.16940125E-01 +0.00000000E+00
 +3.98482375E-01 -4.07711250E-01 +0.00000000E+00 +3.89253500E-01 -4.16940125E-01 +0.00000000E+00
 +3.98482375E-01 -4.16940125E-01 +0.00000000E+00 +4.16940125E-01 -4.07711250E-01 +0.00000000E+00
 +4.16940125E-01 -3.89253500E-01 +0.00000000E+00 +4.07711250E-01 -3.98482375E-01 +0.00000000E+00
 +4.16940125E-01 -3.98482375E-01 +0.00000000E+00 +3.98482375E-01 -3.89253500E-01 +0.00000000E+00
 +3.89253500E-01 -3.98482375E-01 +0.00000000E+00 +3.98482375E-01 -3.98482375E-01 +0.00000000E+00
 +4.26169000E-01 -3.80024625E-01 +0.00000000E+00 +4.16940125E-01 -3.70795750E-01 +0.00000000E+00
 +4.07711250E-01 -3.80024625E-01 +0.00000000E+00 +4.16940125E-01 -3.80024625E-01 +0.00000000E+00
 +4.16940125E-01 -3.52338000E-01 +0.00000000E+00 +4.07711250E-01 -3.61566875E-01 +0.00000000E+00
 +4.16940125E-01 -3.61566875E-01 +0.00000000E+00 +4.44626750E-01 -3.43109125E-01 +0.00000000E+00
 +4.35397875E-01 -3.33880250E-01 +0.00000000E+00 +4.26169000E-01 -3.43109125E-01 +0.00000000E+00
 +4.35397875E-01 -3.43109125E-01 +0.00000000E+00 +4.44626750E-01 -3.24651375E-01 +0.00000000E+00
 +4.35397875E-01 -3.15422500E-01 +0.00000000E+00 +4.26169000E-01 -3.24651375E-01 +0.00000000E+00
 +4.35397875E-01 -3.24651375E-01 +0.00000000E+00 +4.81542250E-01 -3.43109125E-01 +0.00000000E+00
 +4.72313375E-01 -3.33880250E-01 +0.00000000E+00 +4.63084500E-01 -3.43109125E-01 +0.00000000E+00
 +4.72313375E-01 -3.43109125E-01 +0.00000000E+00 +5.00000000E-01 -3.43109125E-01 +0.00000000E+00
 +4.90771125E-01 -3.33880250E-01 +0.00000000E+00 +4.90771125E-01 -3.43109125E-01 +0.00000000E+00
 +4.81542250E-01 -3.24651375E-01 +0.00000000E+00 +4.72313375E-01 -3.15422500E-01 +0.00000000E+00
 +4.63084500E-01 -3.24651375E-01 +0.00000000E+00 +4.72313375E-01 -3.24651375E-01 +0.00000000E+00
 +4.44626750E-01 -3.06193625E-01 +0.00000000E+00 +4.35397875E-01 -2.96964750E-01 +0.00000000E+00
 +4.26169000E-01 -3.06193625E-01 +0.00000000E+00 +4.35397875E-01 -3.06193625E-01 +0.00000000E+00
 +4.53855625E-01 -3.15422500E-01 +0.00000000E+00 +4.63084500E-01 -3.06193625E-01 +0.00000000E+00
 +4.53855625E-01 -2.96964750E-01 +0.00000000E+00 +4.53855625E-01 -3.06193625E-01 +0.00000000E+00
 +4.63084500E-01 -2.87735875E-01 +0.00000000E+00 +4.53855625E-01 -2.78507000E-01 +0.00000000E+00
 +4.44626750E-01 -2.87735875E-01 +0.00000000E+00 +4.53855625E-01 -2.87735875E-01 +0.00000000E+00
 +4.63084500E-01 -2.69278125E-01 +0.00000000E+00 +4.53855625E-01 -2.60049250E-01 +0.00000000E+00
 +4.44626750E-01 -2.69278125E-01 +0.00000000E+00 +4.53855625E-01 -2.69278125E-01 +0.00000000E+00
 +4.72313375E-01 -2.78507000E-01 +0.00000000E+00 +4.81542250E-01 -2.69278125E-01 +0.00000000E+00
 +4.72313375E-01 -2.60049250E-01 +0.00000000E+00 +4.72313375E-01 -2.69278125E-01 +0.00000000E+00
 +4.81542250E-01 -2.50820375E-01 +0.00000000E+00 +4.72313375E-01 -2.41591500E-01 +0.00000000E+00
 +4.63084500E-01 -2.50820375E-01 +0.00000000E+00 +4.72313375E-01 -2.50820375E-01 +0.00000000E+00
 +4.81542250E-01 -2.32362625E-01 +0.00000000E+00 +4.72313375E-01 -2.23133750E-01 +0.00000000E+00
 +4.63084500E-01 -2.32362625E-01 +0.00000000E+00 +4.72313375E-01 -2.32362625E-01 +0.00000000E+00
 +4.90771125E-01 -2.41591500E-01 +0.00000000E+00 +4.90771125E-01 -2.23133750E-01 +0.00000000E+00
 +4.90771125E-01 -2.32362625E-01 +0.00000000E+00 +4.90771125E-01 -2.04676000E-01 +0.00000000E+00
 +4.81542250E-01 -2.13904875E-01 +0.00000000E+00 +4.90771125E-01 -2.13904875E-01 +0.00000000E+00
 +8.04552875E-01 -7.95324000E-01 +0.00000000E+00 +8.13781750E-01 -7.86095125E-01 +0.00000000E+00
 +8.04552875E-01 -7.76866250E-01 +0.00000000E+00 +8.04552875E-01 -7.86095125E-01 +0.00000000E+00
 +8.13781750E-01 -7.67637375E-01 +0.00000000E+00 +8.04552875E-01 -7.58408500E-01 +0.00000000E+00
 +8.04552875E-01 -7.67637375E-01 +0.00000000E+00 +2.00061563E-01 -7.95324000E-01 +0.00000000E+00
 +2.04676000E-01 -7.90709562E-01 +0.00000000E+00 +2.00061563E-01 -7.86095125E-01 +0.00000000E+00
 +1.95447125E-01 -7.90709562E-01 +0.00000000E+00 +2.00061563E-01 -7.90709562E-01 +0.00000000E+00
 +2.04676000E-01 -7.81480687E-01 +0.00000000E+00 +2.00061563E-01 -7.76866250E-01 +0.00000000E+00
 +1.95447125E-01 -7.81480687E-01 +0.00000000E+00 +2.00061563E-01 -7.81480687E-01 +0.00000000E+00
 +2.04676000E-01 -7.72251812E-01 +0.00000000E+00 +2.00061563E-01 -7.67637375E-01 +0.00000000E+00
 +1.95447125E-01 -7.72251812E-01 +0.00000000E+00 +2.00061563E-01 -7.72251812E-01 +0.00000000E+00
 +2.09290438E-01 -7.95324000E-01 +0.00000000E+00 +2.13904875E-01 -7.90709562E-01 +0.00000000E+00
 +2.09290438E-01 -7.86095125E-01 +0.00000000E+00 +2.09290438E-01 -7.90709562E-01 +0.00000000E+00
 +2.18519313E-01 -7.95324000E-01 +0.00000000E+00 +2.23133750E-01 -7.90709562E-01 +0.00000000E+00
 +2.18519313E-01 -7.86095125E-01 +0.00000000E+00 +2.18519313E-01 -7.90709562E-01 +0.00000000E+00
 +2.27748188E-01 -7.95324000E-01 +0.00000000E+00 +2.32362625E-01 -7.90709562E-01 +0.00000000E+00
 +2.27748188E-01 -7.86095125E-01 +0.00000000E+00 +2.27748188E-01 -7.90709562E-01 +0.00000000E+00
 +2.36977063E-01 -7.95324000E-01 +0.00000000E+00 +2.41591500E-01 -7.90709562E-01 +0.00000000E+00
 +2.36977063E-01 -7.86095125E-01 +0.00000000E+00 +2.36977063E-01 -7.90709562E-01 +0.00000000E+00
 +2.27748188E-01 -7.76866250E-01 +0.00000000E+00 +2.32362625E-01 -7.72251812E-01 +0.00000000E+00
 +2.27748188E-01 -7.67637375E-01 +0.00000000E+00 +2.23133750E-01 -7.72251812E-01 +0.00000000E+00
 +2.27748188E-01 -7.72251812E-01 +0.00000000E+00 +2.36977063E-01 -7.67637375E-01 +0.00000000E+00
 +2.41591500E-01 -7.63022937E-01 +0.00000000E+00 +2.36977063E-01 -7.58408500E-01 +0.00000000E+00
 +2.32362625E-01 -7.63022937E-01 +0.00000000E+00 +2.36977063E-01 -7.63022937E-01 +0.00000000E+00
 +2.27748188E-01 -7.58408500E-01 +0.00000000E+00 +2.23133750E-01 -7.63022937E-01 +0.00000000E+00
 +2.27748188E-01 -7.63022937E-01 +0.00000000E+00 +2.09290438E-01 -7.76866250E-01 +0.00000000E+00
 +2.13904875E-01 -7.72251812E-01 +0.00000000E+00 +2.09290438E-01 -7.67637375E-01 +0.00000000E+00
 +2.09290438E-01 -7.72251812E-01 +0.00000000E+00 +2.18519313E-01 -7.76866250E-01 +0.00000000E+00
 +2.18519313E-01 -7.67637375E-01 +0.00000000E+00 +2.18519313E-01 -7.72251812E-01 +0.00000000E+00
 +2.46205937E-01 -7.95324000E-01 +0.00000000E+00 +2.50820375E-01 -7.90709562E-01 +0.00000000E+00
 +2.46205937E-01 -7.86095125E-01 +0.00000000E+00 +2.46205937E-01 -7.90709562E-01 +0.00000000E+00
 +2.55434812E-01 -7.95324000E-01 +0.00000000E+00 +2.60049250E-01 -7.90709562E-01 +0.00000000E+00
 +2.55434812E-01 -7.86095125E-01 +0.00000000E+00 +2.55434812E-01 -7.90709562E-01 +0.00000000E+00
 +2.64663688E-01 -7.95324000E-01 +0.00000000E+00 +2.69278125E-01 -7.90709562E-01 +0.00000000E+00
 +2.64663688E-01 -7.86095125E-01 +0.00000000E+00 +2.64663688E-01 -7.90709562E-01 +0.00000000E+00
 +2.73892563E-01 -7.95324000E-01 +0.00000000E+00 +2.78507000E-01 -7.90709562E-01 +0.00000000E+00
 +2.73892563E-01 -7.86095125E-01 +0.00000000E+00 +2.73892563E-01 -7.90709562E-01 +0.00000000E+00
 +2.46205937E-01 -7.67637375E-01 +0.00000000E+00 +2.50820375E-01 -7.63022937E-01 +0.00000000E+00
 +2.46205937E-01 -7.58408500E-01 +0.00000000E+00 +2.46205937E-01 -7.63022937E-01 +0.00000000E+00
 +2.50820375E-01 -7.53794062E-01 +0.00000000E+00 +2.46205937E-01 -7.49179625E-01 +0.00000000E+00
 +2.41591500E-01 -7.53794062E-01 +0.00000000E+00 +2.46205937E-01 -7.53794062E-01 +0.00000000E+00
 +2.55434812E-01 -7.49179625E-01 +0.00000000E+00 +2.60049250E-01 -7.44565188E-01 +0.00000000E+00
 +2.55434812E-01 -7.39950750E-01 +0.00000000E+00 +2.50820375E-01 -7.44565188E-01 +0.00000000E+00
 +2.55434812E-01 -7.44565188E-01 +0.00000000E+00 +2.46205937E-01 -7.39950750E-01 +0.00000000E+00
 +2.41591500E-01 -7.44565188E-01 +0.00000000E+00 +2.46205937E-01 -7.44565188E-01 +0.00000000E+00
 +2.64663688E-01 -7.39950750E-01 +0.00000000E+00 +2.69278125E-01 -7.35336312E-01 +0.00000000E+00
 +2.64663688E-01 -7.30721875E-01 +0.00000000E+00 +2.60049250E-01 -7.35336312E-01 +0.00000000E+00
 +2.64663688E-01 -7.35336312E-01 +0.00000000E+00 +2.69278125E-01 -7.26107437E-01 +0.00000000E+00
 +2.64663688E-01 -7.21493000E-01 +0.00000000E+00 +2.60049250E-01 -7.26107437E-01 +0.00000000E+00
 +2.64663688E-01 -7.26107437E-01 +0.00000000E+00 +2.55434812E-01 -7.30721875E-01 +0.00000000E+00
 +2.50820375E-01 -7.35336312E-01 +0.00000000E+00 +2.55434812E-01 -7.35336312E-01 +0.00000000E+00
 +2.83121437E-01 -7.95324000E-01 +0.00000000E+00 +2.87735875E-01 -7.90709562E-01 +0.00000000E+00
 +2.83121437E-01 -7.86095125E-01 +0.00000000E+00 +2.83121437E-01 -7.90709562E-01 +0.00000000E+00
 +2.92350312E-01 -7.95324000E-01 +0.00000000E+00 +2.96964750E-01 -7.90709562E-01 +0.00000000E+00
 +2.92350312E-01 -7.86095125E-01 +0.00000000E+00 +2.92350312E-01 -7.90709562E-01 +0.00000000E+00
 +3.01579188E-01 -7.95324000E-01 +0.00000000E+00 +3.06193625E-01 -7.90709562E-01 +0.00000000E+00
 +3.01579188E-01 -7.86095125E-01 +0.00000000E+00 +3.01579188E-01 -7.90709562E-01 +0.00000000E+00
 +3.10808063E-01 -7.95324000E-01 +0.00000000E+00 +3.15422500E-01 -7.90709562E-01 +0.00000000E+00
 +3.10808063E-01 -7.86095125E-01 +0.00000000E+00 +3.10808063E-01 -7.90709562E-01 +0.00000000E+00
 +3.20036937E-01 -7.95324000E-01 +0.00000000E+00 +3.24651375E-01 -7.90709562E-01 +0.00000000E+00
 +3.20036937E-01 -7.86095125E-01 +0.00000000E+00 +3.20036937E-01 -7.90709562E-01 +0.00000000E+00
 +3.29265812E-01 -7.95324000E-01 +0.00000000E+00 +3.33880250E-01 -7.90709562E-01 +0.00000000E+00
 +3.29265812E-01 -7.86095125E-01 +0.00000000E+00 +3.29265812E-01 -7.90709562E-01 +0.00000000E+00
 +3.38494688E-01 -7.95324000E-01 +0.00000000E+00 +3.43109125E-01 -7.90709562E-01 +0.00000000E+00
 +3.38494688E-01 -7.86095125E-01 +0.00000000E+00 +3.38494688E-01 -7.90709562E-01 +0.00000000E+00
 +3.47723563E-01 -7.95324000E-01 +0.00000000E+00 +3.52338000E-01 -7.90709562E-01 +0.00000000E+00
 +3.47723563E-01 -7.86095125E-01 +0.00000000E+00 +3.47723563E-01 -7.90709562E-01 +0.00000000E+00
 +3.38494688E-01 -7.76866250E-01 +0.00000000E+00 +3.43109125E-01 -7.72251812E-01 +0.00000000E+00
 +3.38494688E-01 -7.67637375E-01 +0.00000000E+00 +3.33880250E-01 -7.72251812E-01 +0.00000000E+00
 +3.38494688E-01 -7.72251812E-01 +0.00000000E+00 +3.47723563E-01 -7.76866250E-01 +0.00000000E+00
 +3.52338000E-01 -7.72251812E-01 +0.00000000E+00 +3.47723563E-01 -7.67637375E-01 +0.00000000E+00
 +3.47723563E-01 -7.72251812E-01 +0.00000000E+00 +3.29265812E-01 -7.76866250E-01 +0.00000000E+00
 +3.29265812E-01 -7.67637375E-01 +0.00000000E+00 +3.24651375E-01 -7.72251812E-01 +0.00000000E+00
 +3.29265812E-01 -7.72251812E-01 +0.00000000E+00 +3.33880250E-01 -7.63022937E-01 +0.00000000E+00
 +3.29265812E-01 -7.58408500E-01 +0.00000000E+00 +3.24651375E-01 -7.63022937E-01 +0.00000000E+00
 +3.29265812E-01 -7.63022937E-01 +0.00000000E+00 +3.20036937E-01 -7.67637375E-01 +0.00000000E+00
 +3.20036937E-01 -7.58408500E-01 +0.00000000E+00 +3.15422500E-01 -7.63022937E-01 +0.00000000E+00
 +3.20036937E-01 -7.63022937E-01 +0.00000000E+00 +3.24651375E-01 -7.53794062E-01 +0.00000000E+00
 +3.20036937E-01 -7.49179625E-01 +0.00000000E+00 +3.15422500E-01 -7.53794062E-01 +0.00000000E+00
 +3.20036937E-01 -7.53794062E-01 +0.00000000E+00 +3.20036937E-01 -7.30721875E-01 +0.00000000E+00
 +3.24651375E-01 -7.26107437E-01 +0.00000000E+00 +3.20036937E-01 -7.21493000E-01 +0.00000000E+00
 +3.15422500E-01 -7.26107437E-01 +0.00000000E+00 +3.20036937E-01 -7.26107437E-01 +0.00000000E+00
 +3.10808063E-01 -7.58408500E-01 +0.00000000E+00 +3.10808063E-01 -7.49179625E-01 +0.00000000E+00
 +3.06193625E-01 -7.53794062E-01 +0.00000000E+00 +3.10808063E-01 -7.53794062E-01 +0.00000000E+00
 +3.15422500E-01 -7.44565188E-01 +0.00000000E+00 +3.10808063E-01 -7.39950750E-01 +0.00000000E+00
 +3.06193625E-01 -7.44565188E-01 +0.00000000E+00 +3.10808063E-01 -7.44565188E-01 +0.00000000E+00
 +3.15422500E-01 -7.35336312E-01 +0.00000000E+00 +3.10808063E-01 -7.30721875E-01 +0.00000000E+00
 +3.06193625E-01 -7.35336312E-01 +0.00000000E+00 +3.10808063E-01 -7.35336312E-01 +0.00000000E+00
 +3.10808063E-01 -7.21493000E-01 +0.00000000E+00 +3.06193625E-01 -7.26107437E-01 +0.00000000E+00
 +3.10808063E-01 -7.26107437E-01 +0.00000000E+00 +2.83121437E-01 -7.03035250E-01 +0.00000000E+00
 +2.87735875E-01 -6.98420812E-01 +0.00000000E+00 +2.83121437E-01 -6.93806375E-01 +0.00000000E+00
 +2.78507000E-01 -6.98420812E-01 +0.00000000E+00 +2.83121437E-01 -6.98420812E-01 +0.00000000E+00
 +2.87735875E-01 -6.89191937E-01 +0.00000000E+00 +2.83121437E-01 -6.84577500E-01 +0.00000000E+00
 +2.78507000E-01 -6.89191937E-01 +0.00000000E+00 +2.83121437E-01 -6.89191937E-01 +0.00000000E+00
 +3.24651375E-01 -7.16878562E-01 +0.00000000E+00 +3.20036937E-01 -7.12264125E-01 +0.00000000E+00
 +3.15422500E-01 -7.16878562E-01 +0.00000000E+00 +3.20036937E-01 -7.16878562E-01 +0.00000000E+00
 +3.24651375E-01 -7.07649687E-01 +0.00000000E+00 +3.20036937E-01 -7.03035250E-01 +0.00000000E+00
 +3.15422500E-01 -7.07649687E-01 +0.00000000E+00 +3.20036937E-01 -7.07649687E-01 +0.00000000E+00
 +3.24651375E-01 -6.98420812E-01 +0.00000000E+00 +3.20036937E-01 -6.93806375E-01 +0.00000000E+00
 +3.15422500E-01 -6.98420812E-01 +0.00000000E+00 +3.20036937E-01 -6.98420812E-01 +0.00000000E+00
 +3.29265812E-01 -6.93806375E-01 +0.00000000E+00 +3.33880250E-01 -6.89191937E-01 +0.00000000E+00
 +3.29265812E-01 -6.84577500E-01 +0.00000000E+00 +3.24651375E-01 -6.89191937E-01 +0.00000000E+00
 +3.29265812E-01 -6.89191937E-01 +0.00000000E+00 +3.20036937E-01 -6.84577500E-01 +0.00000000E+00
 +3.15422500E-01 -6.89191937E-01 +0.00000000E+00 +3.20036937E-01 -6.89191937E-01 +0.00000000E+00
 +3.33880250E-01 -6.79963062E-01 +0.00000000E+00 +3.29265812E-01 -6.75348625E-01 +0.00000000E+00
 +3.24651375E-01 -6.79963062E-01 +0.00000000E+00 +3.29265812E-01 -6.79963062E-01 +0.00000000E+00
 +3.33880250E-01 -6.70734188E-01 +0.00000000E+00 +3.29265812E-01 -6.66119750E-01 +0.00000000E+00
 +3.24651375E-01 -6.70734188E-01 +0.00000000E+00 +3.29265812E-01 -6.70734188E-01 +0.00000000E+00
 +3.38494688E-01 -6.75348625E-01 +0.00000000E+00 +3.43109125E-01 -6.70734188E-01 +0.00000000E+00
 +3.38494688E-01 -6.66119750E-01 +0.00000000E+00 +3.38494688E-01 -6.70734188E-01 +0.00000000E+00
 +3.43109125E-01 -6.61505312E-01 +0.00000000E+00 +3.38494688E-01 -6.56890875E-01 +0.00000000E+00
 +3.33880250E-01 -6.61505312E-01 +0.00000000E+00 +3.38494688E-01 -6.61505312E-01 +0.00000000E+00
 +3.47723563E-01 -6.56890875E-01 +0.00000000E+00 +3.52338000E-01 -6.52276437E-01 +0.00000000E+00
 +3.47723563E-01 -6.47662000E-01 +0.00000000E+00 +3.43109125E-01 -6.52276437E-01 +0.00000000E+00
 +3.47723563E-01 -6.52276437E-01 +0.00000000E+00 +3.38494688E-01 -6.47662000E-01 +0.00000000E+00
 +3.33880250E-01 -6.52276437E-01 +0.00000000E+00 +3.38494688E-01 -6.52276437E-01 +0.00000000E+00
 +2.87735875E-01 -6.79963062E-01 +0.00000000E+00 +2.83121437E-01 -6.75348625E-01 +0.00000000E+00
 +2.78507000E-01 -6.79963062E-01 +0.00000000E+00 +2.83121437E-01 -6.79963062E-01 +0.00000000E+00
 +2.92350312E-01 -6.84577500E-01 +0.00000000E+00 +2.96964750E-01 -6.79963062E-01 +0.00000000E+00
 +2.92350312E-01 -6.75348625E-01 +0.00000000E+00 +2.92350312E-01 -6.79963062E-01 +0.00000000E+00
 +2.96964750E-01 -6.70734188E-01 +0.00000000E+00 +2.92350312E-01 -6.66119750E-01 +0.00000000E+00
 +2.87735875E-01 -6.70734188E-01 +0.00000000E+00 +2.92350312E-01 -6.70734188E-01 +0.00000000E+00
 +3.01579188E-01 -6.56890875E-01 +0.00000000E+00 +3.06193625E-01 -6.52276437E-01 +0.00000000E+00
 +3.01579188E-01 -6.47662000E-01 +0.00000000E+00 +2.96964750E-01 -6.52276437E-01 +0.00000000E+00
 +3.01579188E-01 -6.52276437E-01 +0.00000000E+00 +2.96964750E-01 -6.61505312E-01 +0.00000000E+00
 +2.92350312E-01 -6.56890875E-01 +0.00000000E+00 +2.87735875E-01 -6.61505312E-01 +0.00000000E+00
 +2.92350312E-01 -6.61505312E-01 +0.00000000E+00 +2.92350312E-01 -6.47662000E-01 +0.00000000E+00
 +2.87735875E-01 -6.52276437E-01 +0.00000000E+00 +2.92350312E-01 -6.52276437E-01 +0.00000000E+00
 +2.69278125E-01 -7.16878562E-01 +0.00000000E+00 +2.64663688E-01 -7.12264125E-01 +0.00000000E+00
 +2.60049250E-01 -7.16878562E-01 +0.00000000E+00 +2.64663688E-01 -7.16878562E-01 +0.00000000E+00
 +2.73892563E-01 -7.21493000E-01 +0.00000000E+00 +2.78507000E-01 -7.16878562E-01 +0.00000000E+00
 +2.73892563E-01 -7.12264125E-01 +0.00000000E+00 +2.73892563E-01 -7.16878562E-01 +0.00000000E+00
 +2.78507000E-01 -7.07649687E-01 +0.00000000E+00 +2.73892563E-01 -7.03035250E-01 +0.00000000E+00
 +2.69278125E-01 -7.07649687E-01 +0.00000000E+00 +2.73892563E-01 -7.07649687E-01 +0.00000000E+00
 +2.73892563E-01 -6.93806375E-01 +0.00000000E+00 +2.69278125E-01 -6.98420812E-01 +0.00000000E+00
 +2.73892563E-01 -6.98420812E-01 +0.00000000E+00 +3.56952437E-01 -7.95324000E-01 +0.00000000E+00
 +3.61566875E-01 -7.90709562E-01 +0.00000000E+00 +3.56952437E-01 -7.86095125E-01 +0.00000000E+00
 +3.56952437E-01 -7.90709562E-01 +0.00000000E+00 +3.66181312E-01 -7.95324000E-01 +0.00000000E+00
 +3.70795750E-01 -7.90709562E-01 +0.00000000E+00 +3.66181312E-01 -7.86095125E-01 +0.00000000E+00
 +3.66181312E-01 -7.90709562E-01 +0.00000000E+00 +3.75410187E-01 -7.95324000E-01 +0.00000000E+00
 +3.80024625E-01 -7.90709562E-01 +0.00000000E+00 +3.75410187E-01 -7.86095125E-01 +0.00000000E+00
 +3.75410187E-01 -7.90709562E-01 +0.00000000E+00 +3.80024625E-01 -7.81480687E-01 +0.00000000E+00
 +3.75410187E-01 -7.76866250E-01 +0.00000000E+00 +3.70795750E-01 -7.81480687E-01 +0.00000000E+00
 +3.75410187E-01 -7.81480687E-01 +0.00000000E+00 +3.80024625E-01 -7.72251812E-01 +0.00000000E+00
 +3.75410187E-01 -7.67637375E-01 +0.00000000E+00 +3.70795750E-01 -7.72251812E-01 +0.00000000E+00
 +3.75410187E-01 -7.72251812E-01 +0.00000000E+00 +3.56952437E-01 -7.76866250E-01 +0.00000000E+00
 +3.61566875E-01 -7.72251812E-01 +0.00000000E+00 +3.56952437E-01 -7.67637375E-01 +0.00000000E+00
 +3.56952437E-01 -7.72251812E-01 +0.00000000E+00 +3.66181312E-01 -7.76866250E-01 +0.00000000E+00
 +3.66181312E-01 -7.67637375E-01 +0.00000000E+00 +3.66181312E-01 -7.72251812E-01 +0.00000000E+00
 +3.56952437E-01 -6.29204250E-01 +0.00000000E+00 +3.61566875E-01 -6.24589812E-01 +0.00000000E+00
 +3.56952437E-01 -6.19975375E-01 +0.00000000E+00 +3.52338000E-01 -6.24589812E-01 +0.00000000E+00
 +3.56952437E-01 -6.24589812E-01 +0.00000000E+00 +3.61566875E-01 -6.15360937E-01 +0.00000000E+00
 +3.56952437E-01 -6.10746500E-01 +0.00000000E+00 +3.52338000E-01 -6.15360937E-01 +0.00000000E+00
 +3.56952437E-01 -6.15360937E-01 +0.00000000E+00 +3.93867937E-01 -6.10746500E-01 +0.00000000E+00
 +3.98482375E-01 -6.06132062E-01 +0.00000000E+00 +3.93867937E-01 -6.01517625E-01 +0.00000000E+00
 +3.89253500E-01 -6.06132062E-01 +0.00000000E+00 +3.93867937E-01 -6.06132062E-01 +0.00000000E+00
 +4.03096812E-01 -6.10746500E-01 +0.00000000E+00 +4.07711250E-01 -6.06132062E-01 +0.00000000E+00
 +4.03096812E-01 -6.01517625E-01 +0.00000000E+00 +4.03096812E-01 -6.06132062E-01 +0.00000000E+00
 +4.12325687E-01 -6.10746500E-01 +0.00000000E+00 +4.16940125E-01 -6.06132062E-01 +0.00000000E+00
 +4.12325687E-01 -6.01517625E-01 +0.00000000E+00 +4.12325687E-01 -6.06132062E-01 +0.00000000E+00
 +4.21554563E-01 -6.10746500E-01 +0.00000000E+00 +4.26169000E-01 -6.06132062E-01 +0.00000000E+00
 +4.21554563E-01 -6.01517625E-01 +0.00000000E+00 +4.21554563E-01 -6.06132062E-01 +0.00000000E+00
 +3.61566875E-01 -6.06132062E-01 +0.00000000E+00 +3.56952437E-01 -6.01517625E-01 +0.00000000E+00
 +3.52338000E-01 -6.06132062E-01 +0.00000000E+00 +3.56952437E-01 -6.06132062E-01 +0.00000000E+00
 +3.66181312E-01 -6.10746500E-01 +0.00000000E+00 +3.70795750E-01 -6.06132062E-01 +0.00000000E+00
 +3.66181312E-01 -6.01517625E-01 +0.00000000E+00 +3.66181312E-01 -6.06132062E-01 +0.00000000E+00
 +3.75410187E-01 -6.10746500E-01 +0.00000000E+00 +3.80024625E-01 -6.06132062E-01 +0.00000000E+00
 +3.75410187E-01 -6.01517625E-01 +0.00000000E+00 +3.75410187E-01 -6.06132062E-01 +0.00000000E+00
 +3.84639063E-01 -6.10746500E-01 +0.00000000E+00 +3.84639063E-01 -6.01517625E-01 +0.00000000E+00
 +3.84639063E-01 -6.06132062E-01 +0.00000000E+00 +4.67698937E-01 -6.10746500E-01 +0.00000000E+00
 +4.72313375E-01 -6.06132062E-01 +0.00000000E+00 +4.67698937E-01 -6.01517625E-01 +0.00000000E+00
 +4.63084500E-01 -6.06132062E-01 +0.00000000E+00 +4.67698937E-01 -6.06132062E-01 +0.00000000E+00
 +4.76927812E-01 -6.10746500E-01 +0.00000000E+00 +4.81542250E-01 -6.06132062E-01 +0.00000000E+00
 +4.76927812E-01 -6.01517625E-01 +0.00000000E+00 +4.76927812E-01 -6.06132062E-01 +0.00000000E+00
 +4.86156687E-01 -6.10746500E-01 +0.00000000E+00 +4.90771125E-01 -6.06132062E-01 +0.00000000E+00
 +4.86156687E-01 -6.01517625E-01 +0.00000000E+00 +4.86156687E-01 -6.06132062E-01 +0.00000000E+00
 +4.95385562E-01 -6.10746500E-01 +0.00000000E+00 +5.00000000E-01 -6.06132062E-01 +0.00000000E+00
 +4.95385562E-01 -6.01517625E-01 +0.00000000E+00 +4.95385562E-01 -6.06132062E-01 +0.00000000E+00
 +4.30783437E-01 -6.10746500E-01 +0.00000000E+00 +4.35397875E-01 -6.06132062E-01 +0.00000000E+00
 +4.30783437E-01 -6.01517625E-01 +0.00000000E+00 +4.30783437E-01 -6.06132062E-01 +0.00000000E+00
 +4.40012312E-01 -6.10746500E-01 +0.00000000E+00 +4.44626750E-01 -6.06132062E-01 +0.00000000E+00
 +4.40012312E-01 -6.01517625E-01 +0.00000000E+00 +4.40012312E-01 -6.06132062E-01 +0.00000000E+00
 +4.49241187E-01 -6.10746500E-01 +0.00000000E+00 +4.53855625E-01 -6.06132062E-01 +0.00000000E+00
 +4.49241187E-01 -6.01517625E-01 +0.00000000E+00 +4.49241187E-01 -6.06132062E-01 +0.00000000E+00
 +4.58470062E-01 -6.10746500E-01 +0.00000000E+00 +4.58470062E-01 -6.01517625E-01 +0.00000000E+00
 +4.58470062E-01 -6.06132062E-01 +0.00000000E+00 +4.30783437E-01 -5.73831000E-01 +0.00000000E+00
 +4.35397875E-01 -5.69216562E-01 +0.00000000E+00 +4.30783437E-01 -5.64602125E-01 +0.00000000E+00
 +4.26169000E-01 -5.69216562E-01 +0.00000000E+00 +4.30783437E-01 -5.69216562E-01 +0.00000000E+00
 +4.40012312E-01 -5.73831000E-01 +0.00000000E+00 +4.44626750E-01 -5.69216562E-01 +0.00000000E+00
 +4.40012312E-01 -5.64602125E-01 +0.00000000E+00 +4.40012312E-01 -5.69216562E-01 +0.00000000E+00
 +4.49241187E-01 -5.73831000E-01 +0.00000000E+00 +4.53855625E-01 -5.69216562E-01 +0.00000000E+00
 +4.49241187E-01 -5.64602125E-01 +0.00000000E+00 +4.49241187E-01 -5.69216562E-01 +0.00000000E+00
 +4.58470062E-01 -5.73831000E-01 +0.00000000E+00 +4.63084500E-01 -5.69216562E-01 +0.00000000E+00
 +4.58470062E-01 -5.64602125E-01 +0.00000000E+00 +4.58470062E-01 -5.69216562E-01 +0.00000000E+00
 +4.67698937E-01 -5.73831000E-01 +0.00000000E+00 +4.72313375E-01 -5.69216562E-01 +0.00000000E+00
 +4.67698937E-01 -5.64602125E-01 +0.00000000E+00 +4.67698937E-01 -5.69216562E-01 +0.00000000E+00
 +4.76927812E-01 -5.73831000E-01 +0.00000000E+00 +4.81542250E-01 -5.69216562E-01 +0.00000000E+00
 +4.76927812E-01 -5.64602125E-01 +0.00000000E+00 +4.76927812E-01 -5.69216562E-01 +0.00000000E+00
 +4.86156687E-01 -5.73831000E-01 +0.00000000E+00 +4.90771125E-01 -5.69216562E-01 +0.00000000E+00
 +4.86156687E-01 -5.64602125E-01 +0.00000000E+00 +4.86156687E-01 -5.69216562E-01 +0.00000000E+00
 +4.95385562E-01 -5.73831000E-01 +0.00000000E+00 +5.00000000E-01 -5.69216562E-01 +0.00000000E+00
 +4.95385562E-01 -5.64602125E-01 +0.00000000E+00 +4.95385562E-01 -5.69216562E-01 +0.00000000E+00
 +3.75410187E-01 -5.73831000E-01 +0.00000000E+00 +3.80024625E-01 -5.69216562E-01 +0.00000000E+00
 +3.75410187E-01 -5.64602125E-01 +0.00000000E+00 +3.70795750E-01 -5.69216562E-01 +0.00000000E+00
 +3.75410187E-01 -5.69216562E-01 +0.00000000E+00 +3.84639063E-01 -5.73831000E-01 +0.00000000E+00
 +3.89253500E-01 -5.69216562E-01 +0.00000000E+00 +3.84639063E-01 -5.64602125E-01 +0.00000000E+00
 +3.84639063E-01 -5.69216562E-01 +0.00000000E+00 +3.89253500E-01 -5.59987687E-01 +0.00000000E+00
 +3.84639063E-01 -5.55373250E-01 +0.00000000E+00 +3.80024625E-01 -5.59987687E-01 +0.00000000E+00
 +3.84639063E-01 -5.59987687E-01 +0.00000000E+00 +3.75410187E-01 -5.55373250E-01 +0.00000000E+00
 +3.70795750E-01 -5.59987687E-01 +0.00000000E+00 +3.75410187E-01 -5.59987687E-01 +0.00000000E+00
 +3.89253500E-01 -5.50758812E-01 +0.00000000E+00 +3.84639063E-01 -5.46144375E-01 +0.00000000E+00
 +3.80024625E-01 -5.50758812E-01 +0.00000000E+00 +3.84639063E-01 -5.50758812E-01 +0.00000000E+00
 +3.89253500E-01 -5.41529938E-01 +0.00000000E+00 +3.84639063E-01 -5.36915500E-01 +0.00000000E+00
 +3.80024625E-01 -5.41529938E-01 +0.00000000E+00 +3.84639063E-01 -5.41529938E-01 +0.00000000E+00
 +3.93867937E-01 -5.73831000E-01 +0.00000000E+00 +3.98482375E-01 -5.69216562E-01 +0.00000000E+00
 +3.93867937E-01 -5.64602125E-01 +0.00000000E+00 +3.93867937E-01 -5.69216562E-01 +0.00000000E+00
 +4.03096812E-01 -5.73831000E-01 +0.00000000E+00 +4.07711250E-01 -5.69216562E-01 +0.00000000E+00
 +4.03096812E-01 -5.64602125E-01 +0.00000000E+00 +4.03096812E-01 -5.69216562E-01 +0.00000000E+00
 +4.12325687E-01 -5.73831000E-01 +0.00000000E+00 +4.16940125E-01 -5.69216562E-01 +0.00000000E+00
 +4.12325687E-01 -5.64602125E-01 +0.00000000E+00 +4.12325687E-01 -5.69216562E-01 +0.00000000E+00
 +4.21554563E-01 -5.73831000E-01 +0.00000000E+00 +4.21554563E-01 -5.64602125E-01 +0.00000000E+00
 +4.21554563E-01 -5.69216562E-01 +0.00000000E+00 +3.93867937E-01 -5.36915500E-01 +0.00000000E+00
 +3.98482375E-01 -5.32301062E-01 +0.00000000E+00 +3.93867937E-01 -5.27686625E-01 +0.00000000E+00
 +3.89253500E-01 -5.32301062E-01 +0.00000000E+00 +3.93867937E-01 -5.32301062E-01 +0.00000000E+00
 +3.98482375E-01 -5.23072188E-01 +0.00000000E+00 +3.93867937E-01 -5.18457750E-01 +0.00000000E+00
 +3.89253500E-01 -5.23072188E-01 +0.00000000E+00 +3.93867937E-01 -5.23072188E-01 +0.00000000E+00
 +3.98482375E-01 -5.13843313E-01 +0.00000000E+00 +3.93867937E-01 -5.09228875E-01 +0.00000000E+00
 +3.89253500E-01 -5.13843313E-01 +0.00000000E+00 +3.93867937E-01 -5.13843313E-01 +0.00000000E+00
 +4.03096812E-01 -5.18457750E-01 +0.00000000E+00 +4.07711250E-01 -5.13843313E-01 +0.00000000E+00
 +4.03096812E-01 -5.09228875E-01 +0.00000000E+00 +4.03096812E-01 -5.13843313E-01 +0.00000000E+00
 +4.07711250E-01 -5.04614438E-01 +0.00000000E+00 +4.03096812E-01 -5.00000000E-01 +0.00000000E+00
 +3.98482375E-01 -5.04614438E-01 +0.00000000E+00 +4.03096812E-01 -5.04614438E-01 +0.00000000E+00
 +3.56952437E-01 -5.27686625E-01 +0.00000000E+00 +3.61566875E-01 -5.23072188E-01 +0.00000000E+00
 +3.56952437E-01 -5.18457750E-01 +0.00000000E+00 +3.52338000E-01 -5.23072188E-01 +0.00000000E+00
 +3.56952437E-01 -5.23072188E-01 +0.00000000E+00 +3.84639063E-01 -5.27686625E-01 +0.00000000E+00
 +3.80024625E-01 -5.32301062E-01 +0.00000000E+00 +3.84639063E-01 -5.32301062E-01 +0.00000000E+00
 +3.61566875E-01 -5.13843313E-01 +0.00000000E+00 +3.56952437E-01 -5.09228875E-01 +0.00000000E+00
 +3.52338000E-01 -5.13843313E-01 +0.00000000E+00 +3.56952437E-01 -5.13843313E-01 +0.00000000E+00
 +3.66181312E-01 -5.09228875E-01 +0.00000000E+00 +3.70795750E-01 -5.04614438E-01 +0.00000000E+00
 +3.66181312E-01 -5.00000000E-01 +0.00000000E+00 +3.61566875E-01 -5.04614438E-01 +0.00000000E+00
 +3.66181312E-01 -5.04614438E-01 +0.00000000E+00 +3.56952437E-01 -5.00000000E-01 +0.00000000E+00
 +3.52338000E-01 -5.04614438E-01 +0.00000000E+00 +3.56952437E-01 -5.04614438E-01 +0.00000000E+00
 +3.06193625E-01 -6.43047562E-01 +0.00000000E+00 +3.01579188E-01 -6.38433125E-01 +0.00000000E+00
 +2.96964750E-01 -6.43047562E-01 +0.00000000E+00 +3.01579188E-01 -6.43047562E-01 +0.00000000E+00
 +3.10808063E-01 -6.38433125E-01 +0.00000000E+00 +3.15422500E-01 -6.33818687E-01 +0.00000000E+00
 +3.10808063E-01 -6.29204250E-01 +0.00000000E+00 +3.06193625E-01 -6.33818687E-01 +0.00000000E+00
 +3.10808063E-01 -6.33818687E-01 +0.00000000E+00 +3.01579188E-01 -6.29204250E-01 +0.00000000E+00
 +2.96964750E-01 -6.33818687E-01 +0.00000000E+00 +3.01579188E-01 -6.33818687E-01 +0.00000000E+00
 +3.15422500E-01 -6.24589812E-01 +0.00000000E+00 +3.10808063E-01 -6.19975375E-01 +0.00000000E+00
 +3.06193625E-01 -6.24589812E-01 +0.00000000E+00 +3.10808063E-01 -6.24589812E-01 +0.00000000E+00
 +3.15422500E-01 -6.15360937E-01 +0.00000000E+00 +3.10808063E-01 -6.10746500E-01 +0.00000000E+00
 +3.06193625E-01 -6.15360937E-01 +0.00000000E+00 +3.10808063E-01 -6.15360937E-01 +0.00000000E+00
 +3.52338000E-01 -6.43047562E-01 +0.00000000E+00 +3.47723563E-01 -6.38433125E-01 +0.00000000E+00
 +3.43109125E-01 -6.43047562E-01 +0.00000000E+00 +3.47723563E-01 -6.43047562E-01 +0.00000000E+00
 +3.52338000E-01 -6.33818687E-01 +0.00000000E+00 +3.47723563E-01 -6.29204250E-01 +0.00000000E+00
 +3.43109125E-01 -6.33818687E-01 +0.00000000E+00 +3.47723563E-01 -6.33818687E-01 +0.00000000E+00
 +3.47723563E-01 -6.19975375E-01 +0.00000000E+00 +3.43109125E-01 -6.24589812E-01 +0.00000000E+00
 +3.47723563E-01 -6.24589812E-01 +0.00000000E+00 +3.20036937E-01 -6.19975375E-01 +0.00000000E+00
 +3.24651375E-01 -6.15360937E-01 +0.00000000E+00 +3.20036937E-01 -6.10746500E-01 +0.00000000E+00
 +3.20036937E-01 -6.15360937E-01 +0.00000000E+00 +3.24651375E-01 -6.06132062E-01 +0.00000000E+00
 +3.20036937E-01 -6.01517625E-01 +0.00000000E+00 +3.15422500E-01 -6.06132062E-01 +0.00000000E+00
 +3.20036937E-01 -6.06132062E-01 +0.00000000E+00 +3.24651375E-01 -5.96903188E-01 +0.00000000E+00
 +3.20036937E-01 -5.92288750E-01 +0.00000000E+00 +3.15422500E-01 -5.96903188E-01 +0.00000000E+00
 +3.20036937E-01 -5.96903188E-01 +0.00000000E+00 +3.24651375E-01 -5.87674313E-01 +0.00000000E+00
 +3.20036937E-01 -5.83059875E-01 +0.00000000E+00 +3.15422500E-01 -5.87674313E-01 +0.00000000E+00
 +3.20036937E-01 -5.87674313E-01 +0.00000000E+00 +3.29265812E-01 -5.92288750E-01 +0.00000000E+00
 +3.33880250E-01 -5.87674313E-01 +0.00000000E+00 +3.29265812E-01 -5.83059875E-01 +0.00000000E+00
 +3.29265812E-01 -5.87674313E-01 +0.00000000E+00 +3.33880250E-01 -5.78445437E-01 +0.00000000E+00
 +3.29265812E-01 -5.73831000E-01 +0.00000000E+00 +3.24651375E-01 -5.78445437E-01 +0.00000000E+00
 +3.29265812E-01 -5.78445437E-01 +0.00000000E+00 +3.33880250E-01 -5.69216562E-01 +0.00000000E+00
 +3.29265812E-01 -5.64602125E-01 +0.00000000E+00 +3.24651375E-01 -5.69216562E-01 +0.00000000E+00
 +3.29265812E-01 -5.69216562E-01 +0.00000000E+00 +3.38494688E-01 -5.73831000E-01 +0.00000000E+00
 +3.43109125E-01 -5.69216562E-01 +0.00000000E+00 +3.38494688E-01 -5.64602125E-01 +0.00000000E+00
 +3.38494688E-01 -5.69216562E-01 +0.00000000E+00 +3.43109125E-01 -5.59987687E-01 +0.00000000E+00
 +3.38494688E-01 -5.55373250E-01 +0.00000000E+00 +3.33880250E-01 -5.59987687E-01 +0.00000000E+00
 +3.38494688E-01 -5.59987687E-01 +0.00000000E+00 +3.43109125E-01 -5.50758812E-01 +0.00000000E+00
 +3.38494688E-01 -5.46144375E-01 +0.00000000E+00 +3.33880250E-01 -5.50758812E-01 +0.00000000E+00
 +3.38494688E-01 -5.50758812E-01 +0.00000000E+00 +3.47723563E-01 -5.55373250E-01 +0.00000000E+00
 +3.52338000E-01 -5.50758812E-01 +0.00000000E+00 +3.47723563E-01 -5.46144375E-01 +0.00000000E+00
 +3.47723563E-01 -5.50758812E-01 +0.00000000E+00 +3.52338000E-01 -5.41529938E-01 +0.00000000E+00
 +3.47723563E-01 -5.36915500E-01 +0.00000000E+00 +3.43109125E-01 -5.41529938E-01 +0.00000000E+00
 +3.47723563E-01 -5.41529938E-01 +0.00000000E+00 +3.52338000E-01 -5.32301062E-01 +0.00000000E+00
 +3.47723563E-01 -5.27686625E-01 +0.00000000E+00 +3.43109125E-01 -5.32301062E-01 +0.00000000E+00
 +3.47723563E-01 -5.32301062E-01 +0.00000000E+00 +3.47723563E-01 -5.18457750E-01 +0.00000000E+00
 +3.43109125E-01 -5.23072188E-01 +0.00000000E+00 +3.47723563E-01 -5.23072188E-01 +0.00000000E+00
 +5.78445437E-01 -7.95324000E-01 +0.00000000E+00 +5.83059875E-01 -7.90709562E-01 +0.00000000E+00
 +5.78445437E-01 -7.86095125E-01 +0.00000000E+00 +5.73831000E-01 -7.90709562E-01 +0.00000000E+00
 +5.78445437E-01 -7.90709562E-01 +0.00000000E+00 +5.87674313E-01 -7.95324000E-01 +0.00000000E+00
 +5.92288750E-01 -7.90709562E-01 +0.00000000E+00 +5.87674313E-01 -7.86095125E-01 +0.00000000E+00
 +5.87674313E-01 -7.90709562E-01 +0.00000000E+00 +5.83059875E-01 -7.81480687E-01 +0.00000000E+00
 +5.78445437E-01 -7.76866250E-01 +0.00000000E+00 +5.73831000E-01 -7.81480687E-01 +0.00000000E+00
 +5.78445437E-01 -7.81480687E-01 +0.00000000E+00 +5.96903188E-01 -7.95324000E-01 +0.00000000E+00
 +6.01517625E-01 -7.90709562E-01 +0.00000000E+00 +5.96903188E-01 -7.86095125E-01 +0.00000000E+00
 +5.96903188E-01 -7.90709562E-01 +0.00000000E+00 +6.06132062E-01 -7.95324000E-01 +0.00000000E+00
 +6.10746500E-01 -7.90709562E-01 +0.00000000E+00 +6.06132062E-01 -7.86095125E-01 +0.00000000E+00
 +6.06132062E-01 -7.90709562E-01 +0.00000000E+00 +5.96903188E-01 -7.76866250E-01 +0.00000000E+00
 +6.01517625E-01 -7.72251812E-01 +0.00000000E+00 +5.96903188E-01 -7.67637375E-01 +0.00000000E+00
 +5.92288750E-01 -7.72251812E-01 +0.00000000E+00 +5.96903188E-01 -7.72251812E-01 +0.00000000E+00
 +6.06132062E-01 -7.76866250E-01 +0.00000000E+00 +6.10746500E-01 -7.72251812E-01 +0.00000000E+00
 +6.06132062E-01 -7.67637375E-01 +0.00000000E+00 +6.06132062E-01 -7.72251812E-01 +0.00000000E+00
 +5.83059875E-01 -7.72251812E-01 +0.00000000E+00 +5.78445437E-01 -7.67637375E-01 +0.00000000E+00
 +5.73831000E-01 -7.72251812E-01 +0.00000000E+00 +5.78445437E-01 -7.72251812E-01 +0.00000000E+00
 +5.87674313E-01 -7.76866250E-01 +0.00000000E+00 +5.87674313E-01 -7.67637375E-01 +0.00000000E+00
 +5.87674313E-01 -7.72251812E-01 +0.00000000E+00 +6.15360937E-01 -7.95324000E-01 +0.00000000E+00
 +6.19975375E-01 -7.90709562E-01 +0.00000000E+00 +6.15360937E-01 -7.86095125E-01 +0.00000000E+00
 +6.15360937E-01 -7.90709562E-01 +0.00000000E+00 +6.24589812E-01 -7.95324000E-01 +0.00000000E+00
 +6.29204250E-01 -7.90709562E-01 +0.00000000E+00 +6.24589812E-01 -7.86095125E-01 +0.00000000E+00
 +6.24589812E-01 -7.90709562E-01 +0.00000000E+00 +6.33818687E-01 -7.95324000E-01 +0.00000000E+00
 +6.38433125E-01 -7.90709562E-01 +0.00000000E+00 +6.33818687E-01 -7.86095125E-01 +0.00000000E+00
 +6.33818687E-01 -7.90709562E-01 +0.00000000E+00 +6.43047562E-01 -7.95324000E-01 +0.00000000E+00
 +6.47662000E-01 -7.90709562E-01 +0.00000000E+00 +6.43047562E-01 -7.86095125E-01 +0.00000000E+00
 +6.43047562E-01 -7.90709562E-01 +0.00000000E+00 +6.33818687E-01 -7.67637375E-01 +0.00000000E+00
 +6.38433125E-01 -7.63022937E-01 +0.00000000E+00 +6.33818687E-01 -7.58408500E-01 +0.00000000E+00
 +6.29204250E-01 -7.63022937E-01 +0.00000000E+00 +6.33818687E-01 -7.63022937E-01 +0.00000000E+00
 +6.15360937E-01 -7.76866250E-01 +0.00000000E+00 +6.19975375E-01 -7.72251812E-01 +0.00000000E+00
 +6.15360937E-01 -7.67637375E-01 +0.00000000E+00 +6.15360937E-01 -7.72251812E-01 +0.00000000E+00
 +6.24589812E-01 -7.76866250E-01 +0.00000000E+00 +6.29204250E-01 -7.72251812E-01 +0.00000000E+00
 +6.24589812E-01 -7.67637375E-01 +0.00000000E+00 +6.24589812E-01 -7.72251812E-01 +0.00000000E+00
 +6.24589812E-01 -7.58408500E-01 +0.00000000E+00 +6.19975375E-01 -7.63022937E-01 +0.00000000E+00
 +6.24589812E-01 -7.63022937E-01 +0.00000000E+00 +6.38433125E-01 -7.53794062E-01 +0.00000000E+00
 +6.33818687E-01 -7.49179625E-01 +0.00000000E+00 +6.29204250E-01 -7.53794062E-01 +0.00000000E+00
 +6.33818687E-01 -7.53794062E-01 +0.00000000E+00 +6.43047562E-01 -7.49179625E-01 +0.00000000E+00
 +6.47662000E-01 -7.44565188E-01 +0.00000000E+00 +6.43047562E-01 -7.39950750E-01 +0.00000000E+00
 +6.38433125E-01 -7.44565188E-01 +0.00000000E+00 +6.43047562E-01 -7.44565188E-01 +0.00000000E+00
 +6.33818687E-01 -7.39950750E-01 +0.00000000E+00 +6.29204250E-01 -7.44565188E-01 +0.00000000E+00
 +6.33818687E-01 -7.44565188E-01 +0.00000000E+00 +6.38433125E-01 -7.35336312E-01 +0.00000000E+00
 +6.33818687E-01 -7.30721875E-01 +0.00000000E+00 +6.29204250E-01 -7.35336312E-01 +0.00000000E+00
 +6.33818687E-01 -7.35336312E-01 +0.00000000E+00 +6.38433125E-01 -7.26107437E-01 +0.00000000E+00
 +6.33818687E-01 -7.21493000E-01 +0.00000000E+00 +6.29204250E-01 -7.26107437E-01 +0.00000000E+00
 +6.33818687E-01 -7.26107437E-01 +0.00000000E+00 +6.24589812E-01 -7.12264125E-01 +0.00000000E+00
 +6.29204250E-01 -7.07649687E-01 +0.00000000E+00 +6.24589812E-01 -7.03035250E-01 +0.00000000E+00
 +6.19975375E-01 -7.07649687E-01 +0.00000000E+00 +6.24589812E-01 -7.07649687E-01 +0.00000000E+00
 +6.38433125E-01 -7.16878562E-01 +0.00000000E+00 +6.33818687E-01 -7.12264125E-01 +0.00000000E+00
 +6.29204250E-01 -7.16878562E-01 +0.00000000E+00 +6.33818687E-01 -7.16878562E-01 +0.00000000E+00
 +6.38433125E-01 -7.07649687E-01 +0.00000000E+00 +6.33818687E-01 -7.03035250E-01 +0.00000000E+00
 +6.33818687E-01 -7.07649687E-01 +0.00000000E+00 +6.29204250E-01 -6.98420812E-01 +0.00000000E+00
 +6.24589812E-01 -6.93806375E-01 +0.00000000E+00 +6.19975375E-01 -6.98420812E-01 +0.00000000E+00
 +6.24589812E-01 -6.98420812E-01 +0.00000000E+00 +6.29204250E-01 -6.89191937E-01 +0.00000000E+00
 +6.24589812E-01 -6.84577500E-01 +0.00000000E+00 +6.19975375E-01 -6.89191937E-01 +0.00000000E+00
 +6.24589812E-01 -6.89191937E-01 +0.00000000E+00 +6.15360937E-01 -6.84577500E-01 +0.00000000E+00
 +6.19975375E-01 -6.79963062E-01 +0.00000000E+00 +6.15360937E-01 -6.75348625E-01 +0.00000000E+00
 +6.10746500E-01 -6.79963062E-01 +0.00000000E+00 +6.15360937E-01 -6.79963062E-01 +0.00000000E+00
 +6.29204250E-01 -6.79963062E-01 +0.00000000E+00 +6.24589812E-01 -6.75348625E-01 +0.00000000E+00
 +6.24589812E-01 -6.79963062E-01 +0.00000000E+00 +6.19975375E-01 -6.70734188E-01 +0.00000000E+00
 +6.15360937E-01 -6.66119750E-01 +0.00000000E+00 +6.10746500E-01 -6.70734188E-01 +0.00000000E+00
 +6.15360937E-01 -6.70734188E-01 +0.00000000E+00 +6.19975375E-01 -6.61505312E-01 +0.00000000E+00
 +6.15360937E-01 -6.56890875E-01 +0.00000000E+00 +6.10746500E-01 -6.61505312E-01 +0.00000000E+00
 +6.15360937E-01 -6.61505312E-01 +0.00000000E+00 +6.06132062E-01 -6.66119750E-01 +0.00000000E+00
 +6.06132062E-01 -6.56890875E-01 +0.00000000E+00 +6.01517625E-01 -6.61505312E-01 +0.00000000E+00
 +6.06132062E-01 -6.61505312E-01 +0.00000000E+00 +6.10746500E-01 -6.52276437E-01 +0.00000000E+00
 +6.06132062E-01 -6.47662000E-01 +0.00000000E+00 +6.01517625E-01 -6.52276437E-01 +0.00000000E+00
 +6.06132062E-01 -6.52276437E-01 +0.00000000E+00 +6.52276437E-01 -7.95324000E-01 +0.00000000E+00
 +6.56890875E-01 -7.90709562E-01 +0.00000000E+00 +6.52276437E-01 -7.86095125E-01 +0.00000000E+00
 +6.52276437E-01 -7.90709562E-01 +0.00000000E+00 +6.61505312E-01 -7.95324000E-01 +0.00000000E+00
 +6.66119750E-01 -7.90709562E-01 +0.00000000E+00 +6.61505312E-01 -7.86095125E-01 +0.00000000E+00
 +6.61505312E-01 -7.90709562E-01 +0.00000000E+00 +6.70734188E-01 -7.95324000E-01 +0.00000000E+00
 +6.75348625E-01 -7.90709562E-01 +0.00000000E+00 +6.70734188E-01 -7.86095125E-01 +0.00000000E+00
 +6.70734188E-01 -7.90709562E-01 +0.00000000E+00 +6.79963062E-01 -7.95324000E-01 +0.00000000E+00
 +6.84577500E-01 -7.90709562E-01 +0.00000000E+00 +6.79963062E-01 -7.86095125E-01 +0.00000000E+00
 +6.79963062E-01 -7.90709562E-01 +0.00000000E+00 +6.89191937E-01 -7.95324000E-01 +0.00000000E+00
 +6.93806375E-01 -7.90709562E-01 +0.00000000E+00 +6.89191937E-01 -7.86095125E-01 +0.00000000E+00
 +6.89191937E-01 -7.90709562E-01 +0.00000000E+00 +6.98420812E-01 -7.95324000E-01 +0.00000000E+00
 +7.03035250E-01 -7.90709562E-01 +0.00000000E+00 +6.98420812E-01 -7.86095125E-01 +0.00000000E+00
 +6.98420812E-01 -7.90709562E-01 +0.00000000E+00 +7.07649687E-01 -7.95324000E-01 +0.00000000E+00
 +7.12264125E-01 -7.90709562E-01 +0.00000000E+00 +7.07649687E-01 -7.86095125E-01 +0.00000000E+00
 +7.07649687E-01 -7.90709562E-01 +0.00000000E+00 +7.16878562E-01 -7.95324000E-01 +0.00000000E+00
 +7.21493000E-01 -7.90709562E-01 +0.00000000E+00 +7.16878562E-01 -7.86095125E-01 +0.00000000E+00
 +7.16878562E-01 -7.90709562E-01 +0.00000000E+00 +7.26107437E-01 -7.95324000E-01 +0.00000000E+00
 +7.30721875E-01 -7.90709562E-01 +0.00000000E+00 +7.26107437E-01 -7.86095125E-01 +0.00000000E+00
 +7.26107437E-01 -7.90709562E-01 +0.00000000E+00 +7.35336312E-01 -7.95324000E-01 +0.00000000E+00
 +7.39950750E-01 -7.90709562E-01 +0.00000000E+00 +7.35336312E-01 -7.86095125E-01 +0.00000000E+00
 +7.35336312E-01 -7.90709562E-01 +0.00000000E+00 +7.44565188E-01 -7.95324000E-01 +0.00000000E+00
 +7.49179625E-01 -7.90709562E-01 +0.00000000E+00 +7.44565188E-01 -7.86095125E-01 +0.00000000E+00
 +7.44565188E-01 -7.90709562E-01 +0.00000000E+00 +7.53794062E-01 -7.95324000E-01 +0.00000000E+00
 +7.58408500E-01 -7.90709562E-01 +0.00000000E+00 +7.53794062E-01 -7.86095125E-01 +0.00000000E+00
 +7.53794062E-01 -7.90709562E-01 +0.00000000E+00 +7.53794062E-01 -7.67637375E-01 +0.00000000E+00
 +7.58408500E-01 -7.63022937E-01 +0.00000000E+00 +7.53794062E-01 -7.58408500E-01 +0.00000000E+00
 +7.49179625E-01 -7.63022937E-01 +0.00000000E+00 +7.53794062E-01 -7.63022937E-01 +0.00000000E+00
 +7.63022937E-01 -7.95324000E-01 +0.00000000E+00 +7.67637375E-01 -7.90709562E-01 +0.00000000E+00
 +7.63022937E-01 -7.86095125E-01 +0.00000000E+00 +7.63022937E-01 -7.90709562E-01 +0.00000000E+00
 +7.72251812E-01 -7.95324000E-01 +0.00000000E+00 +7.76866250E-01 -7.90709562E-01 +0.00000000E+00
 +7.72251812E-01 -7.86095125E-01 +0.00000000E+00 +7.72251812E-01 -7.90709562E-01 +0.00000000E+00
 +7.81480687E-01 -7.95324000E-01 +0.00000000E+00 +7.86095125E-01 -7.90709562E-01 +0.00000000E+00
 +7.81480687E-01 -7.86095125E-01 +0.00000000E+00 +7.81480687E-01 -7.90709562E-01 +0.00000000E+00
 +7.90709562E-01 -7.95324000E-01 +0.00000000E+00 +7.95324000E-01 -7.90709562E-01 +0.00000000E+00
 +7.90709562E-01 -7.86095125E-01 +0.00000000E+00 +7.90709562E-01 -7.90709562E-01 +0.00000000E+00
 +7.81480687E-01 -7.76866250E-01 +0.00000000E+00 +7.86095125E-01 -7.72251812E-01 +0.00000000E+00
 +7.81480687E-01 -7.67637375E-01 +0.00000000E+00 +7.76866250E-01 -7.72251812E-01 +0.00000000E+00
 +7.81480687E-01 -7.72251812E-01 +0.00000000E+00 +7.90709562E-01 -7.76866250E-01 +0.00000000E+00
 +7.95324000E-01 -7.72251812E-01 +0.00000000E+00 +7.90709562E-01 -7.67637375E-01 +0.00000000E+00
 +7.90709562E-01 -7.72251812E-01 +0.00000000E+00 +7.63022937E-01 -7.76866250E-01 +0.00000000E+00
 +7.67637375E-01 -7.72251812E-01 +0.00000000E+00 +7.63022937E-01 -7.67637375E-01 +0.00000000E+00
 +7.58408500E-01 -7.72251812E-01 +0.00000000E+00 +7.63022937E-01 -7.72251812E-01 +0.00000000E+00
 +7.72251812E-01 -7.76866250E-01 +0.00000000E+00 +7.72251812E-01 -7.67637375E-01 +0.00000000E+00
 +7.72251812E-01 -7.72251812E-01 +0.00000000E+00 +7.67637375E-01 -7.63022937E-01 +0.00000000E+00
 +7.63022937E-01 -7.58408500E-01 +0.00000000E+00 +7.63022937E-01 -7.63022937E-01 +0.00000000E+00
 +7.44565188E-01 -7.58408500E-01 +0.00000000E+00 +7.49179625E-01 -7.53794062E-01 +0.00000000E+00
 +7.44565188E-01 -7.49179625E-01 +0.00000000E+00 +7.39950750E-01 -7.53794062E-01 +0.00000000E+00
 +7.44565188E-01 -7.53794062E-01 +0.00000000E+00 +7.58408500E-01 -7.53794062E-01 +0.00000000E+00
 +7.53794062E-01 -7.49179625E-01 +0.00000000E+00 +7.53794062E-01 -7.53794062E-01 +0.00000000E+00
 +7.49179625E-01 -7.44565188E-01 +0.00000000E+00 +7.44565188E-01 -7.39950750E-01 +0.00000000E+00
 +7.39950750E-01 -7.44565188E-01 +0.00000000E+00 +7.44565188E-01 -7.44565188E-01 +0.00000000E+00
 +7.49179625E-01 -7.35336312E-01 +0.00000000E+00 +7.44565188E-01 -7.30721875E-01 +0.00000000E+00
 +7.39950750E-01 -7.35336312E-01 +0.00000000E+00 +7.44565188E-01 -7.35336312E-01 +0.00000000E+00
 +7.35336312E-01 -7.39950750E-01 +0.00000000E+00 +7.35336312E-01 -7.30721875E-01 +0.00000000E+00
 +7.30721875E-01 -7.35336312E-01 +0.00000000E+00 +7.35336312E-01 -7.35336312E-01 +0.00000000E+00
 +7.39950750E-01 -7.26107437E-01 +0.00000000E+00 +7.35336312E-01 -7.21493000E-01 +0.00000000E+00
 +7.30721875E-01 -7.26107437E-01 +0.00000000E+00 +7.35336312E-01 -7.26107437E-01 +0.00000000E+00
 +7.26107437E-01 -7.21493000E-01 +0.00000000E+00 +7.30721875E-01 -7.16878562E-01 +0.00000000E+00
 +7.26107437E-01 -7.12264125E-01 +0.00000000E+00 +7.21493000E-01 -7.16878562E-01 +0.00000000E+00
 +7.26107437E-01 -7.16878562E-01 +0.00000000E+00 +7.39950750E-01 -7.16878562E-01 +0.00000000E+00
 +7.35336312E-01 -7.12264125E-01 +0.00000000E+00 +7.35336312E-01 -7.16878562E-01 +0.00000000E+00
 +7.30721875E-01 -7.07649687E-01 +0.00000000E+00 +7.26107437E-01 -7.03035250E-01 +0.00000000E+00
 +7.21493000E-01 -7.07649687E-01 +0.00000000E+00 +7.26107437E-01 -7.07649687E-01 +0.00000000E+00
 +7.30721875E-01 -6.98420812E-01 +0.00000000E+00 +7.26107437E-01 -6.93806375E-01 +0.00000000E+00
 +7.21493000E-01 -6.98420812E-01 +0.00000000E+00 +7.26107437E-01 -6.98420812E-01 +0.00000000E+00
 +7.16878562E-01 -7.03035250E-01 +0.00000000E+00 +7.16878562E-01 -6.93806375E-01 +0.00000000E+00
 +7.12264125E-01 -6.98420812E-01 +0.00000000E+00 +7.16878562E-01 -6.98420812E-01 +0.00000000E+00
 +7.21493000E-01 -6.89191937E-01 +0.00000000E+00 +7.16878562E-01 -6.84577500E-01 +0.00000000E+00
 +7.12264125E-01 -6.89191937E-01 +0.00000000E+00 +7.16878562E-01 -6.89191937E-01 +0.00000000E+00
 +7.21493000E-01 -6.79963062E-01 +0.00000000E+00 +7.16878562E-01 -6.75348625E-01 +0.00000000E+00
 +7.12264125E-01 -6.79963062E-01 +0.00000000E+00 +7.16878562E-01 -6.79963062E-01 +0.00000000E+00
 +7.21493000E-01 -6.70734188E-01 +0.00000000E+00 +7.16878562E-01 -6.66119750E-01 +0.00000000E+00
 +7.12264125E-01 -6.70734188E-01 +0.00000000E+00 +7.16878562E-01 -6.70734188E-01 +0.00000000E+00
 +7.07649687E-01 -6.75348625E-01 +0.00000000E+00 +7.07649687E-01 -6.66119750E-01 +0.00000000E+00
 +7.03035250E-01 -6.70734188E-01 +0.00000000E+00 +7.07649687E-01 -6.70734188E-01 +0.00000000E+00
 +7.12264125E-01 -6.61505312E-01 +0.00000000E+00 +7.07649687E-01 -6.56890875E-01 +0.00000000E+00
 +7.03035250E-01 -6.61505312E-01 +0.00000000E+00 +7.07649687E-01 -6.61505312E-01 +0.00000000E+00
 +7.12264125E-01 -6.52276437E-01 +0.00000000E+00 +7.07649687E-01 -6.47662000E-01 +0.00000000E+00
 +7.03035250E-01 -6.52276437E-01 +0.00000000E+00 +7.07649687E-01 -6.52276437E-01 +0.00000000E+00
 +6.98420812E-01 -6.56890875E-01 +0.00000000E+00 +6.98420812E-01 -6.47662000E-01 +0.00000000E+00
 +6.93806375E-01 -6.52276437E-01 +0.00000000E+00 +6.98420812E-01 -6.52276437E-01 +0.00000000E+00
 +6.79963062E-01 -6.19975375E-01 +0.00000000E+00 +6.84577500E-01 -6.15360937E-01 +0.00000000E+00
 +6.79963062E-01 -6.10746500E-01 +0.00000000E+00 +6.75348625E-01 -6.15360937E-01 +0.00000000E+00
 +6.79963062E-01 -6.15360937E-01 +0.00000000E+00 +7.03035250E-01 -6.43047562E-01 +0.00000000E+00
 +6.98420812E-01 -6.38433125E-01 +0.00000000E+00 +6.93806375E-01 -6.43047562E-01 +0.00000000E+00
 +6.98420812E-01 -6.43047562E-01 +0.00000000E+00 +7.03035250E-01 -6.33818687E-01 +0.00000000E+00
 +6.98420812E-01 -6.29204250E-01 +0.00000000E+00 +6.93806375E-01 -6.33818687E-01 +0.00000000E+00
 +6.98420812E-01 -6.33818687E-01 +0.00000000E+00 +6.89191937E-01 -6.38433125E-01 +0.00000000E+00
 +6.89191937E-01 -6.29204250E-01 +0.00000000E+00 +6.84577500E-01 -6.33818687E-01 +0.00000000E+00
 +6.89191937E-01 -6.33818687E-01 +0.00000000E+00 +6.93806375E-01 -6.24589812E-01 +0.00000000E+00
 +6.89191937E-01 -6.19975375E-01 +0.00000000E+00 +6.84577500E-01 -6.24589812E-01 +0.00000000E+00
 +6.89191937E-01 -6.24589812E-01 +0.00000000E+00 +6.93806375E-01 -6.15360937E-01 +0.00000000E+00
 +6.89191937E-01 -6.10746500E-01 +0.00000000E+00 +6.89191937E-01 -6.15360937E-01 +0.00000000E+00
 +6.84577500E-01 -6.06132062E-01 +0.00000000E+00 +6.79963062E-01 -6.01517625E-01 +0.00000000E+00
 +6.75348625E-01 -6.06132062E-01 +0.00000000E+00 +6.79963062E-01 -6.06132062E-01 +0.00000000E+00
 +6.84577500E-01 -5.96903188E-01 +0.00000000E+00 +6.79963062E-01 -5.92288750E-01 +0.00000000E+00
 +6.75348625E-01 -5.96903188E-01 +0.00000000E+00 +6.79963062E-01 -5.96903188E-01 +0.00000000E+00
 +6.70734188E-01 -5.92288750E-01 +0.00000000E+00 +6.75348625E-01 -5.87674313E-01 +0.00000000E+00
 +6.70734188E-01 -5.83059875E-01 +0.00000000E+00 +6.66119750E-01 -5.87674313E-01 +0.00000000E+00
 +6.70734188E-01 -5.87674313E-01 +0.00000000E+00 +6.84577500E-01 -5.87674313E-01 +0.00000000E+00
 +6.79963062E-01 -5.83059875E-01 +0.00000000E+00 +6.79963062E-01 -5.87674313E-01 +0.00000000E+00
 +6.75348625E-01 -5.78445437E-01 +0.00000000E+00 +6.70734188E-01 -5.73831000E-01 +0.00000000E+00
 +6.66119750E-01 -5.78445437E-01 +0.00000000E+00 +6.70734188E-01 -5.78445437E-01 +0.00000000E+00
 +6.61505312E-01 -5.73831000E-01 +0.00000000E+00 +6.66119750E-01 -5.69216562E-01 +0.00000000E+00
 +6.61505312E-01 -5.64602125E-01 +0.00000000E+00 +6.56890875E-01 -5.69216562E-01 +0.00000000E+00
 +6.61505312E-01 -5.69216562E-01 +0.00000000E+00 +6.66119750E-01 -5.59987687E-01 +0.00000000E+00
 +6.61505312E-01 -5.55373250E-01 +0.00000000E+00 +6.56890875E-01 -5.59987687E-01 +0.00000000E+00
 +6.61505312E-01 -5.59987687E-01 +0.00000000E+00 +6.75348625E-01 -5.69216562E-01 +0.00000000E+00
 +6.70734188E-01 -5.64602125E-01 +0.00000000E+00 +6.70734188E-01 -5.69216562E-01 +0.00000000E+00
 +6.52276437E-01 -5.55373250E-01 +0.00000000E+00 +6.56890875E-01 -5.50758812E-01 +0.00000000E+00
 +6.52276437E-01 -5.46144375E-01 +0.00000000E+00 +6.47662000E-01 -5.50758812E-01 +0.00000000E+00
 +6.52276437E-01 -5.50758812E-01 +0.00000000E+00 +6.66119750E-01 -5.50758812E-01 +0.00000000E+00
 +6.61505312E-01 -5.46144375E-01 +0.00000000E+00 +6.61505312E-01 -5.50758812E-01 +0.00000000E+00
 +6.56890875E-01 -5.41529938E-01 +0.00000000E+00 +6.52276437E-01 -5.36915500E-01 +0.00000000E+00
 +6.47662000E-01 -5.41529938E-01 +0.00000000E+00 +6.52276437E-01 -5.41529938E-01 +0.00000000E+00
 +6.56890875E-01 -5.32301062E-01 +0.00000000E+00 +6.52276437E-01 -5.27686625E-01 +0.00000000E+00
 +6.47662000E-01 -5.32301062E-01 +0.00000000E+00 +6.52276437E-01 -5.32301062E-01 +0.00000000E+00
 +5.41529938E-01 -6.10746500E-01 +0.00000000E+00 +5.46144375E-01 -6.06132062E-01 +0.00000000E+00
 +5.41529938E-01 -6.01517625E-01 +0.00000000E+00 +5.36915500E-01 -6.06132062E-01 +0.00000000E+00
 +5.41529938E-01 -6.06132062E-01 +0.00000000E+00 +5.50758812E-01 -6.10746500E-01 +0.00000000E+00
 +5.55373250E-01 -6.06132062E-01 +0.00000000E+00 +5.50758812E-01 -6.01517625E-01 +0.00000000E+00
 +5.50758812E-01 -6.06132062E-01 +0.00000000E+00 +5.59987687E-01 -6.10746500E-01 +0.00000000E+00
 +5.64602125E-01 -6.06132062E-01 +0.00000000E+00 +5.59987687E-01 -6.01517625E-01 +0.00000000E+00
 +5.59987687E-01 -6.06132062E-01 +0.00000000E+00 +5.69216562E-01 -6.10746500E-01 +0.00000000E+00
 +5.73831000E-01 -6.06132062E-01 +0.00000000E+00 +5.69216562E-01 -6.01517625E-01 +0.00000000E+00
 +5.69216562E-01 -6.06132062E-01 +0.00000000E+00 +5.04614437E-01 -6.10746500E-01 +0.00000000E+00
 +5.09228875E-01 -6.06132062E-01 +0.00000000E+00 +5.04614437E-01 -6.01517625E-01 +0.00000000E+00
 +5.04614437E-01 -6.06132062E-01 +0.00000000E+00 +5.13843312E-01 -6.10746500E-01 +0.00000000E+00
 +5.18457750E-01 -6.06132062E-01 +0.00000000E+00 +5.13843312E-01 -6.01517625E-01 +0.00000000E+00
 +5.13843312E-01 -6.06132062E-01 +0.00000000E+00 +5.23072187E-01 -6.10746500E-01 +0.00000000E+00
 +5.27686625E-01 -6.06132062E-01 +0.00000000E+00 +5.23072187E-01 -6.01517625E-01 +0.00000000E+00
 +5.23072187E-01 -6.06132062E-01 +0.00000000E+00 +5.32301062E-01 -6.10746500E-01 +0.00000000E+00
 +5.32301062E-01 -6.01517625E-01 +0.00000000E+00 +5.32301062E-01 -6.06132062E-01 +0.00000000E+00
 +5.96903188E-01 -6.47662000E-01 +0.00000000E+00 +6.01517625E-01 -6.43047562E-01 +0.00000000E+00
 +5.96903188E-01 -6.38433125E-01 +0.00000000E+00 +5.92288750E-01 -6.43047562E-01 +0.00000000E+00
 +5.96903188E-01 -6.43047562E-01 +0.00000000E+00 +6.10746500E-01 -6.43047562E-01 +0.00000000E+00
 +6.06132062E-01 -6.38433125E-01 +0.00000000E+00 +6.06132062E-01 -6.43047562E-01 +0.00000000E+00
 +6.01517625E-01 -6.33818687E-01 +0.00000000E+00 +5.96903188E-01 -6.29204250E-01 +0.00000000E+00
 +5.92288750E-01 -6.33818687E-01 +0.00000000E+00 +5.96903188E-01 -6.33818687E-01 +0.00000000E+00
 +6.01517625E-01 -6.24589812E-01 +0.00000000E+00 +5.96903188E-01 -6.19975375E-01 +0.00000000E+00
 +5.92288750E-01 -6.24589812E-01 +0.00000000E+00 +5.96903188E-01 -6.24589812E-01 +0.00000000E+00
 +6.01517625E-01 -6.15360937E-01 +0.00000000E+00 +5.96903188E-01 -6.10746500E-01 +0.00000000E+00
 +5.92288750E-01 -6.15360937E-01 +0.00000000E+00 +5.96903188E-01 -6.15360937E-01 +0.00000000E+00
 +5.87674313E-01 -6.19975375E-01 +0.00000000E+00 +5.87674313E-01 -6.10746500E-01 +0.00000000E+00
 +5.83059875E-01 -6.15360937E-01 +0.00000000E+00 +5.87674313E-01 -6.15360937E-01 +0.00000000E+00
 +5.78445437E-01 -6.10746500E-01 +0.00000000E+00 +5.83059875E-01 -6.06132062E-01 +0.00000000E+00
 +5.78445437E-01 -6.01517625E-01 +0.00000000E+00 +5.78445437E-01 -6.06132062E-01 +0.00000000E+00
 +5.92288750E-01 -6.06132062E-01 +0.00000000E+00 +5.87674313E-01 -6.01517625E-01 +0.00000000E+00
 +5.87674313E-01 -6.06132062E-01 +0.00000000E+00 +5.78445437E-01 -5.73831000E-01 +0.00000000E+00
 +5.83059875E-01 -5.69216562E-01 +0.00000000E+00 +5.78445437E-01 -5.64602125E-01 +0.00000000E+00
 +5.73831000E-01 -5.69216562E-01 +0.00000000E+00 +5.78445437E-01 -5.69216562E-01 +0.00000000E+00
 +6.43047562E-01 -5.36915500E-01 +0.00000000E+00 +6.43047562E-01 -5.27686625E-01 +0.00000000E+00
 +6.38433125E-01 -5.32301062E-01 +0.00000000E+00 +6.43047562E-01 -5.32301062E-01 +0.00000000E+00
 +6.47662000E-01 -5.23072188E-01 +0.00000000E+00 +6.43047562E-01 -5.18457750E-01 +0.00000000E+00
 +6.38433125E-01 -5.23072188E-01 +0.00000000E+00 +6.43047562E-01 -5.23072188E-01 +0.00000000E+00
 +6.47662000E-01 -5.13843313E-01 +0.00000000E+00 +6.43047562E-01 -5.09228875E-01 +0.00000000E+00
 +6.38433125E-01 -5.13843313E-01 +0.00000000E+00 +6.43047562E-01 -5.13843313E-01 +0.00000000E+00
 +6.47662000E-01 -5.04614438E-01 +0.00000000E+00 +6.43047562E-01 -5.00000000E-01 +0.00000000E+00
 +6.38433125E-01 -5.04614438E-01 +0.00000000E+00 +6.43047562E-01 -5.04614438E-01 +0.00000000E+00
 +6.33818687E-01 -5.09228875E-01 +0.00000000E+00 +6.33818687E-01 -5.00000000E-01 +0.00000000E+00
 +6.29204250E-01 -5.04614438E-01 +0.00000000E+00 +6.33818687E-01 -5.04614438E-01 +0.00000000E+00
 +5.04614437E-01 -5.73831000E-01 +0.00000000E+00 +5.09228875E-01 -5.69216562E-01 +0.00000000E+00
 +5.04614437E-01 -5.64602125E-01 +0.00000000E+00 +5.04614437E-01 -5.69216562E-01 +0.00000000E+00
 +5.13843312E-01 -5.73831000E-01 +0.00000000E+00 +5.18457750E-01 -5.69216562E-01 +0.00000000E+00
 +5.13843312E-01 -5.64602125E-01 +0.00000000E+00 +5.13843312E-01 -5.69216562E-01 +0.00000000E+00
 +5.23072187E-01 -5.73831000E-01 +0.00000000E+00 +5.27686625E-01 -5.69216562E-01 +0.00000000E+00
 +5.23072187E-01 -5.64602125E-01 +0.00000000E+00 +5.23072187E-01 -5.69216562E-01 +0.00000000E+00
 +5.32301062E-01 -5.73831000E-01 +0.00000000E+00 +5.36915500E-01 -5.69216562E-01 +0.00000000E+00
 +5.32301062E-01 -5.64602125E-01 +0.00000000E+00 +5.32301062E-01 -5.69216562E-01 +0.00000000E+00
 +5.41529938E-01 -5.73831000E-01 +0.00000000E+00 +5.46144375E-01 -5.69216562E-01 +0.00000000E+00
 +5.41529938E-01 -5.64602125E-01 +0.00000000E+00 +5.41529938E-01 -5.69216562E-01 +0.00000000E+00
 +5.50758812E-01 -5.73831000E-01 +0.00000000E+00 +5.55373250E-01 -5.69216562E-01 +0.00000000E+00
 +5.50758812E-01 -5.64602125E-01 +0.00000000E+00 +5.50758812E-01 -5.69216562E-01 +0.00000000E+00
 +5.59987687E-01 -5.73831000E-01 +0.00000000E+00 +5.64602125E-01 -5.69216562E-01 +0.00000000E+00
 +5.59987687E-01 -5.64602125E-01 +0.00000000E+00 +5.59987687E-01 -5.69216562E-01 +0.00000000E+00
 +5.69216562E-01 -5.73831000E-01 +0.00000000E+00 +5.69216562E-01 -5.64602125E-01 +0.00000000E+00
 +5.69216562E-01 -5.69216562E-01 +0.00000000E+00 +5.73831000E-01 -5.59987687E-01 +0.00000000E+00
 +5.69216562E-01 -5.55373250E-01 +0.00000000E+00 +5.64602125E-01 -5.59987687E-01 +0.00000000E+00
 +5.69216562E-01 -5.59987687E-01 +0.00000000E+00 +5.59987687E-01 -5.55373250E-01 +0.00000000E+00
 +5.64602125E-01 -5.50758812E-01 +0.00000000E+00 +5.59987687E-01 -5.46144375E-01 +0.00000000E+00
 +5.55373250E-01 -5.50758812E-01 +0.00000000E+00 +5.59987687E-01 -5.50758812E-01 +0.00000000E+00
 +5.73831000E-01 -5.50758812E-01 +0.00000000E+00 +5.69216562E-01 -5.46144375E-01 +0.00000000E+00
 +5.69216562E-01 -5.50758812E-01 +0.00000000E+00 +5.64602125E-01 -5.41529938E-01 +0.00000000E+00
 +5.59987687E-01 -5.36915500E-01 +0.00000000E+00 +5.55373250E-01 -5.41529938E-01 +0.00000000E+00
 +5.59987687E-01 -5.41529938E-01 +0.00000000E+00 +5.50758812E-01 -5.27686625E-01 +0.00000000E+00
 +5.55373250E-01 -5.23072188E-01 +0.00000000E+00 +5.50758812E-01 -5.18457750E-01 +0.00000000E+00
 +5.46144375E-01 -5.23072188E-01 +0.00000000E+00 +5.50758812E-01 -5.23072188E-01 +0.00000000E+00
 +5.64602125E-01 -5.32301062E-01 +0.00000000E+00 +5.59987687E-01 -5.27686625E-01 +0.00000000E+00
 +5.55373250E-01 -5.32301062E-01 +0.00000000E+00 +5.59987687E-01 -5.32301062E-01 +0.00000000E+00
 +5.64602125E-01 -5.23072188E-01 +0.00000000E+00 +5.59987687E-01 -5.18457750E-01 +0.00000000E+00
 +5.59987687E-01 -5.23072188E-01 +0.00000000E+00 +5.55373250E-01 -5.13843313E-01 +0.00000000E+00
 +5.50758812E-01 -5.09228875E-01 +0.00000000E+00 +5.46144375E-01 -5.13843313E-01 +0.00000000E+00
 +5.50758812E-01 -5.13843313E-01 +0.00000000E+00 +5.55373250E-01 -5.04614438E-01 +0.00000000E+00
 +5.50758812E-01 -5.00000000E-01 +0.00000000E+00 +5.46144375E-01 -5.04614438E-01 +0.00000000E+00
 +5.50758812E-01 -5.04614438E-01 +0.00000000E+00 +5.41529938E-01 -5.09228875E-01 +0.00000000E+00
 +5.41529938E-01 -5.00000000E-01 +0.00000000E+00 +5.36915500E-01 -5.04614438E-01 +0.00000000E+00
 +5.41529938E-01 -5.04614438E-01 +0.00000000E+00 +5.32301062E-01 -4.81542250E-01 +0.00000000E+00
 +5.36915500E-01 -4.76927813E-01 +0.00000000E+00 +5.32301062E-01 -4.72313375E-01 +0.00000000E+00
 +5.27686625E-01 -4.76927813E-01 +0.00000000E+00 +5.32301062E-01 -4.76927813E-01 +0.00000000E+00
 +5.36915500E-01 -4.67698938E-01 +0.00000000E+00 +5.32301062E-01 -4.63084500E-01 +0.00000000E+00
 +5.27686625E-01 -4.67698938E-01 +0.00000000E+00 +5.32301062E-01 -4.67698938E-01 +0.00000000E+00
 +5.46144375E-01 -4.95385562E-01 +0.00000000E+00 +5.41529938E-01 -4.90771125E-01 +0.00000000E+00
 +5.36915500E-01 -4.95385562E-01 +0.00000000E+00 +5.41529938E-01 -4.95385562E-01 +0.00000000E+00
 +5.46144375E-01 -4.86156687E-01 +0.00000000E+00 +5.41529938E-01 -4.81542250E-01 +0.00000000E+00
 +5.36915500E-01 -4.86156687E-01 +0.00000000E+00 +5.41529938E-01 -4.86156687E-01 +0.00000000E+00
 +5.46144375E-01 -4.76927813E-01 +0.00000000E+00 +5.41529938E-01 -4.72313375E-01 +0.00000000E+00
 +5.41529938E-01 -4.76927813E-01 +0.00000000E+00 +5.23072187E-01 -4.63084500E-01 +0.00000000E+00
 +5.27686625E-01 -4.58470062E-01 +0.00000000E+00 +5.23072187E-01 -4.53855625E-01 +0.00000000E+00
 +5.18457750E-01 -4.58470062E-01 +0.00000000E+00 +5.23072187E-01 -4.58470062E-01 +0.00000000E+00
 +5.36915500E-01 -4.58470062E-01 +0.00000000E+00 +5.32301062E-01 -4.53855625E-01 +0.00000000E+00
 +5.32301062E-01 -4.58470062E-01 +0.00000000E+00 +5.27686625E-01 -4.49241187E-01 +0.00000000E+00
 +5.23072187E-01 -4.44626750E-01 +0.00000000E+00 +5.18457750E-01 -4.49241187E-01 +0.00000000E+00
 +5.23072187E-01 -4.49241187E-01 +0.00000000E+00 +5.27686625E-01 -4.40012313E-01 +0.00000000E+00
 +5.23072187E-01 -4.35397875E-01 +0.00000000E+00 +5.18457750E-01 -4.40012313E-01 +0.00000000E+00
 +5.23072187E-01 -4.40012313E-01 +0.00000000E+00 +5.13843312E-01 -4.44626750E-01 +0.00000000E+00
 +5.13843312E-01 -4.35397875E-01 +0.00000000E+00 +5.09228875E-01 -4.40012313E-01 +0.00000000E+00
 +5.13843312E-01 -4.40012313E-01 +0.00000000E+00 +5.18457750E-01 -4.30783438E-01 +0.00000000E+00
 +5.13843312E-01 -4.26169000E-01 +0.00000000E+00 +5.09228875E-01 -4.30783438E-01 +0.00000000E+00
 +5.13843312E-01 -4.30783438E-01 +0.00000000E+00 +6.24589812E-01 -4.90771125E-01 +0.00000000E+00
 +6.29204250E-01 -4.86156687E-01 +0.00000000E+00 +6.24589812E-01 -4.81542250E-01 +0.00000000E+00
 +6.19975375E-01 -4.86156687E-01 +0.00000000E+00 +6.24589812E-01 -4.86156687E-01 +0.00000000E+00
 +6.38433125E-01 -4.95385562E-01 +0.00000000E+00 +6.33818687E-01 -4.90771125E-01 +0.00000000E+00
 +6.29204250E-01 -4.95385562E-01 +0.00000000E+00 +6.33818687E-01 -4.95385562E-01 +0.00000000E+00
 +6.38433125E-01 -4.86156687E-01 +0.00000000E+00 +6.33818687E-01 -4.81542250E-01 +0.00000000E+00
 +6.33818687E-01 -4.86156687E-01 +0.00000000E+00 +6.29204250E-01 -4.76927813E-01 +0.00000000E+00
 +6.24589812E-01 -4.72313375E-01 +0.00000000E+00 +6.19975375E-01 -4.76927813E-01 +0.00000000E+00
 +6.24589812E-01 -4.76927813E-01 +0.00000000E+00 +6.29204250E-01 -4.67698938E-01 +0.00000000E+00
 +6.24589812E-01 -4.63084500E-01 +0.00000000E+00 +6.19975375E-01 -4.67698938E-01 +0.00000000E+00
 +6.24589812E-01 -4.67698938E-01 +0.00000000E+00 +6.15360937E-01 -4.72313375E-01 +0.00000000E+00
 +6.15360937E-01 -4.63084500E-01 +0.00000000E+00 +6.10746500E-01 -4.67698938E-01 +0.00000000E+00
 +6.15360937E-01 -4.67698938E-01 +0.00000000E+00 +6.19975375E-01 -4.58470062E-01 +0.00000000E+00
 +6.15360937E-01 -4.53855625E-01 +0.00000000E+00 +6.10746500E-01 -4.58470062E-01 +0.00000000E+00
 +6.15360937E-01 -4.58470062E-01 +0.00000000E+00 +6.19975375E-01 -4.49241187E-01 +0.00000000E+00
 +6.15360937E-01 -4.44626750E-01 +0.00000000E+00 +6.10746500E-01 -4.49241187E-01 +0.00000000E+00
 +6.15360937E-01 -4.49241187E-01 +0.00000000E+00 +6.06132062E-01 -4.53855625E-01 +0.00000000E+00
 +6.06132062E-01 -4.44626750E-01 +0.00000000E+00 +6.01517625E-01 -4.49241187E-01 +0.00000000E+00
 +6.06132062E-01 -4.49241187E-01 +0.00000000E+00 +6.10746500E-01 -4.40012313E-01 +0.00000000E+00
 +6.06132062E-01 -4.35397875E-01 +0.00000000E+00 +6.01517625E-01 -4.40012313E-01 +0.00000000E+00
 +6.06132062E-01 -4.40012313E-01 +0.00000000E+00 +6.10746500E-01 -4.30783438E-01 +0.00000000E+00
 +6.06132062E-01 -4.26169000E-01 +0.00000000E+00 +6.01517625E-01 -4.30783438E-01 +0.00000000E+00
 +6.06132062E-01 -4.30783438E-01 +0.00000000E+00 +5.96903188E-01 -4.26169000E-01 +0.00000000E+00
 +6.01517625E-01 -4.21554563E-01 +0.00000000E+00 +5.96903188E-01 -4.16940125E-01 +0.00000000E+00
 +5.92288750E-01 -4.21554563E-01 +0.00000000E+00 +5.96903188E-01 -4.21554563E-01 +0.00000000E+00
 +6.10746500E-01 -4.21554563E-01 +0.00000000E+00 +6.06132062E-01 -4.16940125E-01 +0.00000000E+00
 +6.06132062E-01 -4.21554563E-01 +0.00000000E+00 +6.01517625E-01 -4.12325687E-01 +0.00000000E+00
 +5.96903188E-01 -4.07711250E-01 +0.00000000E+00 +5.92288750E-01 -4.12325687E-01 +0.00000000E+00
 +5.96903188E-01 -4.12325687E-01 +0.00000000E+00 +6.01517625E-01 -4.03096813E-01 +0.00000000E+00
 +5.96903188E-01 -3.98482375E-01 +0.00000000E+00 +5.92288750E-01 -4.03096813E-01 +0.00000000E+00
 +5.96903188E-01 -4.03096813E-01 +0.00000000E+00 +5.87674313E-01 -4.07711250E-01 +0.00000000E+00
 +5.87674313E-01 -3.98482375E-01 +0.00000000E+00 +5.83059875E-01 -4.03096813E-01 +0.00000000E+00
 +5.87674313E-01 -4.03096813E-01 +0.00000000E+00 +5.92288750E-01 -3.93867938E-01 +0.00000000E+00
 +5.87674313E-01 -3.89253500E-01 +0.00000000E+00 +5.83059875E-01 -3.93867938E-01 +0.00000000E+00
 +5.87674313E-01 -3.93867938E-01 +0.00000000E+00 +5.78445437E-01 -3.89253500E-01 +0.00000000E+00
 +5.83059875E-01 -3.84639063E-01 +0.00000000E+00 +5.78445437E-01 -3.80024625E-01 +0.00000000E+00
 +5.73831000E-01 -3.84639063E-01 +0.00000000E+00 +5.78445437E-01 -3.84639063E-01 +0.00000000E+00
 +5.92288750E-01 -3.84639063E-01 +0.00000000E+00 +5.87674313E-01 -3.80024625E-01 +0.00000000E+00
 +5.87674313E-01 -3.84639063E-01 +0.00000000E+00 +5.83059875E-01 -3.75410187E-01 +0.00000000E+00
 +5.78445437E-01 -3.70795750E-01 +0.00000000E+00 +5.73831000E-01 -3.75410187E-01 +0.00000000E+00
 +5.78445437E-01 -3.75410187E-01 +0.00000000E+00 +5.83059875E-01 -3.66181313E-01 +0.00000000E+00
 +5.78445437E-01 -3.61566875E-01 +0.00000000E+00 +5.73831000E-01 -3.66181313E-01 +0.00000000E+00
 +5.78445437E-01 -3.66181313E-01 +0.00000000E+00 +5.18457750E-01 -4.21554563E-01 +0.00000000E+00
 +5.13843312E-01 -4.16940125E-01 +0.00000000E+00 +5.09228875E-01 -4.21554563E-01 +0.00000000E+00
 +5.13843312E-01 -4.21554563E-01 +0.00000000E+00 +5.18457750E-01 -4.12325687E-01 +0.00000000E+00
 +5.13843312E-01 -4.07711250E-01 +0.00000000E+00 +5.09228875E-01 -4.12325687E-01 +0.00000000E+00
 +5.13843312E-01 -4.12325687E-01 +0.00000000E+00 +5.04614437E-01 -4.16940125E-01 +0.00000000E+00
 +5.04614437E-01 -4.07711250E-01 +0.00000000E+00 +5.00000000E-01 -4.12325687E-01 +0.00000000E+00
 +5.04614437E-01 -4.12325687E-01 +0.00000000E+00 +5.09228875E-01 -4.03096813E-01 +0.00000000E+00
 +5.04614437E-01 -3.98482375E-01 +0.00000000E+00 +5.00000000E-01 -4.03096813E-01 +0.00000000E+00
 +5.04614437E-01 -4.03096813E-01 +0.00000000E+00 +5.09228875E-01 -3.93867938E-01 +0.00000000E+00
 +5.04614437E-01 -3.89253500E-01 +0.00000000E+00 +5.00000000E-01 -3.93867938E-01 +0.00000000E+00
 +5.04614437E-01 -3.93867938E-01 +0.00000000E+00 +5.69216562E-01 -3.70795750E-01 +0.00000000E+00
 +5.69216562E-01 -3.61566875E-01 +0.00000000E+00 +5.64602125E-01 -3.66181313E-01 +0.00000000E+00
 +5.69216562E-01 -3.66181313E-01 +0.00000000E+00 +5.73831000E-01 -3.56952438E-01 +0.00000000E+00
 +5.69216562E-01 -3.52338000E-01 +0.00000000E+00 +5.64602125E-01 -3.56952438E-01 +0.00000000E+00
 +5.69216562E-01 -3.56952438E-01 +0.00000000E+00 +5.73831000E-01 -3.47723563E-01 +0.00000000E+00
 +5.69216562E-01 -3.43109125E-01 +0.00000000E+00 +5.64602125E-01 -3.47723563E-01 +0.00000000E+00
 +5.69216562E-01 -3.47723563E-01 +0.00000000E+00 +5.73831000E-01 -3.38494688E-01 +0.00000000E+00
 +5.69216562E-01 -3.33880250E-01 +0.00000000E+00 +5.64602125E-01 -3.38494688E-01 +0.00000000E+00
 +5.69216562E-01 -3.38494688E-01 +0.00000000E+00 +5.59987687E-01 -3.43109125E-01 +0.00000000E+00
 +5.59987687E-01 -3.33880250E-01 +0.00000000E+00 +5.55373250E-01 -3.38494688E-01 +0.00000000E+00
 +5.59987687E-01 -3.38494688E-01 +0.00000000E+00 +5.64602125E-01 -3.29265813E-01 +0.00000000E+00
 +5.59987687E-01 -3.24651375E-01 +0.00000000E+00 +5.55373250E-01 -3.29265813E-01 +0.00000000E+00
 +5.59987687E-01 -3.29265813E-01 +0.00000000E+00 +5.64602125E-01 -3.20036938E-01 +0.00000000E+00
 +5.59987687E-01 -3.15422500E-01 +0.00000000E+00 +5.55373250E-01 -3.20036938E-01 +0.00000000E+00
 +5.59987687E-01 -3.20036938E-01 +0.00000000E+00 +5.50758812E-01 -3.24651375E-01 +0.00000000E+00
 +5.50758812E-01 -3.15422500E-01 +0.00000000E+00 +5.46144375E-01 -3.20036938E-01 +0.00000000E+00
 +5.50758812E-01 -3.20036938E-01 +0.00000000E+00 +5.55373250E-01 -3.10808063E-01 +0.00000000E+00
 +5.50758812E-01 -3.06193625E-01 +0.00000000E+00 +5.46144375E-01 -3.10808063E-01 +0.00000000E+00
 +5.50758812E-01 -3.10808063E-01 +0.00000000E+00 +5.55373250E-01 -3.01579188E-01 +0.00000000E+00
 +5.50758812E-01 -2.96964750E-01 +0.00000000E+00 +5.46144375E-01 -3.01579188E-01 +0.00000000E+00
 +5.50758812E-01 -3.01579188E-01 +0.00000000E+00 +5.41529938E-01 -3.06193625E-01 +0.00000000E+00
 +5.41529938E-01 -2.96964750E-01 +0.00000000E+00 +5.36915500E-01 -3.01579188E-01 +0.00000000E+00
 +5.41529938E-01 -3.01579188E-01 +0.00000000E+00 +5.46144375E-01 -2.92350313E-01 +0.00000000E+00
 +5.41529938E-01 -2.87735875E-01 +0.00000000E+00 +5.36915500E-01 -2.92350313E-01 +0.00000000E+00
 +5.41529938E-01 -2.92350313E-01 +0.00000000E+00 +5.46144375E-01 -2.83121438E-01 +0.00000000E+00
 +5.41529938E-01 -2.78507000E-01 +0.00000000E+00 +5.36915500E-01 -2.83121438E-01 +0.00000000E+00
 +5.41529938E-01 -2.83121438E-01 +0.00000000E+00 +5.32301062E-01 -2.87735875E-01 +0.00000000E+00
 +5.32301062E-01 -2.78507000E-01 +0.00000000E+00 +5.27686625E-01 -2.83121438E-01 +0.00000000E+00
 +5.32301062E-01 -2.83121438E-01 +0.00000000E+00 +5.36915500E-01 -2.73892563E-01 +0.00000000E+00
 +5.32301062E-01 -2.69278125E-01 +0.00000000E+00 +5.27686625E-01 -2.73892563E-01 +0.00000000E+00
 +5.32301062E-01 -2.73892563E-01 +0.00000000E+00 +5.36915500E-01 -2.64663688E-01 +0.00000000E+00
 +5.32301062E-01 -2.60049250E-01 +0.00000000E+00 +5.27686625E-01 -2.64663688E-01 +0.00000000E+00
 +5.32301062E-01 -2.64663688E-01 +0.00000000E+00 +5.23072187E-01 -2.60049250E-01 +0.00000000E+00
 +5.27686625E-01 -2.55434813E-01 +0.00000000E+00 +5.23072187E-01 -2.50820375E-01 +0.00000000E+00
 +5.18457750E-01 -2.55434813E-01 +0.00000000E+00 +5.23072187E-01 -2.55434813E-01 +0.00000000E+00
 +5.36915500E-01 -2.55434813E-01 +0.00000000E+00 +5.32301062E-01 -2.50820375E-01 +0.00000000E+00
 +5.32301062E-01 -2.55434813E-01 +0.00000000E+00 +5.27686625E-01 -2.46205938E-01 +0.00000000E+00
 +5.23072187E-01 -2.41591500E-01 +0.00000000E+00 +5.18457750E-01 -2.46205938E-01 +0.00000000E+00
 +5.23072187E-01 -2.46205938E-01 +0.00000000E+00 +5.13843312E-01 -2.41591500E-01 +0.00000000E+00
 +5.18457750E-01 -2.36977063E-01 +0.00000000E+00 +5.13843312E-01 -2.32362625E-01 +0.00000000E+00
 +5.09228875E-01 -2.36977063E-01 +0.00000000E+00 +5.13843312E-01 -2.36977063E-01 +0.00000000E+00
 +5.18457750E-01 -2.27748188E-01 +0.00000000E+00 +5.13843312E-01 -2.23133750E-01 +0.00000000E+00
 +5.09228875E-01 -2.27748188E-01 +0.00000000E+00 +5.13843312E-01 -2.27748188E-01 +0.00000000E+00
 +5.27686625E-01 -2.36977063E-01 +0.00000000E+00 +5.23072187E-01 -2.32362625E-01 +0.00000000E+00
 +5.23072187E-01 -2.36977063E-01 +0.00000000E+00 +5.04614437E-01 -2.23133750E-01 +0.00000000E+00
 +5.09228875E-01 -2.18519313E-01 +0.00000000E+00 +5.04614437E-01 -2.13904875E-01 +0.00000000E+00
 +5.00000000E-01 -2.18519313E-01 +0.00000000E+00 +5.04614437E-01 -2.18519313E-01 +0.00000000E+00
 +5.18457750E-01 -2.18519313E-01 +0.00000000E+00 +5.13843312E-01 -2.13904875E-01 +0.00000000E+00
 +5.13843312E-01 -2.18519313E-01 +0.00000000E+00 +5.09228875E-01 -2.09290438E-01 +0.00000000E+00
 +5.04614437E-01 -2.04676000E-01 +0.00000000E+00 +5.00000000E-01 -2.09290438E-01 +0.00000000E+00
 +5.04614437E-01 -2.09290438E-01 +0.00000000E+00 +3.70795750E-01 -4.95385562E-01 +0.00000000E+00
 +3.66181312E-01 -4.90771125E-01 +0.00000000E+00 +3.61566875E-01 -4.95385562E-01 +0.00000000E+00
 +3.66181312E-01 -4.95385562E-01 +0.00000000E+00 +3.70795750E-01 -4.86156687E-01 +0.00000000E+00
 +3.66181312E-01 -4.81542250E-01 +0.00000000E+00 +3.61566875E-01 -4.86156687E-01 +0.00000000E+00
 +3.66181312E-01 -4.86156687E-01 +0.00000000E+00 +3.75410187E-01 -4.90771125E-01 +0.00000000E+00
 +3.80024625E-01 -4.86156687E-01 +0.00000000E+00 +3.75410187E-01 -4.81542250E-01 +0.00000000E+00
 +3.75410187E-01 -4.86156687E-01 +0.00000000E+00 +3.80024625E-01 -4.76927813E-01 +0.00000000E+00
 +3.75410187E-01 -4.72313375E-01 +0.00000000E+00 +3.70795750E-01 -4.76927813E-01 +0.00000000E+00
 +3.75410187E-01 -4.76927813E-01 +0.00000000E+00 +3.80024625E-01 -4.67698938E-01 +0.00000000E+00
 +3.75410187E-01 -4.63084500E-01 +0.00000000E+00 +3.70795750E-01 -4.67698938E-01 +0.00000000E+00
 +3.75410187E-01 -4.67698938E-01 +0.00000000E+00 +4.07711250E-01 -4.95385562E-01 +0.00000000E+00
 +4.03096812E-01 -4.90771125E-01 +0.00000000E+00 +3.98482375E-01 -4.95385562E-01 +0.00000000E+00
 +4.03096812E-01 -4.95385562E-01 +0.00000000E+00 +4.07711250E-01 -4.86156687E-01 +0.00000000E+00
 +4.03096812E-01 -4.81542250E-01 +0.00000000E+00 +3.98482375E-01 -4.86156687E-01 +0.00000000E+00
 +4.03096812E-01 -4.86156687E-01 +0.00000000E+00 +4.12325687E-01 -4.90771125E-01 +0.00000000E+00
 +4.16940125E-01 -4.86156687E-01 +0.00000000E+00 +4.12325687E-01 -4.81542250E-01 +0.00000000E+00
 +4.12325687E-01 -4.86156687E-01 +0.00000000E+00 +4.16940125E-01 -4.76927813E-01 +0.00000000E+00
 +4.12325687E-01 -4.72313375E-01 +0.00000000E+00 +4.07711250E-01 -4.76927813E-01 +0.00000000E+00
 +4.12325687E-01 -4.76927813E-01 +0.00000000E+00 +4.21554563E-01 -4.72313375E-01 +0.00000000E+00
 +4.26169000E-01 -4.67698938E-01 +0.00000000E+00 +4.21554563E-01 -4.63084500E-01 +0.00000000E+00
 +4.16940125E-01 -4.67698938E-01 +0.00000000E+00 +4.21554563E-01 -4.67698938E-01 +0.00000000E+00
 +4.12325687E-01 -4.63084500E-01 +0.00000000E+00 +4.07711250E-01 -4.67698938E-01 +0.00000000E+00
 +4.12325687E-01 -4.67698938E-01 +0.00000000E+00 +4.26169000E-01 -4.58470062E-01 +0.00000000E+00
 +4.21554563E-01 -4.53855625E-01 +0.00000000E+00 +4.16940125E-01 -4.58470062E-01 +0.00000000E+00
 +4.21554563E-01 -4.58470062E-01 +0.00000000E+00 +4.26169000E-01 -4.49241187E-01 +0.00000000E+00
 +4.21554563E-01 -4.44626750E-01 +0.00000000E+00 +4.16940125E-01 -4.49241187E-01 +0.00000000E+00
 +4.21554563E-01 -4.49241187E-01 +0.00000000E+00 +3.93867937E-01 -4.44626750E-01 +0.00000000E+00
 +3.98482375E-01 -4.40012313E-01 +0.00000000E+00 +3.93867937E-01 -4.35397875E-01 +0.00000000E+00
 +3.89253500E-01 -4.40012313E-01 +0.00000000E+00 +3.93867937E-01 -4.40012313E-01 +0.00000000E+00
 +3.98482375E-01 -4.30783438E-01 +0.00000000E+00 +3.93867937E-01 -4.26169000E-01 +0.00000000E+00
 +3.89253500E-01 -4.30783438E-01 +0.00000000E+00 +3.93867937E-01 -4.30783438E-01 +0.00000000E+00
 +3.80024625E-01 -4.58470062E-01 +0.00000000E+00 +3.75410187E-01 -4.53855625E-01 +0.00000000E+00
 +3.70795750E-01 -4.58470062E-01 +0.00000000E+00 +3.75410187E-01 -4.58470062E-01 +0.00000000E+00
 +3.84639063E-01 -4.63084500E-01 +0.00000000E+00 +3.89253500E-01 -4.58470062E-01 +0.00000000E+00
 +3.84639063E-01 -4.53855625E-01 +0.00000000E+00 +3.84639063E-01 -4.58470062E-01 +0.00000000E+00
 +3.89253500E-01 -4.49241187E-01 +0.00000000E+00 +3.84639063E-01 -4.44626750E-01 +0.00000000E+00
 +3.80024625E-01 -4.49241187E-01 +0.00000000E+00 +3.84639063E-01 -4.49241187E-01 +0.00000000E+00
 +3.84639063E-01 -4.35397875E-01 +0.00000000E+00 +3.80024625E-01 -4.40012313E-01 +0.00000000E+00
 +3.84639063E-01 -4.40012313E-01 +0.00000000E+00 +4.30783437E-01 -4.53855625E-01 +0.00000000E+00
 +4.35397875E-01 -4.49241187E-01 +0.00000000E+00 +4.30783437E-01 -4.44626750E-01 +0.00000000E+00
 +4.30783437E-01 -4.49241187E-01 +0.00000000E+00 +4.35397875E-01 -4.40012313E-01 +0.00000000E+00
 +4.30783437E-01 -4.35397875E-01 +0.00000000E+00 +4.26169000E-01 -4.40012313E-01 +0.00000000E+00
 +4.30783437E-01 -4.40012313E-01 +0.00000000E+00 +4.35397875E-01 -4.30783438E-01 +0.00000000E+00
 +4.30783437E-01 -4.26169000E-01 +0.00000000E+00 +4.26169000E-01 -4.30783438E-01 +0.00000000E+00
 +4.30783437E-01 -4.30783438E-01 +0.00000000E+00 +4.35397875E-01 -4.21554563E-01 +0.00000000E+00
 +4.30783437E-01 -4.16940125E-01 +0.00000000E+00 +4.26169000E-01 -4.21554563E-01 +0.00000000E+00
 +4.30783437E-01 -4.21554563E-01 +0.00000000E+00 +4.40012312E-01 -4.26169000E-01 +0.00000000E+00
 +4.44626750E-01 -4.21554563E-01 +0.00000000E+00 +4.40012312E-01 -4.16940125E-01 +0.00000000E+00
 +4.40012312E-01 -4.21554563E-01 +0.00000000E+00 +4.44626750E-01 -4.12325687E-01 +0.00000000E+00
 +4.40012312E-01 -4.07711250E-01 +0.00000000E+00 +4.35397875E-01 -4.12325687E-01 +0.00000000E+00
 +4.40012312E-01 -4.12325687E-01 +0.00000000E+00 +4.49241187E-01 -4.07711250E-01 +0.00000000E+00
 +4.53855625E-01 -4.03096813E-01 +0.00000000E+00 +4.49241187E-01 -3.98482375E-01 +0.00000000E+00
 +4.44626750E-01 -4.03096813E-01 +0.00000000E+00 +4.49241187E-01 -4.03096813E-01 +0.00000000E+00
 +4.53855625E-01 -3.93867938E-01 +0.00000000E+00 +4.49241187E-01 -3.89253500E-01 +0.00000000E+00
 +4.44626750E-01 -3.93867938E-01 +0.00000000E+00 +4.49241187E-01 -3.93867938E-01 +0.00000000E+00
 +4.40012312E-01 -3.98482375E-01 +0.00000000E+00 +4.35397875E-01 -4.03096813E-01 +0.00000000E+00
 +4.40012312E-01 -4.03096813E-01 +0.00000000E+00 +4.95385562E-01 -3.98482375E-01 +0.00000000E+00
 +4.95385562E-01 -3.89253500E-01 +0.00000000E+00 +4.90771125E-01 -3.93867938E-01 +0.00000000E+00
 +4.95385562E-01 -3.93867938E-01 +0.00000000E+00 +5.00000000E-01 -3.84639063E-01 +0.00000000E+00
 +4.95385562E-01 -3.80024625E-01 +0.00000000E+00 +4.90771125E-01 -3.84639063E-01 +0.00000000E+00
 +4.95385562E-01 -3.84639063E-01 +0.00000000E+00 +5.00000000E-01 -3.75410187E-01 +0.00000000E+00
 +4.95385562E-01 -3.70795750E-01 +0.00000000E+00 +4.90771125E-01 -3.75410187E-01 +0.00000000E+00
 +4.95385562E-01 -3.75410187E-01 +0.00000000E+00 +4.86156687E-01 -3.80024625E-01 +0.00000000E+00
 +4.86156687E-01 -3.70795750E-01 +0.00000000E+00 +4.81542250E-01 -3.75410187E-01 +0.00000000E+00
 +4.86156687E-01 -3.75410187E-01 +0.00000000E+00 +4.90771125E-01 -3.66181313E-01 +0.00000000E+00
 +4.86156687E-01 -3.61566875E-01 +0.00000000E+00 +4.81542250E-01 -3.66181313E-01 +0.00000000E+00
 +4.86156687E-01 -3.66181313E-01 +0.00000000E+00 +4.90771125E-01 -3.56952438E-01 +0.00000000E+00
 +4.86156687E-01 -3.52338000E-01 +0.00000000E+00 +4.81542250E-01 -3.56952438E-01 +0.00000000E+00
 +4.86156687E-01 -3.56952438E-01 +0.00000000E+00 +4.67698937E-01 -3.61566875E-01 +0.00000000E+00
 +4.72313375E-01 -3.56952438E-01 +0.00000000E+00 +4.67698937E-01 -3.52338000E-01 +0.00000000E+00
 +4.63084500E-01 -3.56952438E-01 +0.00000000E+00 +4.67698937E-01 -3.56952438E-01 +0.00000000E+00
 +4.53855625E-01 -3.84639063E-01 +0.00000000E+00 +4.49241187E-01 -3.80024625E-01 +0.00000000E+00
 +4.44626750E-01 -3.84639063E-01 +0.00000000E+00 +4.49241187E-01 -3.84639063E-01 +0.00000000E+00
 +4.58470062E-01 -3.80024625E-01 +0.00000000E+00 +4.63084500E-01 -3.75410187E-01 +0.00000000E+00
 +4.58470062E-01 -3.70795750E-01 +0.00000000E+00 +4.53855625E-01 -3.75410187E-01 +0.00000000E+00
 +4.58470062E-01 -3.75410187E-01 +0.00000000E+00 +4.49241187E-01 -3.70795750E-01 +0.00000000E+00
 +4.44626750E-01 -3.75410187E-01 +0.00000000E+00 +4.49241187E-01 -3.75410187E-01 +0.00000000E+00
 +4.63084500E-01 -3.66181313E-01 +0.00000000E+00 +4.58470062E-01 -3.61566875E-01 +0.00000000E+00
 +4.53855625E-01 -3.66181313E-01 +0.00000000E+00 +4.58470062E-01 -3.66181313E-01 +0.00000000E+00
 +4.58470062E-01 -3.52338000E-01 +0.00000000E+00 +4.53855625E-01 -3.56952438E-01 +0.00000000E+00
 +4.58470062E-01 -3.56952438E-01 +0.00000000E+00 +4.30783437E-01 -3.61566875E-01 +0.00000000E+00
 +4.35397875E-01 -3.56952438E-01 +0.00000000E+00 +4.30783437E-01 -3.52338000E-01 +0.00000000E+00
 +4.26169000E-01 -3.56952438E-01 +0.00000000E+00 +4.30783437E-01 -3.56952438E-01 +0.00000000E+00
 +3.98482375E-01 -4.21554563E-01 +0.00000000E+00 +3.93867937E-01 -4.16940125E-01 +0.00000000E+00
 +3.89253500E-01 -4.21554563E-01 +0.00000000E+00 +3.93867937E-01 -4.21554563E-01 +0.00000000E+00
 +4.03096812E-01 -4.26169000E-01 +0.00000000E+00 +4.07711250E-01 -4.21554563E-01 +0.00000000E+00
 +4.03096812E-01 -4.16940125E-01 +0.00000000E+00 +4.03096812E-01 -4.21554563E-01 +0.00000000E+00
 +4.07711250E-01 -4.12325687E-01 +0.00000000E+00 +4.03096812E-01 -4.07711250E-01 +0.00000000E+00
 +3.98482375E-01 -4.12325687E-01 +0.00000000E+00 +4.03096812E-01 -4.12325687E-01 +0.00000000E+00
 +4.12325687E-01 -3.98482375E-01 +0.00000000E+00 +4.16940125E-01 -3.93867938E-01 +0.00000000E+00
 +4.12325687E-01 -3.89253500E-01 +0.00000000E+00 +4.07711250E-01 -3.93867938E-01 +0.00000000E+00
 +4.12325687E-01 -3.93867938E-01 +0.00000000E+00 +4.07711250E-01 -4.03096813E-01 +0.00000000E+00
 +4.03096812E-01 -3.98482375E-01 +0.00000000E+00 +3.98482375E-01 -4.03096813E-01 +0.00000000E+00
 +4.03096812E-01 -4.03096813E-01 +0.00000000E+00 +4.03096812E-01 -3.89253500E-01 +0.00000000E+00
 +3.98482375E-01 -3.93867938E-01 +0.00000000E+00 +4.03096812E-01 -3.93867938E-01 +0.00000000E+00
 +4.16940125E-01 -3.84639063E-01 +0.00000000E+00 +4.12325687E-01 -3.80024625E-01 +0.00000000E+00
 +4.07711250E-01 -3.84639063E-01 +0.00000000E+00 +4.12325687E-01 -3.84639063E-01 +0.00000000E+00
 +4.21554563E-01 -3.80024625E-01 +0.00000000E+00 +4.26169000E-01 -3.75410187E-01 +0.00000000E+00
 +4.21554563E-01 -3.70795750E-01 +0.00000000E+00 +4.16940125E-01 -3.75410187E-01 +0.00000000E+00
 +4.21554563E-01 -3.75410187E-01 +0.00000000E+00 +4.12325687E-01 -3.70795750E-01 +0.00000000E+00
 +4.07711250E-01 -3.75410187E-01 +0.00000000E+00 +4.12325687E-01 -3.75410187E-01 +0.00000000E+00
 +4.26169000E-01 -3.66181313E-01 +0.00000000E+00 +4.21554563E-01 -3.61566875E-01 +0.00000000E+00
 +4.16940125E-01 -3.66181313E-01 +0.00000000E+00 +4.21554563E-01 -3.66181313E-01 +0.00000000E+00
 +4.21554563E-01 -3.52338000E-01 +0.00000000E+00 +4.16940125E-01 -3.56952438E-01 +0.00000000E+00
 +4.21554563E-01 -3.56952438E-01 +0.00000000E+00 +4.35397875E-01 -3.47723563E-01 +0.00000000E+00
 +4.30783437E-01 -3.43109125E-01 +0.00000000E+00 +4.26169000E-01 -3.47723563E-01 +0.00000000E+00
 +4.30783437E-01 -3.47723563E-01 +0.00000000E+00 +4.35397875E-01 -3.38494688E-01 +0.00000000E+00
 +4.30783437E-01 -3.33880250E-01 +0.00000000E+00 +4.26169000E-01 -3.38494688E-01 +0.00000000E+00
 +4.30783437E-01 -3.38494688E-01 +0.00000000E+00 +4.35397875E-01 -3.29265813E-01 +0.00000000E+00
 +4.30783437E-01 -3.24651375E-01 +0.00000000E+00 +4.26169000E-01 -3.29265813E-01 +0.00000000E+00
 +4.30783437E-01 -3.29265813E-01 +0.00000000E+00 +4.40012312E-01 -3.33880250E-01 +0.00000000E+00
 +4.44626750E-01 -3.29265813E-01 +0.00000000E+00 +4.40012312E-01 -3.24651375E-01 +0.00000000E+00
 +4.40012312E-01 -3.29265813E-01 +0.00000000E+00 +4.44626750E-01 -3.20036938E-01 +0.00000000E+00
 +4.40012312E-01 -3.15422500E-01 +0.00000000E+00 +4.35397875E-01 -3.20036938E-01 +0.00000000E+00
 +4.40012312E-01 -3.20036938E-01 +0.00000000E+00 +4.72313375E-01 -3.47723563E-01 +0.00000000E+00
 +4.67698937E-01 -3.43109125E-01 +0.00000000E+00 +4.63084500E-01 -3.47723563E-01 +0.00000000E+00
 +4.67698937E-01 -3.47723563E-01 +0.00000000E+00 +4.76927812E-01 -3.52338000E-01 +0.00000000E+00
 +4.81542250E-01 -3.47723563E-01 +0.00000000E+00 +4.76927812E-01 -3.43109125E-01 +0.00000000E+00
 +4.76927812E-01 -3.47723563E-01 +0.00000000E+00 +4.81542250E-01 -3.38494688E-01 +0.00000000E+00
 +4.76927812E-01 -3.33880250E-01 +0.00000000E+00 +4.72313375E-01 -3.38494688E-01 +0.00000000E+00
 +4.76927812E-01 -3.38494688E-01 +0.00000000E+00 +4.67698937E-01 -3.33880250E-01 +0.00000000E+00
 +4.63084500E-01 -3.38494688E-01 +0.00000000E+00 +4.67698937E-01 -3.38494688E-01 +0.00000000E+00
 +4.90771125E-01 -3.47723563E-01 +0.00000000E+00 +4.86156687E-01 -3.43109125E-01 +0.00000000E+00
 +4.86156687E-01 -3.47723563E-01 +0.00000000E+00 +4.81542250E-01 -3.29265813E-01 +0.00000000E+00
 +4.76927812E-01 -3.24651375E-01 +0.00000000E+00 +4.72313375E-01 -3.29265813E-01 +0.00000000E+00
 +4.76927812E-01 -3.29265813E-01 +0.00000000E+00 +4.44626750E-01 -3.10808063E-01 +0.00000000E+00
 +4.40012312E-01 -3.06193625E-01 +0.00000000E+00 +4.35397875E-01 -3.10808063E-01 +0.00000000E+00
 +4.40012312E-01 -3.10808063E-01 +0.00000000E+00 +4.49241187E-01 -3.15422500E-01 +0.00000000E+00
 +4.53855625E-01 -3.10808063E-01 +0.00000000E+00 +4.49241187E-01 -3.06193625E-01 +0.00000000E+00
 +4.49241187E-01 -3.10808063E-01 +0.00000000E+00 +4.53855625E-01 -3.01579188E-01 +0.00000000E+00
 +4.49241187E-01 -2.96964750E-01 +0.00000000E+00 +4.44626750E-01 -3.01579188E-01 +0.00000000E+00
 +4.49241187E-01 -3.01579188E-01 +0.00000000E+00 +4.53855625E-01 -2.92350313E-01 +0.00000000E+00
 +4.49241187E-01 -2.87735875E-01 +0.00000000E+00 +4.44626750E-01 -2.92350313E-01 +0.00000000E+00
 +4.49241187E-01 -2.92350313E-01 +0.00000000E+00 +4.58470062E-01 -2.96964750E-01 +0.00000000E+00
 +4.63084500E-01 -2.92350313E-01 +0.00000000E+00 +4.58470062E-01 -2.87735875E-01 +0.00000000E+00
 +4.58470062E-01 -2.92350313E-01 +0.00000000E+00 +4.63084500E-01 -2.83121438E-01 +0.00000000E+00
 +4.58470062E-01 -2.78507000E-01 +0.00000000E+00 +4.53855625E-01 -2.83121438E-01 +0.00000000E+00
 +4.58470062E-01 -2.83121438E-01 +0.00000000E+00 +4.63084500E-01 -2.73892563E-01 +0.00000000E+00
 +4.58470062E-01 -2.69278125E-01 +0.00000000E+00 +4.53855625E-01 -2.73892563E-01 +0.00000000E+00
 +4.58470062E-01 -2.73892563E-01 +0.00000000E+00 +4.63084500E-01 -2.64663688E-01 +0.00000000E+00
 +4.58470062E-01 -2.60049250E-01 +0.00000000E+00 +4.53855625E-01 -2.64663688E-01 +0.00000000E+00
 +4.58470062E-01 -2.64663688E-01 +0.00000000E+00 +4.67698937E-01 -2.69278125E-01 +0.00000000E+00
 +4.72313375E-01 -2.64663688E-01 +0.00000000E+00 +4.67698937E-01 -2.60049250E-01 +0.00000000E+00
 +4.67698937E-01 -2.64663688E-01 +0.00000000E+00 +4.72313375E-01 -2.55434813E-01 +0.00000000E+00
 +4.67698937E-01 -2.50820375E-01 +0.00000000E+00 +4.63084500E-01 -2.55434813E-01 +0.00000000E+00
 +4.67698937E-01 -2.55434813E-01 +0.00000000E+00 +4.76927812E-01 -2.50820375E-01 +0.00000000E+00
 +4.81542250E-01 -2.46205938E-01 +0.00000000E+00 +4.76927812E-01 -2.41591500E-01 +0.00000000E+00
 +4.72313375E-01 -2.46205938E-01 +0.00000000E+00 +4.76927812E-01 -2.46205938E-01 +0.00000000E+00
 +4.67698937E-01 -2.41591500E-01 +0.00000000E+00 +4.63084500E-01 -2.46205938E-01 +0.00000000E+00
 +4.67698937E-01 -2.46205938E-01 +0.00000000E+00 +4.81542250E-01 -2.36977063E-01 +0.00000000E+00
 +4.76927812E-01 -2.32362625E-01 +0.00000000E+00 +4.72313375E-01 -2.36977063E-01 +0.00000000E+00
 +4.76927812E-01 -2.36977063E-01 +0.00000000E+00 +4.81542250E-01 -2.27748188E-01 +0.00000000E+00
 +4.76927812E-01 -2.23133750E-01 +0.00000000E+00 +4.72313375E-01 -2.27748188E-01 +0.00000000E+00
 +4.76927812E-01 -2.27748188E-01 +0.00000000E+00 +4.86156687E-01 -2.32362625E-01 +0.00000000E+00
 +4.90771125E-01 -2.27748188E-01 +0.00000000E+00 +4.86156687E-01 -2.23133750E-01 +0.00000000E+00
 +4.86156687E-01 -2.27748188E-01 +0.00000000E+00 +4.90771125E-01 -2.18519313E-01 +0.00000000E+00
 +4.86156687E-01 -2.13904875E-01 +0.00000000E+00 +4.81542250E-01 -2.18519313E-01 +0.00000000E+00
 +4.86156687E-01 -2.18519313E-01 +0.00000000E+00 +4.95385562E-01 -2.13904875E-01 +0.00000000E+00
 +4.95385562E-01 -2.04676000E-01 +0.00000000E+00 +4.90771125E-01 -2.09290438E-01 +0.00000000E+00
 +4.95385562E-01 -2.09290438E-01 +0.00000000E+00 +4.86156687E-01 -2.04676000E-01 +0.00000000E+00
 +4.81542250E-01 -2.09290438E-01 +0.00000000E+00 +4.86156687E-01 -2.09290438E-01 +0.00000000E+00
 +7.99938437E-01 -7.95324000E-01 +0.00000000E+00 +8.04552875E-01 -7.90709562E-01 +0.00000000E+00
 +7.99938437E-01 -7.86095125E-01 +0.00000000E+00 +7.99938437E-01 -7.90709562E-01 +0.00000000E+00
 +8.04552875E-01 -7.81480687E-01 +0.00000000E+00 +7.99938437E-01 -7.76866250E-01 +0.00000000E+00
 +7.95324000E-01 -7.81480687E-01 +0.00000000E+00 +7.99938437E-01 -7.81480687E-01 +0.00000000E+00
 +8.04552875E-01 -7.72251812E-01 +0.00000000E+00 +7.99938437E-01 -7.67637375E-01 +0.00000000E+00
 +7.99938437E-01 -7.72251812E-01 +0.00000000E+00 +2.69278125E-01 -7.58408500E-01 +0.00000000E+00
 +2.78507000E-01 -7.49179625E-01 +0.00000000E+00 +2.69278125E-01 -7.49179625E-01 +0.00000000E+00
 +2.96964750E-01 -7.67637375E-01 +0.00000000E+00 +3.06193625E-01 -7.67637375E-01 +0.00000000E+00
 +2.87735875E-01 -7.21493000E-01 +0.00000000E+00 +2.96964750E-01 -7.12264125E-01 +0.00000000E+00
 +2.87735875E-01 -7.12264125E-01 +0.00000000E+00 +3.06193625E-01 -7.03035250E-01 +0.00000000E+00
 +3.06193625E-01 -7.12264125E-01 +0.00000000E+00 +3.06193625E-01 -6.84577500E-01 +0.00000000E+00
 +3.06193625E-01 -6.93806375E-01 +0.00000000E+00 +3.24651375E-01 -6.47662000E-01 +0.00000000E+00
 +3.24651375E-01 -6.56890875E-01 +0.00000000E+00 +3.06193625E-01 -6.75348625E-01 +0.00000000E+00
 +4.26169000E-01 -5.83059875E-01 +0.00000000E+00 +4.07711250E-01 -5.83059875E-01 +0.00000000E+00
 +4.16940125E-01 -5.83059875E-01 +0.00000000E+00 +3.89253500E-01 -5.83059875E-01 +0.00000000E+00
 +3.98482375E-01 -5.83059875E-01 +0.00000000E+00 +3.70795750E-01 -5.83059875E-01 +0.00000000E+00
 +3.80024625E-01 -5.83059875E-01 +0.00000000E+00 +5.00000000E-01 -5.83059875E-01 +0.00000000E+00
 +4.81542250E-01 -5.83059875E-01 +0.00000000E+00 +4.90771125E-01 -5.83059875E-01 +0.00000000E+00
 +4.63084500E-01 -5.83059875E-01 +0.00000000E+00 +4.72313375E-01 -5.83059875E-01 +0.00000000E+00
 +4.44626750E-01 -5.83059875E-01 +0.00000000E+00 +4.53855625E-01 -5.83059875E-01 +0.00000000E+00
 +4.35397875E-01 -5.83059875E-01 +0.00000000E+00 +3.61566875E-01 -5.73831000E-01 +0.00000000E+00
 +3.61566875E-01 -5.55373250E-01 +0.00000000E+00 +3.61566875E-01 -5.64602125E-01 +0.00000000E+00
 +3.61566875E-01 -5.46144375E-01 +0.00000000E+00 +3.80024625E-01 -5.09228875E-01 +0.00000000E+00
 +3.24651375E-01 -6.38433125E-01 +0.00000000E+00 +3.43109125E-01 -5.92288750E-01 +0.00000000E+00
 +3.43109125E-01 -6.01517625E-01 +0.00000000E+00 +3.52338000E-01 -5.83059875E-01 +0.00000000E+00
 +3.43109125E-01 -5.83059875E-01 +0.00000000E+00 +6.47662000E-01 -6.93806375E-01 +0.00000000E+00
 +6.38433125E-01 -6.84577500E-01 +0.00000000E+00 +6.38433125E-01 -6.93806375E-01 +0.00000000E+00
 +6.47662000E-01 -6.75348625E-01 +0.00000000E+00 +6.38433125E-01 -6.66119750E-01 +0.00000000E+00
 +6.38433125E-01 -6.75348625E-01 +0.00000000E+00 +6.56890875E-01 -7.58408500E-01 +0.00000000E+00
 +6.66119750E-01 -7.49179625E-01 +0.00000000E+00 +6.56890875E-01 -7.39950750E-01 +0.00000000E+00
 +6.56890875E-01 -7.49179625E-01 +0.00000000E+00 +7.30721875E-01 -7.58408500E-01 +0.00000000E+00
 +7.21493000E-01 -7.49179625E-01 +0.00000000E+00 +7.30721875E-01 -7.49179625E-01 +0.00000000E+00
 +7.12264125E-01 -7.21493000E-01 +0.00000000E+00 +7.03035250E-01 -7.12264125E-01 +0.00000000E+00
 +7.12264125E-01 -7.12264125E-01 +0.00000000E+00 +6.93806375E-01 -6.84577500E-01 +0.00000000E+00
 +6.84577500E-01 -6.75348625E-01 +0.00000000E+00 +6.93806375E-01 -6.75348625E-01 +0.00000000E+00
 +6.75348625E-01 -6.47662000E-01 +0.00000000E+00 +6.66119750E-01 -6.38433125E-01 +0.00000000E+00
 +6.75348625E-01 -6.38433125E-01 +0.00000000E+00 +6.56890875E-01 -5.92288750E-01 +0.00000000E+00
 +6.47662000E-01 -5.83059875E-01 +0.00000000E+00 +6.56890875E-01 -5.83059875E-01 +0.00000000E+00
 +5.73831000E-01 -5.83059875E-01 +0.00000000E+00 +5.55373250E-01 -5.83059875E-01 +0.00000000E+00
 +5.64602125E-01 -5.83059875E-01 +0.00000000E+00 +5.36915500E-01 -5.83059875E-01 +0.00000000E+00
 +5.46144375E-01 -5.83059875E-01 +0.00000000E+00 +5.18457750E-01 -5.83059875E-01 +0.00000000E+00
 +5.27686625E-01 -5.83059875E-01 +0.00000000E+00 +5.09228875E-01 -5.83059875E-01 +0.00000000E+00
 +6.29204250E-01 -6.38433125E-01 +0.00000000E+00 +6.19975375E-01 -6.29204250E-01 +0.00000000E+00
 +6.19975375E-01 -6.38433125E-01 +0.00000000E+00 +6.10746500E-01 -6.01517625E-01 +0.00000000E+00
 +6.01517625E-01 -5.92288750E-01 +0.00000000E+00 +6.01517625E-01 -6.01517625E-01 +0.00000000E+00
 +5.92288750E-01 -5.83059875E-01 +0.00000000E+00 +5.83059875E-01 -5.83059875E-01 +0.00000000E+00
 +5.92288750E-01 -5.46144375E-01 +0.00000000E+00 +5.83059875E-01 -5.36915500E-01 +0.00000000E+00
 +5.83059875E-01 -5.46144375E-01 +0.00000000E+00 +6.38433125E-01 -5.55373250E-01 +0.00000000E+00
 +6.29204250E-01 -5.46144375E-01 +0.00000000E+00 +6.38433125E-01 -5.46144375E-01 +0.00000000E+00
 +6.19975375E-01 -5.18457750E-01 +0.00000000E+00 +6.10746500E-01 -5.09228875E-01 +0.00000000E+00
 +6.19975375E-01 -5.09228875E-01 +0.00000000E+00 +5.73831000E-01 -5.09228875E-01 +0.00000000E+00
 +5.64602125E-01 -5.00000000E-01 +0.00000000E+00 +5.64602125E-01 -5.09228875E-01 +0.00000000E+00
 +5.55373250E-01 -4.53855625E-01 +0.00000000E+00 +5.46144375E-01 -4.44626750E-01 +0.00000000E+00
 +5.46144375E-01 -4.53855625E-01 +0.00000000E+00 +6.01517625E-01 -4.81542250E-01 +0.00000000E+00
 +5.92288750E-01 -4.72313375E-01 +0.00000000E+00 +6.01517625E-01 -4.72313375E-01 +0.00000000E+00
 +5.83059875E-01 -4.26169000E-01 +0.00000000E+00 +5.73831000E-01 -4.16940125E-01 +0.00000000E+00
 +5.83059875E-01 -4.16940125E-01 +0.00000000E+00 +5.36915500E-01 -4.16940125E-01 +0.00000000E+00
 +5.27686625E-01 -4.07711250E-01 +0.00000000E+00 +5.27686625E-01 -4.16940125E-01 +0.00000000E+00
 +5.64602125E-01 -3.89253500E-01 +0.00000000E+00 +5.55373250E-01 -3.80024625E-01 +0.00000000E+00
 +5.64602125E-01 -3.80024625E-01 +0.00000000E+00 +5.18457750E-01 -3.80024625E-01 +0.00000000E+00
 +5.09228875E-01 -3.70795750E-01 +0.00000000E+00 +5.09228875E-01 -3.80024625E-01 +0.00000000E+00
 +5.46144375E-01 -3.52338000E-01 +0.00000000E+00 +5.36915500E-01 -3.43109125E-01 +0.00000000E+00
 +5.46144375E-01 -3.43109125E-01 +0.00000000E+00 +5.27686625E-01 -3.15422500E-01 +0.00000000E+00
 +5.18457750E-01 -3.06193625E-01 +0.00000000E+00 +5.27686625E-01 -3.06193625E-01 +0.00000000E+00
 +5.09228875E-01 -2.60049250E-01 +0.00000000E+00 +5.00000000E-01 -2.50820375E-01 +0.00000000E+00
 +5.09228875E-01 -2.50820375E-01 +0.00000000E+00 +3.98482375E-01 -4.63084500E-01 +0.00000000E+00
 +3.98482375E-01 -4.72313375E-01 +0.00000000E+00 +3.98482375E-01 -4.53855625E-01 +0.00000000E+00
 +4.16940125E-01 -4.26169000E-01 +0.00000000E+00 +4.16940125E-01 -4.35397875E-01 +0.00000000E+00
 +4.35397875E-01 -3.80024625E-01 +0.00000000E+00 +4.16940125E-01 -4.16940125E-01 +0.00000000E+00
 +4.53855625E-01 -3.33880250E-01 +0.00000000E+00 +4.53855625E-01 -3.43109125E-01 +0.00000000E+00
 +4.53855625E-01 -3.24651375E-01 +0.00000000E+00 +5.00000000E-01 -3.24651375E-01 +0.00000000E+00
 +4.90771125E-01 -3.15422500E-01 +0.00000000E+00 +4.90771125E-01 -3.24651375E-01 +0.00000000E+00
 +4.72313375E-01 -2.96964750E-01 +0.00000000E+00 +4.81542250E-01 -2.87735875E-01 +0.00000000E+00
 +4.72313375E-01 -2.87735875E-01 +0.00000000E+00 +4.90771125E-01 -2.60049250E-01 +0.00000000E+00
 +4.90771125E-01 -2.50820375E-01 +0.00000000E+00

CELLS 544 2720
4 241 239 103 240
4 239 249 248 103
4 103 248 259 242
4 242 259 258 53
4 292 293 291 60
4 357 354 33 355
4 365 363 155 364
4 343 365 364 144
4 369 367 153 368
4 363 369 368 155
4 155 368 373 372
4 368 153 370 373
4 373 370 72 371
4 372 373 371 154
4 364 155 372 375
4 375 372 154 374
4 346 375 374 66
4 367 379 378 153
4 66 374 393 350
4 374 154 391 393
4 393 391 165 392
4 350 393 392 148
4 154 371 395 391
4 391 395 394 165
4 148 392 401 354
4 392 165 398 401
4 401 398 164 400
4 354 401 400 33
4 33 400 405 404
4 404 405 403 168
4 168 403 412 411
4 355 33 404 434
4 434 404 168 433
4 429 434 433 179
4 179 433 437 436
4 433 168 411 437
4 437 411 75 435
4 436 437 435 178
4 439 436 178 438
4 438 178 440 443
4 443 440 182 441
4 178 435 445 440
4 435 75 415 445
4 440 445 444 182
4 182 444 448 447
4 181 441 451 450
4 441 182 447 451
4 451 447 180 449
4 450 451 449 77
4 457 77 465 467
4 467 465 185 466
4 466 185 468 471
4 471 468 82 469
4 470 471 469 186
4 77 449 477 465
4 449 180 475 477
4 465 477 476 185
4 185 476 486 468
4 468 486 485 82
4 498 495 198 496
4 186 469 500 495
4 469 82 489 500
4 500 489 194 499
4 495 500 499 198
4 198 499 503 502
4 502 503 501 196
4 496 198 502 506
4 506 502 196 504
4 505 506 504 36
4 36 504 510 509
4 504 196 507 510
4 510 507 202 508
4 509 510 508 201
4 201 508 520 519
4 519 520 518 85
4 85 518 524 523
4 221 570 574 573
4 570 201 519 574
4 574 519 85 572
4 572 85 523 583
4 603 601 237 602
4 592 603 602 230
4 607 605 235 606
4 601 607 606 237
4 606 235 608 611
4 617 615 241 616
4 605 617 616 235
4 621 619 239 620
4 615 621 620 241
4 235 616 624 608
4 616 241 622 624
4 624 622 240 623
4 623 240 625 628
4 629 242 630 633
4 633 630 53 631
4 640 638 249 639
4 619 640 639 239
4 644 642 247 643
4 638 644 643 249
4 648 646 253 647
4 642 648 647 247
4 652 650 251 651
4 646 652 651 253
4 247 647 659 658
4 248 668 671 670
4 670 671 669 259
4 259 669 674 673
4 673 674 672 258
4 675 263 676 679
4 679 676 261 677
4 113 685 691 690
4 690 691 689 269
4 273 704 708 707
4 704 269 705 708
4 708 705 111 706
4 722 720 280 721
4 650 722 721 251
4 742 739 290 740
4 741 742 740 289
4 746 744 287 745
4 739 746 745 290
4 750 747 293 748
4 749 750 748 292
4 753 741 289 752
4 747 753 752 293
4 758 755 298 756
4 757 758 756 297
4 762 760 295 761
4 755 762 761 298
4 766 764 301 765
4 744 766 765 287
4 769 757 297 768
4 764 769 768 301
4 312 789 795 794
4 794 795 793 310
4 810 811 809 134
4 135 812 816 815
4 812 310 813 816
4 816 813 321 814
4 310 793 818 813
4 818 806 317 817
4 813 818 817 321
4 814 321 819 822
4 706 111 823 826
4 268 697 834 833
4 833 834 832 327
4 327 832 837 836
4 837 736 124 835
4 836 837 835 326
4 322 838 840 827
4 838 327 836 840
4 840 836 326 839
4 839 326 841 844
4 844 841 330 842
4 853 60 854 856
4 856 854 311 855
4 868 865 341 866
4 872 870 338 871
4 865 872 871 341
4 883 881 345 882
4 870 883 882 338
4 887 885 343 886
4 881 887 886 345
4 345 886 891 890
4 886 343 888 891
4 891 888 144 889
4 889 144 894 897
4 895 346 898 901
4 901 898 66 899
4 899 66 907 909
4 909 907 350 908
4 917 914 357 915
4 915 357 918 921
4 921 918 355 919
4 920 921 919 149
4 929 927 365 928
4 885 929 928 343
4 933 931 363 932
4 927 933 932 365
4 937 935 369 936
4 931 937 936 363
4 941 939 367 940
4 935 941 940 369
4 945 943 379 944
4 939 945 944 367
4 949 947 377 948
4 943 949 948 379
4 379 948 953 952
4 948 377 950 953
4 952 953 951 378
4 957 955 383 956
4 947 957 956 377
4 961 959 381 960
4 955 961 960 383
4 370 976 979 978
4 978 979 977 72
4 395 988 991 990
4 990 991 989 394
4 394 989 995 994
4 398 1000 1003 1002
4 1000 399 998 1003
4 1002 1003 1001 164
4 405 1004 1008 1007
4 1004 402 1005 1008
4 1007 1008 1006 403
4 164 1001 1012 1011
4 403 1006 1019 1018
4 1018 1019 1017 412
4 75 1024 1028 1027
4 1027 1028 1026 415
4 1044 1041 425 1042
4 1043 1044 1042 424
4 1048 1046 422 1047
4 1041 1048 1047 425
4 1052 1050 428 1051
4 760 1052 1051 295
4 1055 1043 424 1054
4 1050 1055 1054 428
4 1059 1056 429 1057
4 1057 429 1060 1063
4 1063 1060 179 1061
4 1070 1068 439 1069
4 1046 1070 1069 422
4 1071 438 1072 1075
4 1075 1072 443 1073
4 1074 1075 1073 442
4 444 1076 1079 1078
4 1078 1079 1077 448
4 448 1077 1083 1082
4 1102 1099 181 1100
4 1100 181 1108 1110
4 1110 1108 450 1109
4 1112 457 1120 1123
4 1123 1120 467 1121
4 1121 467 1124 1126
4 1126 1124 466 1125
4 1116 1126 1125 188
4 1130 1127 470 1128
4 1128 470 1131 1134
4 1134 1131 186 1132
4 1133 1134 1132 472
4 180 1139 1143 1142
4 1139 446 1140 1143
4 1142 1143 1141 475
4 475 1141 1150 1149
4 476 1155 1158 1157
4 1155 191 1153 1158
4 1157 1158 1156 486
4 486 1156 1162 1161
4 1161 1162 1160 485
4 489 1171 1174 1173
4 1173 1174 1172 194
4 1184 498 1187 1190
4 1190 1187 496 1188
4 503 1191 1194 1193
4 1193 1194 1192 501
4 501 1192 1198 1197
4 507 1203 1206 1205
4 1203 513 1201 1206
4 1205 1206 1204 202
4 202 1204 1210 1209
4 520 1215 1218 1217
4 1215 516 1213 1218
4 1217 1218 1216 518
4 518 1216 1222 1221
4 1221 1222 1220 524
4 205 1227 1231 1230
4 1230 1231 1229 527
4 319 1243 1246 1239
4 1243 134 1244 1246
4 1246 1244 529 1245
4 1245 529 1247 1250
4 1250 1247 210 1248
4 134 809 1253 1244
4 1244 1253 1252 529
4 534 1259 1265 1264
4 1264 1265 1263 539
4 1266 539 1267 1270
4 1270 1267 537 1268
4 1288 1289 1287 549
4 549 1287 1297 1296
4 1297 1293 548 1295
4 1296 1297 1295 214
4 1303 505 1306 1309
4 1309 1306 36 1307
4 559 1315 1320 1319
4 1319 1320 1318 557
4 558 1321 1324 1323
4 1321 559 1319 1324
4 1324 1319 557 1322
4 562 1329 1332 1331
4 1329 549 1296 1332
4 1332 1296 214 1330
4 1330 214 1336 1339
4 1322 557 1343 1346
4 1346 1343 569 1344
4 1307 36 1355 1357
4 1357 1355 509 1356
4 1351 1357 1356 571
4 566 1352 1361 1360
4 1361 1358 570 1359
4 1360 1361 1359 221
4 1366 221 1367 1369
4 1369 1367 573 1368
4 219 1378 1381 1374
4 1378 572 1379 1381
4 1381 1379 583 1380
4 1380 583 1382 1385
4 582 1390 1392 1386
4 1390 205 1230 1392
4 1392 1230 527 1391
4 1391 527 1237 1395
4 240 3069 3071 625
4 3069 103 3070 3071
4 3071 3070 242 629
4 625 3071 629 245
4 249 643 3073 3072
4 643 247 658 3073
4 3073 658 109 668
4 3072 3073 668 248
4 53 3074 3076 712
4 3074 258 3075 3076
4 3076 3075 263 675
4 712 3076 675 262
4 258 672 3078 3075
4 672 108 682 3078
4 3078 682 260 3077
4 3075 3078 3077 263
4 263 3077 3080 676
4 3077 260 686 3080
4 3080 686 113 3079
4 676 3080 3079 261
4 269 689 3082 705
4 689 270 698 3082
4 3082 698 268 3081
4 705 3082 3081 111
4 261 3079 3083 700
4 3079 113 690 3083
4 3083 690 269 704
4 700 3083 704 273
4 290 745 3086 3085
4 745 287 3084 3086
4 3086 3084 61 800
4 3085 3086 800 288
4 289 740 3088 3087
4 740 290 3085 3088
4 3088 3085 288 796
4 3087 3088 796 123
4 293 752 3090 3089
4 752 289 3087 3090
4 3090 3087 123 787
4 3089 3090 787 291
4 298 761 3093 3092
4 761 295 3091 3093
4 3093 3091 58 783
4 3092 3093 783 296
4 297 756 3095 3094
4 756 298 3092 3095
4 3095 3092 296 779
4 3094 3095 779 128
4 301 768 3097 3096
4 768 297 3094 3097
4 3097 3094 128 775
4 3096 3097 775 300
4 287 765 3098 3084
4 765 301 3096 3098
4 3098 3096 300 770
4 3084 3098 770 61
4 60 3099 3101 854
4 3099 291 790 3101
4 3101 790 312 3100
4 854 3101 3100 311
4 311 3100 3102 857
4 3100 312 794 3102
4 3102 794 310 812
4 857 3102 812 135
4 321 817 3103 819
4 817 317 810 3103
4 3103 810 134 1243
4 819 3103 1243 319
4 111 3081 3104 823
4 3081 268 833 3104
4 3104 833 327 838
4 823 3104 838 322
4 326 835 3106 841
4 835 124 749 3106
4 3106 749 292 3105
4 841 3106 3105 330
4 330 3105 3108 845
4 3105 292 3107 3108
4 3108 3107 60 853
4 845 3108 853 328
4 353 908 3111 910
4 908 350 3109 3111
4 3111 3109 148 3110
4 910 3111 3110 351
4 351 3110 3114 914
4 3110 148 3112 3114
4 3114 3112 354 3113
4 914 3114 3113 357
4 144 3115 3118 894
4 3115 364 3116 3118
4 3118 3116 375 3117
4 894 3118 3117 346
4 153 3119 3121 3120
4 3119 378 970 3121
4 3121 970 386 976
4 3120 3121 976 370
4 371 3122 3124 3123
4 3122 72 982 3124
4 3124 982 389 988
4 3123 3124 988 395
4 165 3125 3127 3126
4 3125 394 994 3127
4 3127 994 399 1000
4 3126 3127 1000 398
4 400 3128 3130 3129
4 3128 164 1011 3130
4 3130 1011 402 1004
4 3129 3130 1004 405
4 411 3131 3133 3132
4 3131 412 1022 3133
4 3133 1022 410 1024
4 3132 3133 1024 75
4 425 1047 3136 3135
4 1047 422 3134 3136
4 3136 3134 78 1096
4 3135 3136 1096 423
4 424 1042 3138 3137
4 1042 425 3135 3138
4 3138 3135 423 1092
4 3137 3138 1092 176
4 428 1054 3140 3139
4 1054 424 3137 3140
4 3140 3137 176 1088
4 3139 3140 1088 427
4 295 1051 3141 3091
4 1051 428 3139 3141
4 3141 3139 427 1084
4 3091 3141 1084 58
4 149 919 3144 1056
4 919 355 3142 3144
4 3144 3142 434 3143
4 1056 3144 3143 429
4 430 1061 3147 1068
4 1061 179 3145 3147
4 3147 3145 436 3146
4 1068 3147 3146 439
4 422 1069 3149 3134
4 1069 439 3148 3149
4 3149 3148 438 1071
4 3134 3149 1071 78
4 442 1073 3152 1099
4 1073 443 3150 3152
4 3152 3150 441 3151
4 1099 3152 3151 181
4 445 3153 3155 3154
4 3153 415 1034 3155
4 3155 1034 172 1076
4 3154 3155 1076 444
4 447 3156 3158 3157
4 3156 448 1082 3158
4 3158 1082 446 1139
4 3157 3158 1139 180
4 459 1109 3161 1111
4 1109 450 3159 3161
4 3161 3159 77 3160
4 1111 3161 3160 457
4 188 1125 3164 1127
4 1125 466 3162 3164
4 3164 3162 471 3163
4 1127 3164 3163 470
4 477 3165 3167 3166
4 3165 475 1149 3167
4 3167 1149 191 1155
4 3166 3167 1155 476
4 82 3168 3170 3169
4 3168 485 1165 3170
4 3170 1165 490 1171
4 3169 3170 1171 489
4 472 1132 3173 1183
4 1132 186 3171 3173
4 3173 3171 495 3172
4 1183 3173 3172 498
4 499 3174 3176 3175
4 3174 194 1177 3176
4 3176 1177 493 1191
4 3175 3176 1191 503
4 197 1188 3179 1302
4 1188 496 3177 3179
4 3179 3177 506 3178
4 1302 3179 3178 505
4 196 3180 3182 3181
4 3180 501 1197 3182
4 3182 1197 513 1203
4 3181 3182 1203 507
4 508 3183 3185 3184
4 3183 202 1209 3185
4 3185 1209 516 1215
4 3184 3185 1215 520
4 523 3186 3188 3187
4 3186 524 1225 3188
4 3188 1225 522 1227
4 3187 3188 1227 205
4 529 1252 3190 1247
4 1252 535 1260 3190
4 3190 1260 534 3189
4 1247 3190 3189 210
4 210 3189 3191 1271
4 3189 534 1264 3191
4 3191 1264 539 1266
4 1271 3191 1266 538
4 539 1263 3193 1267
4 1263 536 1284 3193
4 3193 1284 89 3192
4 1267 3193 3192 537
4 214 1295 3194 1336
4 1295 548 1316 3194
4 3194 1316 559 1321
4 1336 3194 1321 558
4 537 3192 3195 1325
4 3192 89 1288 3195
4 3195 1288 549 1329
4 1325 3195 1329 562
4 557 1318 3197 1343
4 1318 213 1353 3197
4 3197 1353 566 3196
4 1343 3197 3196 569
4 569 3196 3198 1347
4 3196 566 1360 3198
4 3198 1360 221 1366
4 1347 3198 1366 567
4 571 1356 3201 1358
4 1356 509 3199 3201
4 3201 3199 201 3200
4 1358 3201 3200 570
4 573 3202 3204 1370
4 3202 574 3203 3204
4 3204 3203 572 1378
4 1370 3204 1378 219
4 583 3205 3206 1382
4 3205 523 3187 3206
4 3206 3187 205 1390
4 1382 3206 1390 582

CELL_TYPES 544
 9 9 9 9 9 9 9 9 9 9 9 9 9 9 9 9 9 9 9 9 9 9 9 9 9 9 9 9 9 9
 9 9 9 9 9 9 9 9 9 9 9 9 9 9 9 9 9 9 9 9 9 9 9 9 9 9 9 9 9 9
 9 9 9 9 9 9 9 9 9 9 9 9 9 9 9 9 9 9 9 9 9 9 9 9 9 9 9 9 9 9
 9 9 9 9 9 9 9 9 9 9 9 9 9 9 9 9 9 9 9 9 9 9 9 9 9 9 9 9 9 9
 9 9 9 9 9 9 9 9 9 9 9 9 9 9 9 9 9 9 9 9 9 9 9 9 9 9 9 9 9 9
 9 9 9 9 9 9 9 9 9 9 9 9 9 9 9 9 9 9 9 9 9 9 9 9 9 9 9 9 9 9
 9 9 9 9 9 9 9 9 9 9 9 9 9 9 9 9 9 9 9 9 9 9 9 9 9 9 9 9 9 9
 9 9 9 9 9 9 9 9 9 9 9 9 9 9 9 9 9 9 9 9 9 9 9 9 9 9 9 9 9 9
 9 9 9 9 9 9 9 9 9 9 9 9 9 9 9 9 9 9 9 9 9 9 9 9 9 9 9 9 9 9
 9 9 9 9 9 9 9 9 9 9 9 9 9 9 9 9 9 9 9 9 9 9 9 9 9 9 9 9 9 9
 9 9 9 9 9 9 9 9 9 9 9 9 9 9 9 9 9 9 9 9 9 9 9 9 9 9 9 9 9 9
 9 9 9 9 9 9 9 9 9 9 9 9 9 9 9 9 9 9 9 9 9 9 9 9 9 9 9 9 9 9
 9 9 9 9 9 9 9 9 9 9 9 9 9 9 9 9 9 9 9 9 9 9 9 9 9 9 9 9 9 9
 9 9 9 9 9 9 9 9 9 9 9 9 9 9 9 9 9 9 9 9 9 9 9 9 9 9 9 9 9 9
 9 9 9 9 9 9 9 9 9 9 9 9 9 9 9 9 9 9 9 9 9 9 9 9 9 9 9 9 9 9
 9 9 9 9 9 9 9 9 9 9 9 9 9 9 9 9 9 9 9 9 9 9 9 9 9 9 9 9 9 9
 9 9 9 9 9 9 9 9 9 9 9 9 9 9 9 9 9 9 9 9 9 9 9 9 9 9 9 9 9 9
 9 9 9 9 9 9 9 9 9 9 9 9 9 9 9 9 9 9 9 9 9 9 9 9 9 9 9 9 9 9
 9 9 9 9
CELL_DATA 544
SCALARS elemType int 1
LOOKUP_TABLE my_color
 1 1 1 1 1 1 1 1 1 1 1 1 1 1 1 1 1 1 1 1 1 1 1 1 1 1 1 1 1 1
 1 1 1 1 1 1 1 1 1 1 1 1 1 1 1 1 1 1 1 1 1 1 1 1 1 1 1 1 1 1
 1 1 1 1 1 1 1 1 1 1 1 1 1 1 1 1 1 1 1 1 1 1 1 1 1 1 1 1 1 1
 1 1 1 1 1 1 1 1 1 1 1 1 1 1 1 1 1 1 1 1 1 1 1 1 1 1 1 1 1 1
 1 1 1 1 1 1 1 1 1 1 1 1 1 1 1 1 1 1 1 1 1 1 1 1 1 1 1 1 1 1
 1 1 1 1 1 1 1 1 1 1 1 1 1 1 1 1 1 1 1 1 1 1 1 1 1 1 1 1 1 1
 1 1 1 1 1 1 1 1 1 1 1 1 1 1 1 1 1 1 1 1 1 1 1 1 1 1 1 1 1 1
 1 1 1 1 1 1 1 1 1 1 1 1 1 1 1 1 1 1 1 1 1 1 1 1 1 1 1 1 1 1
 1 1 1 1 1 1 1 1 1 1 1 1 1 1 1 1 1 1 1 1 1 1 1 1 1 1 1 1 1 1
 1 1 1 1 1 1 1 1 1 1 1 1 1 1 1 1 1 1 1 1 1 1 1 1 1 1 1 1 1 1
 1 1 1 1 1 1 1 1 1 1 1 1 1 1 1 1 1 1 1 1 1 1 1 1 1 1 1 1 1 1
 1 1 1 1 1 1 1 1 1 1 1 1 1 1 1 1 1 1 1 1 1 1 1 1 1 1 1 1 1 1
 1 1 1 1 1 1 1 1 1 1 1 1 1 1 1 1 1 1 1 1 1 1 1 1 1 1 1 1 1 1
 1 1 1 1 1 1 1 1 1 1 1 1 1 1 1 1 1 1 1 1 1 1 1 1 1 1 1 1 1 1
 1 1 1 1 1 1 1 1 1 1 1 1 1 1 1 1 1 1 1 1 1 1 1 1 1 1 1 1 1 1
 1 1 1 1 1 1 1 1 1 1 1 1 1 1 1 1 1 1 1 1 1 1 1 1 1 1 1 1 1 1
 1 1 1 1 1 1 1 1 1 1 1 1 1 1 1 1 1 1 1 1 1 1 1 1 1 1 1 1 1 1
 1 1 1 1 1 1 1 1 1 1 1 1 1 1 1 1 1 1 1 1 1 1 1 1 1 1 1 1 1 1
 1 1 1 1
LOOKUP_TABLE my_color 2
1.0 0.0 1.0 1.0
0.0 1.0 1.0 1.0


SCALARS debugging int 1
LOOKUP_TABLE default