# vtk DataFile Version 2.0
vtk file: 2D Unstructured Grid outputN8A7
ASCII

DATASET UNSTRUCTURED_GRID
POINTS 2998 float
 +4.65041899E-01 -9.80277133E-02 +0.00000000E+00 +4.97717803E-01 -9.80277133E-02 +0.00000000E+00
 +4.97717803E-01 -6.53518089E-02 +0.00000000E+00 +4.65041899E-01 -6.53518089E-02 +0.00000000E+00
 +4.65041899E-01 +6.53518089E-02 +0.00000000E+00 +4.97717803E-01 +6.53518089E-02 +0.00000000E+00
 +4.97717803E-01 +9.80277133E-02 +0.00000000E+00 +4.65041899E-01 +9.80277133E-02 +0.00000000E+00
 +7.26449134E-01 -1.63379522E-01 +0.00000000E+00 +7.59125038E-01 -1.63379522E-01 +0.00000000E+00
 +7.59125038E-01 -1.30703618E-01 +0.00000000E+00 +7.26449134E-01 -1.30703618E-01 +0.00000000E+00
 +7.26449134E-01 -6.53518089E-02 +0.00000000E+00 +7.59125038E-01 -6.53518089E-02 +0.00000000E+00
 +7.59125038E-01 -3.26759044E-02 +0.00000000E+00 +7.26449134E-01 -3.26759044E-02 +0.00000000E+00
 +7.59125038E-01 +0.00000000E+00 +0.00000000E+00 +7.26449134E-01 +0.00000000E+00 +0.00000000E+00
 +7.59125038E-01 +3.26759044E-02 +0.00000000E+00 +7.26449134E-01 +3.26759044E-02 +0.00000000E+00
 +7.59125038E-01 +6.53518089E-02 +0.00000000E+00 +7.26449134E-01 +6.53518089E-02 +0.00000000E+00
 +7.26449134E-01 +1.30703618E-01 +0.00000000E+00 +7.59125038E-01 +1.30703618E-01 +0.00000000E+00
 +7.59125038E-01 +1.63379522E-01 +0.00000000E+00 +7.26449134E-01 +1.63379522E-01 +0.00000000E+00
 +8.24476847E-01 -1.30703618E-01 +0.00000000E+00 +8.24476847E-01 -6.53518089E-02 +0.00000000E+00
 +8.89828656E-01 -1.30703618E-01 +0.00000000E+00 +8.89828656E-01 -6.53518089E-02 +0.00000000E+00
 +8.24476847E-01 +0.00000000E+00 +0.00000000E+00 +8.24476847E-01 +6.53518089E-02 +0.00000000E+00
 +8.89828656E-01 +6.53518089E-02 +0.00000000E+00 +8.89828656E-01 +1.30703618E-01 +0.00000000E+00
 +8.24476847E-01 +1.30703618E-01 +0.00000000E+00 +2.19972615E-01 -4.90138566E-02 +0.00000000E+00
 +2.36310568E-01 -4.90138566E-02 +0.00000000E+00 +2.36310568E-01 -3.26759044E-02 +0.00000000E+00
 +2.19972615E-01 -3.26759044E-02 +0.00000000E+00 +1.21944902E-01 -1.63379522E-02 +0.00000000E+00
 +1.38282854E-01 -1.63379522E-02 +0.00000000E+00 +1.38282854E-01 +0.00000000E+00 +0.00000000E+00
 +1.21944902E-01 +0.00000000E+00 +0.00000000E+00 +1.05606950E-01 -1.63379522E-02 +0.00000000E+00
 +1.05606950E-01 +0.00000000E+00 +0.00000000E+00 +8.92689976E-02 -1.63379522E-02 +0.00000000E+00
 +8.92689976E-02 +0.00000000E+00 +0.00000000E+00 +4.81379851E-01 -1.14365666E-01 +0.00000000E+00
 +4.97717803E-01 -1.14365666E-01 +0.00000000E+00 +4.81379851E-01 -9.80277133E-02 +0.00000000E+00
 +4.65041899E-01 -1.14365666E-01 +0.00000000E+00 +3.50676233E-01 -8.16897611E-02 +0.00000000E+00
 +3.67014185E-01 -8.16897611E-02 +0.00000000E+00 +3.67014185E-01 -6.53518089E-02 +0.00000000E+00
 +3.50676233E-01 -6.53518089E-02 +0.00000000E+00 +3.34338281E-01 -8.16897611E-02 +0.00000000E+00
 +3.34338281E-01 -6.53518089E-02 +0.00000000E+00 +3.34338281E-01 +6.53518089E-02 +0.00000000E+00
 +3.50676233E-01 +6.53518089E-02 +0.00000000E+00 +3.50676233E-01 +8.16897611E-02 +0.00000000E+00
 +3.34338281E-01 +8.16897611E-02 +0.00000000E+00 +3.67014185E-01 +6.53518089E-02 +0.00000000E+00
 +3.67014185E-01 +8.16897611E-02 +0.00000000E+00 +4.81379851E-01 +9.80277133E-02 +0.00000000E+00
 +4.81379851E-01 +1.14365666E-01 +0.00000000E+00 +4.65041899E-01 +1.14365666E-01 +0.00000000E+00
 +4.97717803E-01 +1.14365666E-01 +0.00000000E+00 +1.05606950E-01 +1.63379522E-02 +0.00000000E+00
 +8.92689976E-02 +1.63379522E-02 +0.00000000E+00 +1.21944902E-01 +1.63379522E-02 +0.00000000E+00
 +1.38282854E-01 +1.63379522E-02 +0.00000000E+00 +2.19972615E-01 +3.26759044E-02 +0.00000000E+00
 +2.36310568E-01 +3.26759044E-02 +0.00000000E+00 +2.36310568E-01 +4.90138566E-02 +0.00000000E+00
 +2.19972615E-01 +4.90138566E-02 +0.00000000E+00 +6.12083469E-01 -1.47041570E-01 +0.00000000E+00
 +6.28421421E-01 -1.47041570E-01 +0.00000000E+00 +6.28421421E-01 -1.30703618E-01 +0.00000000E+00
 +6.12083469E-01 -1.30703618E-01 +0.00000000E+00 +5.95745516E-01 -1.47041570E-01 +0.00000000E+00
 +5.95745516E-01 -1.30703618E-01 +0.00000000E+00 +5.79407564E-01 -1.47041570E-01 +0.00000000E+00
 +5.79407564E-01 -1.30703618E-01 +0.00000000E+00 +7.10111182E-01 -1.79717474E-01 +0.00000000E+00
 +7.26449134E-01 -1.79717474E-01 +0.00000000E+00 +7.10111182E-01 -1.63379522E-01 +0.00000000E+00
 +6.77435277E-01 -9.80277133E-02 +0.00000000E+00 +6.93773230E-01 -9.80277133E-02 +0.00000000E+00
 +6.93773230E-01 -8.16897611E-02 +0.00000000E+00 +6.77435277E-01 -8.16897611E-02 +0.00000000E+00
 +7.10111182E-01 -3.26759044E-02 +0.00000000E+00 +7.26449134E-01 -1.63379522E-02 +0.00000000E+00
 +7.10111182E-01 -1.63379522E-02 +0.00000000E+00 +7.10111182E-01 +0.00000000E+00 +0.00000000E+00
 +5.14055755E-01 -9.80277133E-02 +0.00000000E+00 +5.14055755E-01 -8.16897611E-02 +0.00000000E+00
 +4.97717803E-01 -8.16897611E-02 +0.00000000E+00 +5.30393707E-01 -9.80277133E-02 +0.00000000E+00
 +5.30393707E-01 -8.16897611E-02 +0.00000000E+00 +5.14055755E-01 -6.53518089E-02 +0.00000000E+00
 +8.40814800E-01 -2.12393379E-01 +0.00000000E+00 +8.57152752E-01 -2.12393379E-01 +0.00000000E+00
 +8.57152752E-01 -1.96055427E-01 +0.00000000E+00 +8.40814800E-01 -1.96055427E-01 +0.00000000E+00
 +8.24476847E-01 -2.12393379E-01 +0.00000000E+00 +8.24476847E-01 -1.96055427E-01 +0.00000000E+00
 +9.55180465E-01 -1.96055427E-01 +0.00000000E+00 +9.71518417E-01 -1.96055427E-01 +0.00000000E+00
 +9.71518417E-01 -1.79717474E-01 +0.00000000E+00 +9.55180465E-01 -1.79717474E-01 +0.00000000E+00
 +9.71518417E-01 -1.63379522E-01 +0.00000000E+00 +9.55180465E-01 -1.63379522E-01 +0.00000000E+00
 +9.55180465E-01 -9.80277133E-02 +0.00000000E+00 +9.71518417E-01 -9.80277133E-02 +0.00000000E+00
 +9.71518417E-01 -8.16897611E-02 +0.00000000E+00 +9.55180465E-01 -8.16897611E-02 +0.00000000E+00
 +9.22504561E-01 -6.53518089E-02 +0.00000000E+00 +9.38842513E-01 -6.53518089E-02 +0.00000000E+00
 +9.38842513E-01 -4.90138566E-02 +0.00000000E+00 +9.22504561E-01 -4.90138566E-02 +0.00000000E+00
 +8.89828656E-01 -3.26759044E-02 +0.00000000E+00 +9.06166608E-01 -3.26759044E-02 +0.00000000E+00
 +9.06166608E-01 -1.63379522E-02 +0.00000000E+00 +8.89828656E-01 -1.63379522E-02 +0.00000000E+00
 +8.89828656E-01 +1.63379522E-02 +0.00000000E+00 +9.06166608E-01 +1.63379522E-02 +0.00000000E+00
 +9.06166608E-01 +3.26759044E-02 +0.00000000E+00 +8.89828656E-01 +3.26759044E-02 +0.00000000E+00
 +9.22504561E-01 +4.90138566E-02 +0.00000000E+00 +9.38842513E-01 +4.90138566E-02 +0.00000000E+00
 +9.38842513E-01 +6.53518089E-02 +0.00000000E+00 +9.22504561E-01 +6.53518089E-02 +0.00000000E+00
 +9.55180465E-01 +8.16897611E-02 +0.00000000E+00 +9.71518417E-01 +8.16897611E-02 +0.00000000E+00
 +9.71518417E-01 +9.80277133E-02 +0.00000000E+00 +9.55180465E-01 +9.80277133E-02 +0.00000000E+00
 +9.55180465E-01 +1.63379522E-01 +0.00000000E+00 +9.71518417E-01 +1.63379522E-01 +0.00000000E+00
 +9.71518417E-01 +1.79717474E-01 +0.00000000E+00 +9.55180465E-01 +1.79717474E-01 +0.00000000E+00
 +9.71518417E-01 +1.96055427E-01 +0.00000000E+00 +9.55180465E-01 +1.96055427E-01 +0.00000000E+00
 +8.24476847E-01 +1.96055427E-01 +0.00000000E+00 +8.40814800E-01 +1.96055427E-01 +0.00000000E+00
 +8.40814800E-01 +2.12393379E-01 +0.00000000E+00 +8.24476847E-01 +2.12393379E-01 +0.00000000E+00
 +8.57152752E-01 +1.96055427E-01 +0.00000000E+00 +8.57152752E-01 +2.12393379E-01 +0.00000000E+00
 +5.14055755E-01 +6.53518089E-02 +0.00000000E+00 +5.14055755E-01 +8.16897611E-02 +0.00000000E+00
 +4.97717803E-01 +8.16897611E-02 +0.00000000E+00 +5.30393707E-01 +8.16897611E-02 +0.00000000E+00
 +5.30393707E-01 +9.80277133E-02 +0.00000000E+00 +5.14055755E-01 +9.80277133E-02 +0.00000000E+00
 +7.26449134E-01 +1.63379522E-02 +0.00000000E+00 +7.10111182E-01 +1.63379522E-02 +0.00000000E+00
 +7.10111182E-01 +3.26759044E-02 +0.00000000E+00 +6.77435277E-01 +8.16897611E-02 +0.00000000E+00
 +6.93773230E-01 +8.16897611E-02 +0.00000000E+00 +6.93773230E-01 +9.80277133E-02 +0.00000000E+00
 +6.77435277E-01 +9.80277133E-02 +0.00000000E+00 +7.10111182E-01 +1.63379522E-01 +0.00000000E+00
 +7.26449134E-01 +1.79717474E-01 +0.00000000E+00 +7.10111182E-01 +1.79717474E-01 +0.00000000E+00
 +5.79407564E-01 +1.30703618E-01 +0.00000000E+00 +5.95745516E-01 +1.30703618E-01 +0.00000000E+00
 +5.95745516E-01 +1.47041570E-01 +0.00000000E+00 +5.79407564E-01 +1.47041570E-01 +0.00000000E+00
 +6.12083469E-01 +1.30703618E-01 +0.00000000E+00 +6.12083469E-01 +1.47041570E-01 +0.00000000E+00
 +6.28421421E-01 +1.30703618E-01 +0.00000000E+00 +6.28421421E-01 +1.47041570E-01 +0.00000000E+00
 +4.32365994E-01 -6.53518089E-02 +0.00000000E+00 +4.65041899E-01 -3.26759044E-02 +0.00000000E+00
 +4.32365994E-01 -3.26759044E-02 +0.00000000E+00 +4.65041899E-01 +0.00000000E+00 +0.00000000E+00
 +4.32365994E-01 +0.00000000E+00 +0.00000000E+00 +3.67014185E-01 -3.26759044E-02 +0.00000000E+00
 +3.34338281E-01 -3.26759044E-02 +0.00000000E+00 +3.67014185E-01 +0.00000000E+00 +0.00000000E+00
 +3.34338281E-01 +0.00000000E+00 +0.00000000E+00 +3.01662376E-01 -3.26759044E-02 +0.00000000E+00
 +3.01662376E-01 +0.00000000E+00 +0.00000000E+00 +2.68986472E-01 -3.26759044E-02 +0.00000000E+00
 +2.68986472E-01 +0.00000000E+00 +0.00000000E+00 +2.36310568E-01 +0.00000000E+00 +0.00000000E+00
 +2.68986472E-01 +3.26759044E-02 +0.00000000E+00 +3.01662376E-01 +3.26759044E-02 +0.00000000E+00
 +3.34338281E-01 +3.26759044E-02 +0.00000000E+00 +3.67014185E-01 +3.26759044E-02 +0.00000000E+00
 +4.65041899E-01 +3.26759044E-02 +0.00000000E+00 +4.32365994E-01 +3.26759044E-02 +0.00000000E+00
 +4.32365994E-01 +6.53518089E-02 +0.00000000E+00 +6.93773230E-01 -1.30703618E-01 +0.00000000E+00
 +7.26449134E-01 -9.80277133E-02 +0.00000000E+00 +7.59125038E-01 -9.80277133E-02 +0.00000000E+00
 +8.57152752E-01 -1.63379522E-01 +0.00000000E+00 +8.24476847E-01 -1.63379522E-01 +0.00000000E+00
 +8.89828656E-01 -1.96055427E-01 +0.00000000E+00 +8.89828656E-01 -1.63379522E-01 +0.00000000E+00
 +8.57152752E-01 -1.30703618E-01 +0.00000000E+00 +7.91800943E-01 -1.63379522E-01 +0.00000000E+00
 +7.91800943E-01 -1.30703618E-01 +0.00000000E+00 +9.22504561E-01 -1.96055427E-01 +0.00000000E+00
 +9.22504561E-01 -1.63379522E-01 +0.00000000E+00 +9.55180465E-01 -1.30703618E-01 +0.00000000E+00
 +9.22504561E-01 -1.30703618E-01 +0.00000000E+00 +9.22504561E-01 -9.80277133E-02 +0.00000000E+00
 +8.89828656E-01 -9.80277133E-02 +0.00000000E+00 +9.22504561E-01 +9.80277133E-02 +0.00000000E+00
 +8.89828656E-01 +9.80277133E-02 +0.00000000E+00 +9.55180465E-01 +1.30703618E-01 +0.00000000E+00
 +9.22504561E-01 +1.30703618E-01 +0.00000000E+00 +9.22504561E-01 +1.63379522E-01 +0.00000000E+00
 +8.89828656E-01 +1.63379522E-01 +0.00000000E+00 +9.22504561E-01 +1.96055427E-01 +0.00000000E+00
 +8.89828656E-01 +1.96055427E-01 +0.00000000E+00 +7.91800943E-01 +1.30703618E-01 +0.00000000E+00
 +7.91800943E-01 +1.63379522E-01 +0.00000000E+00 +8.24476847E-01 +1.63379522E-01 +0.00000000E+00
 +8.57152752E-01 +1.30703618E-01 +0.00000000E+00 +8.57152752E-01 +1.63379522E-01 +0.00000000E+00
 +7.59125038E-01 +9.80277133E-02 +0.00000000E+00 +7.26449134E-01 +9.80277133E-02 +0.00000000E+00
 +6.93773230E-01 +1.30703618E-01 +0.00000000E+00 +8.57152752E-01 -6.53518089E-02 +0.00000000E+00
 +8.57152752E-01 -3.26759044E-02 +0.00000000E+00 +8.24476847E-01 -3.26759044E-02 +0.00000000E+00
 +8.57152752E-01 +0.00000000E+00 +0.00000000E+00 +8.57152752E-01 +3.26759044E-02 +0.00000000E+00
 +8.24476847E-01 +3.26759044E-02 +0.00000000E+00 +8.57152752E-01 +6.53518089E-02 +0.00000000E+00
 +1.79127735E-01 -4.08448805E-02 +0.00000000E+00 +1.87296711E-01 -4.08448805E-02 +0.00000000E+00
 +1.87296711E-01 -3.26759044E-02 +0.00000000E+00 +1.79127735E-01 -3.26759044E-02 +0.00000000E+00
 +1.70958759E-01 -4.08448805E-02 +0.00000000E+00 +1.70958759E-01 -3.26759044E-02 +0.00000000E+00
 +2.11803639E-01 -5.71828328E-02 +0.00000000E+00 +2.19972615E-01 -5.71828328E-02 +0.00000000E+00
 +2.11803639E-01 -4.90138566E-02 +0.00000000E+00 +2.28141591E-01 -5.71828328E-02 +0.00000000E+00
 +2.36310568E-01 -5.71828328E-02 +0.00000000E+00 +2.28141591E-01 -4.90138566E-02 +0.00000000E+00
 +1.62789783E-01 -4.08448805E-02 +0.00000000E+00 +1.62789783E-01 -3.26759044E-02 +0.00000000E+00
 +1.54620806E-01 -4.08448805E-02 +0.00000000E+00 +1.54620806E-01 -3.26759044E-02 +0.00000000E+00
 +1.13775926E-01 -2.45069283E-02 +0.00000000E+00 +1.21944902E-01 -2.45069283E-02 +0.00000000E+00
 +1.13775926E-01 -1.63379522E-02 +0.00000000E+00 +1.05606950E-01 -2.45069283E-02 +0.00000000E+00
 +9.74379737E-02 -2.45069283E-02 +0.00000000E+00 +9.74379737E-02 -1.63379522E-02 +0.00000000E+00
 +8.92689976E-02 -2.45069283E-02 +0.00000000E+00 +4.84241171E-02 -8.16897611E-03 +0.00000000E+00
 +5.65930932E-02 -8.16897611E-03 +0.00000000E+00 +5.65930932E-02 +0.00000000E+00 +0.00000000E+00
 +4.84241171E-02 +0.00000000E+00 +0.00000000E+00 +4.02551410E-02 -8.16897611E-03 +0.00000000E+00
 +4.02551410E-02 +0.00000000E+00 +0.00000000E+00 +3.20861649E-02 -8.16897611E-03 +0.00000000E+00
 +3.20861649E-02 +0.00000000E+00 +0.00000000E+00 +4.24197018E-01 -1.06196689E-01 +0.00000000E+00
 +4.32365994E-01 -1.06196689E-01 +0.00000000E+00 +4.32365994E-01 -9.80277133E-02 +0.00000000E+00
 +4.24197018E-01 -9.80277133E-02 +0.00000000E+00 +4.16028042E-01 -1.06196689E-01 +0.00000000E+00
 +4.16028042E-01 -9.80277133E-02 +0.00000000E+00 +4.07859066E-01 -1.06196689E-01 +0.00000000E+00
 +4.07859066E-01 -9.80277133E-02 +0.00000000E+00 +3.99690090E-01 -1.06196689E-01 +0.00000000E+00
 +3.99690090E-01 -9.80277133E-02 +0.00000000E+00 +4.56872922E-01 -1.22534642E-01 +0.00000000E+00
 +4.65041899E-01 -1.22534642E-01 +0.00000000E+00 +4.56872922E-01 -1.14365666E-01 +0.00000000E+00
 +4.73210875E-01 -1.22534642E-01 +0.00000000E+00 +4.81379851E-01 -1.22534642E-01 +0.00000000E+00
 +4.73210875E-01 -1.14365666E-01 +0.00000000E+00 +4.89548827E-01 -1.30703618E-01 +0.00000000E+00
 +4.97717803E-01 -1.30703618E-01 +0.00000000E+00 +4.97717803E-01 -1.22534642E-01 +0.00000000E+00
 +4.89548827E-01 -1.22534642E-01 +0.00000000E+00 +4.89548827E-01 -1.14365666E-01 +0.00000000E+00
 +2.93493400E-01 -7.35207850E-02 +0.00000000E+00 +3.01662376E-01 -7.35207850E-02 +0.00000000E+00
 +3.01662376E-01 -6.53518089E-02 +0.00000000E+00 +2.93493400E-01 -6.53518089E-02 +0.00000000E+00
 +2.85324424E-01 -7.35207850E-02 +0.00000000E+00 +2.85324424E-01 -6.53518089E-02 +0.00000000E+00
 +2.77155448E-01 -7.35207850E-02 +0.00000000E+00 +2.77155448E-01 -6.53518089E-02 +0.00000000E+00
 +3.42507257E-01 -8.98587372E-02 +0.00000000E+00 +3.50676233E-01 -8.98587372E-02 +0.00000000E+00
 +3.42507257E-01 -8.16897611E-02 +0.00000000E+00 +3.34338281E-01 -8.98587372E-02 +0.00000000E+00
 +3.58845209E-01 -8.98587372E-02 +0.00000000E+00 +3.67014185E-01 -8.98587372E-02 +0.00000000E+00
 +3.58845209E-01 -8.16897611E-02 +0.00000000E+00 +3.58845209E-01 +8.16897611E-02 +0.00000000E+00
 +3.58845209E-01 +8.98587372E-02 +0.00000000E+00 +3.50676233E-01 +8.98587372E-02 +0.00000000E+00
 +3.67014185E-01 +8.98587372E-02 +0.00000000E+00 +3.42507257E-01 +8.16897611E-02 +0.00000000E+00
 +3.42507257E-01 +8.98587372E-02 +0.00000000E+00 +3.34338281E-01 +8.98587372E-02 +0.00000000E+00
 +2.77155448E-01 +6.53518089E-02 +0.00000000E+00 +2.85324424E-01 +6.53518089E-02 +0.00000000E+00
 +2.85324424E-01 +7.35207850E-02 +0.00000000E+00 +2.77155448E-01 +7.35207850E-02 +0.00000000E+00
 +2.93493400E-01 +6.53518089E-02 +0.00000000E+00 +2.93493400E-01 +7.35207850E-02 +0.00000000E+00
 +3.01662376E-01 +6.53518089E-02 +0.00000000E+00 +3.01662376E-01 +7.35207850E-02 +0.00000000E+00
 +4.89548827E-01 +1.14365666E-01 +0.00000000E+00 +4.89548827E-01 +1.22534642E-01 +0.00000000E+00
 +4.81379851E-01 +1.22534642E-01 +0.00000000E+00 +4.97717803E-01 +1.22534642E-01 +0.00000000E+00
 +4.97717803E-01 +1.30703618E-01 +0.00000000E+00 +4.89548827E-01 +1.30703618E-01 +0.00000000E+00
 +4.73210875E-01 +1.14365666E-01 +0.00000000E+00 +4.73210875E-01 +1.22534642E-01 +0.00000000E+00
 +4.65041899E-01 +1.22534642E-01 +0.00000000E+00 +4.56872922E-01 +1.14365666E-01 +0.00000000E+00
 +4.56872922E-01 +1.22534642E-01 +0.00000000E+00 +3.99690090E-01 +9.80277133E-02 +0.00000000E+00
 +4.07859066E-01 +9.80277133E-02 +0.00000000E+00 +4.07859066E-01 +1.06196689E-01 +0.00000000E+00
 +3.99690090E-01 +1.06196689E-01 +0.00000000E+00 +4.16028042E-01 +9.80277133E-02 +0.00000000E+00
 +4.16028042E-01 +1.06196689E-01 +0.00000000E+00 +4.24197018E-01 +9.80277133E-02 +0.00000000E+00
 +4.24197018E-01 +1.06196689E-01 +0.00000000E+00 +4.32365994E-01 +9.80277133E-02 +0.00000000E+00
 +4.32365994E-01 +1.06196689E-01 +0.00000000E+00 +4.02551410E-02 +8.16897611E-03 +0.00000000E+00
 +3.20861649E-02 +8.16897611E-03 +0.00000000E+00 +4.84241171E-02 +8.16897611E-03 +0.00000000E+00
 +5.65930932E-02 +8.16897611E-03 +0.00000000E+00 +9.74379737E-02 +1.63379522E-02 +0.00000000E+00
 +9.74379737E-02 +2.45069283E-02 +0.00000000E+00 +8.92689976E-02 +2.45069283E-02 +0.00000000E+00
 +1.05606950E-01 +2.45069283E-02 +0.00000000E+00 +1.13775926E-01 +1.63379522E-02 +0.00000000E+00
 +1.13775926E-01 +2.45069283E-02 +0.00000000E+00 +1.21944902E-01 +2.45069283E-02 +0.00000000E+00
 +1.54620806E-01 +3.26759044E-02 +0.00000000E+00 +1.62789783E-01 +3.26759044E-02 +0.00000000E+00
 +1.62789783E-01 +4.08448805E-02 +0.00000000E+00 +1.54620806E-01 +4.08448805E-02 +0.00000000E+00
 +1.70958759E-01 +3.26759044E-02 +0.00000000E+00 +1.70958759E-01 +4.08448805E-02 +0.00000000E+00
 +2.28141591E-01 +4.90138566E-02 +0.00000000E+00 +2.28141591E-01 +5.71828328E-02 +0.00000000E+00
 +2.19972615E-01 +5.71828328E-02 +0.00000000E+00 +2.36310568E-01 +5.71828328E-02 +0.00000000E+00
 +2.11803639E-01 +4.90138566E-02 +0.00000000E+00 +2.11803639E-01 +5.71828328E-02 +0.00000000E+00
 +1.79127735E-01 +3.26759044E-02 +0.00000000E+00 +1.79127735E-01 +4.08448805E-02 +0.00000000E+00
 +1.87296711E-01 +3.26759044E-02 +0.00000000E+00 +1.87296711E-01 +4.08448805E-02 +0.00000000E+00
 +6.03914492E-01 -1.55210546E-01 +0.00000000E+00 +6.12083469E-01 -1.55210546E-01 +0.00000000E+00
 +6.03914492E-01 -1.47041570E-01 +0.00000000E+00 +5.95745516E-01 -1.55210546E-01 +0.00000000E+00
 +5.87576540E-01 -1.55210546E-01 +0.00000000E+00 +5.87576540E-01 -1.47041570E-01 +0.00000000E+00
 +5.79407564E-01 -1.55210546E-01 +0.00000000E+00 +5.38562684E-01 -1.38872594E-01 +0.00000000E+00
 +5.46731660E-01 -1.38872594E-01 +0.00000000E+00 +5.46731660E-01 -1.30703618E-01 +0.00000000E+00
 +5.38562684E-01 -1.30703618E-01 +0.00000000E+00 +5.30393707E-01 -1.38872594E-01 +0.00000000E+00
 +5.30393707E-01 -1.30703618E-01 +0.00000000E+00 +5.22224731E-01 -1.38872594E-01 +0.00000000E+00
 +5.22224731E-01 -1.30703618E-01 +0.00000000E+00 +7.01942206E-01 -1.87886450E-01 +0.00000000E+00
 +7.10111182E-01 -1.87886450E-01 +0.00000000E+00 +7.01942206E-01 -1.79717474E-01 +0.00000000E+00
 +7.18280158E-01 -1.87886450E-01 +0.00000000E+00 +7.26449134E-01 -1.87886450E-01 +0.00000000E+00
 +7.18280158E-01 -1.79717474E-01 +0.00000000E+00 +6.52928349E-01 -1.71548498E-01 +0.00000000E+00
 +6.61097325E-01 -1.71548498E-01 +0.00000000E+00 +6.61097325E-01 -1.63379522E-01 +0.00000000E+00
 +6.52928349E-01 -1.63379522E-01 +0.00000000E+00 +6.44759373E-01 -1.71548498E-01 +0.00000000E+00
 +6.44759373E-01 -1.63379522E-01 +0.00000000E+00 +6.69266301E-01 -1.79717474E-01 +0.00000000E+00
 +6.77435277E-01 -1.79717474E-01 +0.00000000E+00 +6.77435277E-01 -1.71548498E-01 +0.00000000E+00
 +6.69266301E-01 -1.71548498E-01 +0.00000000E+00 +6.77435277E-01 -1.63379522E-01 +0.00000000E+00
 +6.69266301E-01 -1.63379522E-01 +0.00000000E+00 +6.69266301E-01 -8.16897611E-02 +0.00000000E+00
 +6.77435277E-01 -7.35207850E-02 +0.00000000E+00 +6.69266301E-01 -7.35207850E-02 +0.00000000E+00
 +6.44759373E-01 -9.80277133E-02 +0.00000000E+00 +6.52928349E-01 -9.80277133E-02 +0.00000000E+00
 +6.52928349E-01 -8.98587372E-02 +0.00000000E+00 +6.44759373E-01 -8.98587372E-02 +0.00000000E+00
 +6.61097325E-01 -9.80277133E-02 +0.00000000E+00 +6.61097325E-01 -8.98587372E-02 +0.00000000E+00
 +7.01942206E-01 -3.26759044E-02 +0.00000000E+00 +7.10111182E-01 -2.45069283E-02 +0.00000000E+00
 +7.01942206E-01 -2.45069283E-02 +0.00000000E+00 +7.01942206E-01 -1.63379522E-02 +0.00000000E+00
 +7.10111182E-01 -8.16897611E-03 +0.00000000E+00 +7.01942206E-01 -8.16897611E-03 +0.00000000E+00
 +7.01942206E-01 +0.00000000E+00 +0.00000000E+00 +6.85604253E-01 -6.53518089E-02 +0.00000000E+00
 +6.93773230E-01 -6.53518089E-02 +0.00000000E+00 +6.93773230E-01 -5.71828328E-02 +0.00000000E+00
 +6.85604253E-01 -5.71828328E-02 +0.00000000E+00 +6.93773230E-01 -4.90138566E-02 +0.00000000E+00
 +6.85604253E-01 -4.90138566E-02 +0.00000000E+00 +5.38562684E-01 -9.80277133E-02 +0.00000000E+00
 +5.38562684E-01 -8.98587372E-02 +0.00000000E+00 +5.30393707E-01 -8.98587372E-02 +0.00000000E+00
 +5.46731660E-01 -9.80277133E-02 +0.00000000E+00 +5.46731660E-01 -8.98587372E-02 +0.00000000E+00
 +5.38562684E-01 -8.16897611E-02 +0.00000000E+00 +5.54900636E-01 -9.80277133E-02 +0.00000000E+00
 +5.54900636E-01 -8.98587372E-02 +0.00000000E+00 +5.22224731E-01 -8.16897611E-02 +0.00000000E+00
 +5.22224731E-01 -7.35207850E-02 +0.00000000E+00 +5.14055755E-01 -7.35207850E-02 +0.00000000E+00
 +5.30393707E-01 -7.35207850E-02 +0.00000000E+00 +5.22224731E-01 -6.53518089E-02 +0.00000000E+00
 +4.97717803E-01 -4.90138566E-02 +0.00000000E+00 +5.05886779E-01 -4.90138566E-02 +0.00000000E+00
 +5.05886779E-01 -4.08448805E-02 +0.00000000E+00 +4.97717803E-01 -4.08448805E-02 +0.00000000E+00
 +5.05886779E-01 -3.26759044E-02 +0.00000000E+00 +4.97717803E-01 -3.26759044E-02 +0.00000000E+00
 +7.83631967E-01 -2.04224403E-01 +0.00000000E+00 +7.91800943E-01 -2.04224403E-01 +0.00000000E+00
 +7.91800943E-01 -1.96055427E-01 +0.00000000E+00 +7.83631967E-01 -1.96055427E-01 +0.00000000E+00
 +7.75462991E-01 -2.04224403E-01 +0.00000000E+00 +7.75462991E-01 -1.96055427E-01 +0.00000000E+00
 +7.67294015E-01 -2.04224403E-01 +0.00000000E+00 +7.67294015E-01 -1.96055427E-01 +0.00000000E+00
 +8.32645823E-01 -2.20562355E-01 +0.00000000E+00 +8.40814800E-01 -2.20562355E-01 +0.00000000E+00
 +8.32645823E-01 -2.12393379E-01 +0.00000000E+00 +8.24476847E-01 -2.20562355E-01 +0.00000000E+00
 +8.48983776E-01 -2.20562355E-01 +0.00000000E+00 +8.57152752E-01 -2.20562355E-01 +0.00000000E+00
 +8.48983776E-01 -2.12393379E-01 +0.00000000E+00 +9.14335584E-01 -2.45069283E-01 +0.00000000E+00
 +9.22504561E-01 -2.45069283E-01 +0.00000000E+00 +9.22504561E-01 -2.36900307E-01 +0.00000000E+00
 +9.14335584E-01 -2.36900307E-01 +0.00000000E+00 +9.22504561E-01 -2.28731331E-01 +0.00000000E+00
 +9.14335584E-01 -2.28731331E-01 +0.00000000E+00 +9.06166608E-01 -2.36900307E-01 +0.00000000E+00
 +9.06166608E-01 -2.28731331E-01 +0.00000000E+00 +8.97997632E-01 -2.36900307E-01 +0.00000000E+00
 +8.97997632E-01 -2.28731331E-01 +0.00000000E+00 +8.89828656E-01 -2.36900307E-01 +0.00000000E+00
 +8.89828656E-01 -2.28731331E-01 +0.00000000E+00 +9.47011489E-01 -2.53238259E-01 +0.00000000E+00
 +9.55180465E-01 -2.53238259E-01 +0.00000000E+00 +9.55180465E-01 -2.45069283E-01 +0.00000000E+00
 +9.47011489E-01 -2.45069283E-01 +0.00000000E+00 +9.63349441E-01 -2.53238259E-01 +0.00000000E+00
 +9.63349441E-01 -2.45069283E-01 +0.00000000E+00 +9.63349441E-01 -2.36900307E-01 +0.00000000E+00
 +9.55180465E-01 -2.36900307E-01 +0.00000000E+00 +9.71518417E-01 -2.36900307E-01 +0.00000000E+00
 +9.71518417E-01 -2.28731331E-01 +0.00000000E+00 +9.63349441E-01 -2.28731331E-01 +0.00000000E+00
 +9.55180465E-01 -2.28731331E-01 +0.00000000E+00 +9.79687393E-01 -1.96055427E-01 +0.00000000E+00
 +9.79687393E-01 -1.87886450E-01 +0.00000000E+00 +9.71518417E-01 -1.87886450E-01 +0.00000000E+00
 +9.79687393E-01 -1.79717474E-01 +0.00000000E+00 +9.79687393E-01 -1.71548498E-01 +0.00000000E+00
 +9.71518417E-01 -1.71548498E-01 +0.00000000E+00 +9.79687393E-01 -1.63379522E-01 +0.00000000E+00
 +9.79687393E-01 -9.80277133E-02 +0.00000000E+00 +9.79687393E-01 -8.98587372E-02 +0.00000000E+00
 +9.71518417E-01 -8.98587372E-02 +0.00000000E+00 +9.87856369E-01 -9.80277133E-02 +0.00000000E+00
 +9.87856369E-01 -8.98587372E-02 +0.00000000E+00 +9.79687393E-01 -8.16897611E-02 +0.00000000E+00
 +9.63349441E-01 -8.16897611E-02 +0.00000000E+00 +9.63349441E-01 -7.35207850E-02 +0.00000000E+00
 +9.55180465E-01 -7.35207850E-02 +0.00000000E+00 +9.71518417E-01 -7.35207850E-02 +0.00000000E+00
 +9.63349441E-01 -6.53518089E-02 +0.00000000E+00 +9.55180465E-01 -6.53518089E-02 +0.00000000E+00
 +9.47011489E-01 -6.53518089E-02 +0.00000000E+00 +9.47011489E-01 -5.71828328E-02 +0.00000000E+00
 +9.38842513E-01 -5.71828328E-02 +0.00000000E+00 +9.55180465E-01 -5.71828328E-02 +0.00000000E+00
 +9.47011489E-01 -4.90138566E-02 +0.00000000E+00 +9.30673537E-01 -4.90138566E-02 +0.00000000E+00
 +9.30673537E-01 -4.08448805E-02 +0.00000000E+00 +9.22504561E-01 -4.08448805E-02 +0.00000000E+00
 +9.38842513E-01 -4.08448805E-02 +0.00000000E+00 +9.30673537E-01 -3.26759044E-02 +0.00000000E+00
 +9.22504561E-01 -3.26759044E-02 +0.00000000E+00 +9.14335584E-01 -3.26759044E-02 +0.00000000E+00
 +9.14335584E-01 -2.45069283E-02 +0.00000000E+00 +9.06166608E-01 -2.45069283E-02 +0.00000000E+00
 +9.22504561E-01 -2.45069283E-02 +0.00000000E+00 +9.14335584E-01 -1.63379522E-02 +0.00000000E+00
 +8.97997632E-01 -1.63379522E-02 +0.00000000E+00 +8.97997632E-01 -8.16897611E-03 +0.00000000E+00
 +8.89828656E-01 -8.16897611E-03 +0.00000000E+00 +9.06166608E-01 -8.16897611E-03 +0.00000000E+00
 +8.97997632E-01 +0.00000000E+00 +0.00000000E+00 +8.89828656E-01 +0.00000000E+00 +0.00000000E+00
 +8.97997632E-01 +8.16897611E-03 +0.00000000E+00 +8.89828656E-01 +8.16897611E-03 +0.00000000E+00
 +9.06166608E-01 +8.16897611E-03 +0.00000000E+00 +8.97997632E-01 +1.63379522E-02 +0.00000000E+00
 +9.14335584E-01 +1.63379522E-02 +0.00000000E+00 +9.14335584E-01 +2.45069283E-02 +0.00000000E+00
 +9.06166608E-01 +2.45069283E-02 +0.00000000E+00 +9.22504561E-01 +2.45069283E-02 +0.00000000E+00
 +9.22504561E-01 +3.26759044E-02 +0.00000000E+00 +9.14335584E-01 +3.26759044E-02 +0.00000000E+00
 +9.30673537E-01 +3.26759044E-02 +0.00000000E+00 +9.30673537E-01 +4.08448805E-02 +0.00000000E+00
 +9.22504561E-01 +4.08448805E-02 +0.00000000E+00 +9.38842513E-01 +4.08448805E-02 +0.00000000E+00
 +9.30673537E-01 +4.90138566E-02 +0.00000000E+00 +9.47011489E-01 +4.90138566E-02 +0.00000000E+00
 +9.47011489E-01 +5.71828328E-02 +0.00000000E+00 +9.38842513E-01 +5.71828328E-02 +0.00000000E+00
 +9.55180465E-01 +5.71828328E-02 +0.00000000E+00 +9.55180465E-01 +6.53518089E-02 +0.00000000E+00
 +9.47011489E-01 +6.53518089E-02 +0.00000000E+00 +9.63349441E-01 +6.53518089E-02 +0.00000000E+00
 +9.63349441E-01 +7.35207850E-02 +0.00000000E+00 +9.55180465E-01 +7.35207850E-02 +0.00000000E+00
 +9.71518417E-01 +7.35207850E-02 +0.00000000E+00 +9.63349441E-01 +8.16897611E-02 +0.00000000E+00
 +9.79687393E-01 +8.16897611E-02 +0.00000000E+00 +9.79687393E-01 +8.98587372E-02 +0.00000000E+00
 +9.71518417E-01 +8.98587372E-02 +0.00000000E+00 +9.87856369E-01 +8.98587372E-02 +0.00000000E+00
 +9.87856369E-01 +9.80277133E-02 +0.00000000E+00 +9.79687393E-01 +9.80277133E-02 +0.00000000E+00
 +9.79687393E-01 +1.63379522E-01 +0.00000000E+00 +9.79687393E-01 +1.71548498E-01 +0.00000000E+00
 +9.71518417E-01 +1.71548498E-01 +0.00000000E+00 +9.79687393E-01 +1.79717474E-01 +0.00000000E+00
 +9.79687393E-01 +1.87886450E-01 +0.00000000E+00 +9.71518417E-01 +1.87886450E-01 +0.00000000E+00
 +9.79687393E-01 +1.96055427E-01 +0.00000000E+00 +9.55180465E-01 +2.28731331E-01 +0.00000000E+00
 +9.63349441E-01 +2.28731331E-01 +0.00000000E+00 +9.63349441E-01 +2.36900307E-01 +0.00000000E+00
 +9.55180465E-01 +2.36900307E-01 +0.00000000E+00 +9.71518417E-01 +2.28731331E-01 +0.00000000E+00
 +9.71518417E-01 +2.36900307E-01 +0.00000000E+00 +9.63349441E-01 +2.45069283E-01 +0.00000000E+00
 +9.55180465E-01 +2.45069283E-01 +0.00000000E+00 +9.63349441E-01 +2.53238259E-01 +0.00000000E+00
 +9.55180465E-01 +2.53238259E-01 +0.00000000E+00 +9.47011489E-01 +2.45069283E-01 +0.00000000E+00
 +9.47011489E-01 +2.53238259E-01 +0.00000000E+00 +8.89828656E-01 +2.28731331E-01 +0.00000000E+00
 +8.97997632E-01 +2.28731331E-01 +0.00000000E+00 +8.97997632E-01 +2.36900307E-01 +0.00000000E+00
 +8.89828656E-01 +2.36900307E-01 +0.00000000E+00 +9.06166608E-01 +2.28731331E-01 +0.00000000E+00
 +9.06166608E-01 +2.36900307E-01 +0.00000000E+00 +9.14335584E-01 +2.28731331E-01 +0.00000000E+00
 +9.14335584E-01 +2.36900307E-01 +0.00000000E+00 +9.22504561E-01 +2.28731331E-01 +0.00000000E+00
 +9.22504561E-01 +2.36900307E-01 +0.00000000E+00 +9.22504561E-01 +2.45069283E-01 +0.00000000E+00
 +9.14335584E-01 +2.45069283E-01 +0.00000000E+00 +8.48983776E-01 +2.12393379E-01 +0.00000000E+00
 +8.48983776E-01 +2.20562355E-01 +0.00000000E+00 +8.40814800E-01 +2.20562355E-01 +0.00000000E+00
 +8.57152752E-01 +2.20562355E-01 +0.00000000E+00 +8.32645823E-01 +2.12393379E-01 +0.00000000E+00
 +8.32645823E-01 +2.20562355E-01 +0.00000000E+00 +8.24476847E-01 +2.20562355E-01 +0.00000000E+00
 +7.67294015E-01 +1.96055427E-01 +0.00000000E+00 +7.75462991E-01 +1.96055427E-01 +0.00000000E+00
 +7.75462991E-01 +2.04224403E-01 +0.00000000E+00 +7.67294015E-01 +2.04224403E-01 +0.00000000E+00
 +7.83631967E-01 +1.96055427E-01 +0.00000000E+00 +7.83631967E-01 +2.04224403E-01 +0.00000000E+00
 +7.91800943E-01 +1.96055427E-01 +0.00000000E+00 +7.91800943E-01 +2.04224403E-01 +0.00000000E+00
 +4.97717803E-01 +3.26759044E-02 +0.00000000E+00 +5.05886779E-01 +3.26759044E-02 +0.00000000E+00
 +5.05886779E-01 +4.08448805E-02 +0.00000000E+00 +4.97717803E-01 +4.08448805E-02 +0.00000000E+00
 +5.05886779E-01 +4.90138566E-02 +0.00000000E+00 +4.97717803E-01 +4.90138566E-02 +0.00000000E+00
 +5.22224731E-01 +6.53518089E-02 +0.00000000E+00 +5.22224731E-01 +7.35207850E-02 +0.00000000E+00
 +5.14055755E-01 +7.35207850E-02 +0.00000000E+00 +5.30393707E-01 +7.35207850E-02 +0.00000000E+00
 +5.22224731E-01 +8.16897611E-02 +0.00000000E+00 +5.46731660E-01 +8.98587372E-02 +0.00000000E+00
 +5.54900636E-01 +8.98587372E-02 +0.00000000E+00 +5.54900636E-01 +9.80277133E-02 +0.00000000E+00
 +5.46731660E-01 +9.80277133E-02 +0.00000000E+00 +5.38562684E-01 +8.16897611E-02 +0.00000000E+00
 +5.38562684E-01 +8.98587372E-02 +0.00000000E+00 +5.30393707E-01 +8.98587372E-02 +0.00000000E+00
 +5.38562684E-01 +9.80277133E-02 +0.00000000E+00 +6.85604253E-01 +5.71828328E-02 +0.00000000E+00
 +6.93773230E-01 +5.71828328E-02 +0.00000000E+00 +6.93773230E-01 +6.53518089E-02 +0.00000000E+00
 +6.85604253E-01 +6.53518089E-02 +0.00000000E+00 +7.10111182E-01 +8.16897611E-03 +0.00000000E+00
 +7.01942206E-01 +8.16897611E-03 +0.00000000E+00 +7.01942206E-01 +1.63379522E-02 +0.00000000E+00
 +7.10111182E-01 +2.45069283E-02 +0.00000000E+00 +7.01942206E-01 +2.45069283E-02 +0.00000000E+00
 +7.01942206E-01 +3.26759044E-02 +0.00000000E+00 +6.52928349E-01 +8.98587372E-02 +0.00000000E+00
 +6.61097325E-01 +8.98587372E-02 +0.00000000E+00 +6.61097325E-01 +9.80277133E-02 +0.00000000E+00
 +6.52928349E-01 +9.80277133E-02 +0.00000000E+00 +6.44759373E-01 +8.98587372E-02 +0.00000000E+00
 +6.44759373E-01 +9.80277133E-02 +0.00000000E+00 +6.69266301E-01 +7.35207850E-02 +0.00000000E+00
 +6.77435277E-01 +7.35207850E-02 +0.00000000E+00 +6.69266301E-01 +8.16897611E-02 +0.00000000E+00
 +6.61097325E-01 +1.63379522E-01 +0.00000000E+00 +6.69266301E-01 +1.63379522E-01 +0.00000000E+00
 +6.69266301E-01 +1.71548498E-01 +0.00000000E+00 +6.61097325E-01 +1.71548498E-01 +0.00000000E+00
 +6.77435277E-01 +1.63379522E-01 +0.00000000E+00 +6.77435277E-01 +1.71548498E-01 +0.00000000E+00
 +6.77435277E-01 +1.79717474E-01 +0.00000000E+00 +6.69266301E-01 +1.79717474E-01 +0.00000000E+00
 +6.44759373E-01 +1.63379522E-01 +0.00000000E+00 +6.52928349E-01 +1.63379522E-01 +0.00000000E+00
 +6.52928349E-01 +1.71548498E-01 +0.00000000E+00 +6.44759373E-01 +1.71548498E-01 +0.00000000E+00
 +7.18280158E-01 +1.79717474E-01 +0.00000000E+00 +7.18280158E-01 +1.87886450E-01 +0.00000000E+00
 +7.10111182E-01 +1.87886450E-01 +0.00000000E+00 +7.26449134E-01 +1.87886450E-01 +0.00000000E+00
 +7.01942206E-01 +1.79717474E-01 +0.00000000E+00 +7.01942206E-01 +1.87886450E-01 +0.00000000E+00
 +5.22224731E-01 +1.30703618E-01 +0.00000000E+00 +5.30393707E-01 +1.30703618E-01 +0.00000000E+00
 +5.30393707E-01 +1.38872594E-01 +0.00000000E+00 +5.22224731E-01 +1.38872594E-01 +0.00000000E+00
 +5.38562684E-01 +1.30703618E-01 +0.00000000E+00 +5.38562684E-01 +1.38872594E-01 +0.00000000E+00
 +5.46731660E-01 +1.30703618E-01 +0.00000000E+00 +5.46731660E-01 +1.38872594E-01 +0.00000000E+00
 +5.87576540E-01 +1.47041570E-01 +0.00000000E+00 +5.87576540E-01 +1.55210546E-01 +0.00000000E+00
 +5.79407564E-01 +1.55210546E-01 +0.00000000E+00 +5.95745516E-01 +1.55210546E-01 +0.00000000E+00
 +6.03914492E-01 +1.47041570E-01 +0.00000000E+00 +6.03914492E-01 +1.55210546E-01 +0.00000000E+00
 +6.12083469E-01 +1.55210546E-01 +0.00000000E+00 +1.87296711E-01 -1.63379522E-02 +0.00000000E+00
 +1.70958759E-01 -1.63379522E-02 +0.00000000E+00 +2.03634663E-01 -3.26759044E-02 +0.00000000E+00
 +2.03634663E-01 -1.63379522E-02 +0.00000000E+00 +2.03634663E-01 +0.00000000E+00 +0.00000000E+00
 +1.87296711E-01 +0.00000000E+00 +0.00000000E+00 +1.70958759E-01 +0.00000000E+00 +0.00000000E+00
 +1.54620806E-01 -1.63379522E-02 +0.00000000E+00 +1.54620806E-01 +0.00000000E+00 +0.00000000E+00
 +4.16028042E-01 -8.16897611E-02 +0.00000000E+00 +3.99690090E-01 -8.16897611E-02 +0.00000000E+00
 +4.32365994E-01 -8.16897611E-02 +0.00000000E+00 +4.16028042E-01 -6.53518089E-02 +0.00000000E+00
 +3.99690090E-01 -6.53518089E-02 +0.00000000E+00 +3.83352137E-01 -8.16897611E-02 +0.00000000E+00
 +3.83352137E-01 -6.53518089E-02 +0.00000000E+00 +3.83352137E-01 +6.53518089E-02 +0.00000000E+00
 +3.83352137E-01 +8.16897611E-02 +0.00000000E+00 +3.99690090E-01 +6.53518089E-02 +0.00000000E+00
 +3.99690090E-01 +8.16897611E-02 +0.00000000E+00 +4.16028042E-01 +6.53518089E-02 +0.00000000E+00
 +4.16028042E-01 +8.16897611E-02 +0.00000000E+00 +4.32365994E-01 +8.16897611E-02 +0.00000000E+00
 +1.54620806E-01 +1.63379522E-02 +0.00000000E+00 +1.70958759E-01 +1.63379522E-02 +0.00000000E+00
 +1.87296711E-01 +1.63379522E-02 +0.00000000E+00 +2.03634663E-01 +1.63379522E-02 +0.00000000E+00
 +2.03634663E-01 +3.26759044E-02 +0.00000000E+00 +7.42787086E-01 -1.79717474E-01 +0.00000000E+00
 +7.59125038E-01 -1.79717474E-01 +0.00000000E+00 +7.42787086E-01 -1.63379522E-01 +0.00000000E+00
 +6.77435277E-01 -1.47041570E-01 +0.00000000E+00 +6.61097325E-01 -1.47041570E-01 +0.00000000E+00
 +6.93773230E-01 -1.63379522E-01 +0.00000000E+00 +6.93773230E-01 -1.47041570E-01 +0.00000000E+00
 +6.77435277E-01 -1.30703618E-01 +0.00000000E+00 +6.61097325E-01 -1.30703618E-01 +0.00000000E+00
 +6.44759373E-01 -1.47041570E-01 +0.00000000E+00 +6.44759373E-01 -1.30703618E-01 +0.00000000E+00
 +6.44759373E-01 -1.14365666E-01 +0.00000000E+00 +6.28421421E-01 -1.14365666E-01 +0.00000000E+00
 +6.61097325E-01 -1.14365666E-01 +0.00000000E+00 +7.10111182E-01 -6.53518089E-02 +0.00000000E+00
 +7.10111182E-01 -4.90138566E-02 +0.00000000E+00 +7.26449134E-01 -4.90138566E-02 +0.00000000E+00
 +5.14055755E-01 -1.14365666E-01 +0.00000000E+00 +5.30393707E-01 -1.14365666E-01 +0.00000000E+00
 +5.46731660E-01 -1.14365666E-01 +0.00000000E+00 +5.63069612E-01 -1.30703618E-01 +0.00000000E+00
 +5.63069612E-01 -1.14365666E-01 +0.00000000E+00 +5.79407564E-01 -1.14365666E-01 +0.00000000E+00
 +5.95745516E-01 -1.14365666E-01 +0.00000000E+00 +5.95745516E-01 -9.80277133E-02 +0.00000000E+00
 +5.79407564E-01 -9.80277133E-02 +0.00000000E+00 +8.73490704E-01 -2.12393379E-01 +0.00000000E+00
 +8.89828656E-01 -2.12393379E-01 +0.00000000E+00 +8.73490704E-01 -1.96055427E-01 +0.00000000E+00
 +9.06166608E-01 -2.12393379E-01 +0.00000000E+00 +9.22504561E-01 -2.12393379E-01 +0.00000000E+00
 +9.06166608E-01 -1.96055427E-01 +0.00000000E+00 +9.71518417E-01 -1.47041570E-01 +0.00000000E+00
 +9.55180465E-01 -1.47041570E-01 +0.00000000E+00 +9.71518417E-01 -1.30703618E-01 +0.00000000E+00
 +9.71518417E-01 -1.14365666E-01 +0.00000000E+00 +9.55180465E-01 -1.14365666E-01 +0.00000000E+00
 +9.06166608E-01 -6.53518089E-02 +0.00000000E+00 +9.06166608E-01 -4.90138566E-02 +0.00000000E+00
 +8.89828656E-01 -4.90138566E-02 +0.00000000E+00 +9.06166608E-01 +4.90138566E-02 +0.00000000E+00
 +8.89828656E-01 +4.90138566E-02 +0.00000000E+00 +9.06166608E-01 +6.53518089E-02 +0.00000000E+00
 +9.71518417E-01 +1.14365666E-01 +0.00000000E+00 +9.55180465E-01 +1.14365666E-01 +0.00000000E+00
 +9.71518417E-01 +1.30703618E-01 +0.00000000E+00 +9.71518417E-01 +1.47041570E-01 +0.00000000E+00
 +9.55180465E-01 +1.47041570E-01 +0.00000000E+00 +9.06166608E-01 +1.96055427E-01 +0.00000000E+00
 +9.06166608E-01 +2.12393379E-01 +0.00000000E+00 +8.89828656E-01 +2.12393379E-01 +0.00000000E+00
 +9.22504561E-01 +2.12393379E-01 +0.00000000E+00 +8.73490704E-01 +1.96055427E-01 +0.00000000E+00
 +8.73490704E-01 +2.12393379E-01 +0.00000000E+00 +5.95745516E-01 +9.80277133E-02 +0.00000000E+00
 +6.12083469E-01 +9.80277133E-02 +0.00000000E+00 +6.12083469E-01 +1.14365666E-01 +0.00000000E+00
 +5.95745516E-01 +1.14365666E-01 +0.00000000E+00 +6.28421421E-01 +1.14365666E-01 +0.00000000E+00
 +5.79407564E-01 +9.80277133E-02 +0.00000000E+00 +5.79407564E-01 +1.14365666E-01 +0.00000000E+00
 +5.63069612E-01 +1.14365666E-01 +0.00000000E+00 +5.63069612E-01 +1.30703618E-01 +0.00000000E+00
 +5.46731660E-01 +1.14365666E-01 +0.00000000E+00 +5.30393707E-01 +1.14365666E-01 +0.00000000E+00
 +5.14055755E-01 +1.14365666E-01 +0.00000000E+00 +7.26449134E-01 +4.90138566E-02 +0.00000000E+00
 +7.10111182E-01 +4.90138566E-02 +0.00000000E+00 +7.10111182E-01 +6.53518089E-02 +0.00000000E+00
 +6.61097325E-01 +1.14365666E-01 +0.00000000E+00 +6.44759373E-01 +1.14365666E-01 +0.00000000E+00
 +6.61097325E-01 +1.30703618E-01 +0.00000000E+00 +6.44759373E-01 +1.30703618E-01 +0.00000000E+00
 +6.44759373E-01 +1.47041570E-01 +0.00000000E+00 +6.61097325E-01 +1.47041570E-01 +0.00000000E+00
 +6.77435277E-01 +1.30703618E-01 +0.00000000E+00 +6.77435277E-01 +1.47041570E-01 +0.00000000E+00
 +6.93773230E-01 +1.47041570E-01 +0.00000000E+00 +6.93773230E-01 +1.63379522E-01 +0.00000000E+00
 +7.42787086E-01 +1.63379522E-01 +0.00000000E+00 +7.42787086E-01 +1.79717474E-01 +0.00000000E+00
 +7.59125038E-01 +1.79717474E-01 +0.00000000E+00 +4.81379851E-01 -6.53518089E-02 +0.00000000E+00
 +4.81379851E-01 -4.90138566E-02 +0.00000000E+00 +4.65041899E-01 -4.90138566E-02 +0.00000000E+00
 +4.81379851E-01 -3.26759044E-02 +0.00000000E+00 +4.81379851E-01 -1.63379522E-02 +0.00000000E+00
 +4.65041899E-01 -1.63379522E-02 +0.00000000E+00 +4.81379851E-01 +0.00000000E+00 +0.00000000E+00
 +2.52648520E-01 -4.90138566E-02 +0.00000000E+00 +2.68986472E-01 -4.90138566E-02 +0.00000000E+00
 +2.52648520E-01 -3.26759044E-02 +0.00000000E+00 +3.01662376E-01 -4.90138566E-02 +0.00000000E+00
 +2.85324424E-01 -4.90138566E-02 +0.00000000E+00 +2.85324424E-01 -3.26759044E-02 +0.00000000E+00
 +2.85324424E-01 +3.26759044E-02 +0.00000000E+00 +2.85324424E-01 +4.90138566E-02 +0.00000000E+00
 +2.68986472E-01 +4.90138566E-02 +0.00000000E+00 +3.01662376E-01 +4.90138566E-02 +0.00000000E+00
 +2.52648520E-01 +3.26759044E-02 +0.00000000E+00 +2.52648520E-01 +4.90138566E-02 +0.00000000E+00
 +4.81379851E-01 +1.63379522E-02 +0.00000000E+00 +4.65041899E-01 +1.63379522E-02 +0.00000000E+00
 +4.81379851E-01 +3.26759044E-02 +0.00000000E+00 +4.81379851E-01 +4.90138566E-02 +0.00000000E+00
 +4.65041899E-01 +4.90138566E-02 +0.00000000E+00 +4.81379851E-01 +6.53518089E-02 +0.00000000E+00
 +7.91800943E-01 -1.79717474E-01 +0.00000000E+00 +7.75462991E-01 -1.79717474E-01 +0.00000000E+00
 +7.75462991E-01 -1.63379522E-01 +0.00000000E+00 +9.38842513E-01 -9.80277133E-02 +0.00000000E+00
 +9.38842513E-01 -8.16897611E-02 +0.00000000E+00 +9.22504561E-01 -8.16897611E-02 +0.00000000E+00
 +9.38842513E-01 +8.16897611E-02 +0.00000000E+00 +9.22504561E-01 +8.16897611E-02 +0.00000000E+00
 +9.38842513E-01 +9.80277133E-02 +0.00000000E+00 +7.75462991E-01 +1.63379522E-01 +0.00000000E+00
 +7.75462991E-01 +1.79717474E-01 +0.00000000E+00 +7.91800943E-01 +1.79717474E-01 +0.00000000E+00
 +8.73490704E-01 -3.26759044E-02 +0.00000000E+00 +8.73490704E-01 -1.63379522E-02 +0.00000000E+00
 +8.57152752E-01 -1.63379522E-02 +0.00000000E+00 +8.73490704E-01 +0.00000000E+00 +0.00000000E+00
 +8.73490704E-01 +1.63379522E-02 +0.00000000E+00 +8.57152752E-01 +1.63379522E-02 +0.00000000E+00
 +8.73490704E-01 +3.26759044E-02 +0.00000000E+00 +3.99690090E-01 -3.26759044E-02 +0.00000000E+00
 +3.99690090E-01 +0.00000000E+00 +0.00000000E+00 +3.99690090E-01 +3.26759044E-02 +0.00000000E+00
 +1.95465687E-01 -5.71828328E-02 +0.00000000E+00 +1.99550175E-01 -5.71828328E-02 +0.00000000E+00
 +1.99550175E-01 -5.30983447E-02 +0.00000000E+00 +1.95465687E-01 -5.30983447E-02 +0.00000000E+00
 +2.03634663E-01 -5.71828328E-02 +0.00000000E+00 +2.03634663E-01 -5.30983447E-02 +0.00000000E+00
 +2.03634663E-01 -4.90138566E-02 +0.00000000E+00 +1.99550175E-01 -4.90138566E-02 +0.00000000E+00
 +1.95465687E-01 -4.90138566E-02 +0.00000000E+00 +1.91381199E-01 -5.30983447E-02 +0.00000000E+00
 +1.91381199E-01 -4.90138566E-02 +0.00000000E+00 +1.87296711E-01 -5.30983447E-02 +0.00000000E+00
 +1.87296711E-01 -4.90138566E-02 +0.00000000E+00 +1.70958759E-01 -4.90138566E-02 +0.00000000E+00
 +1.75043247E-01 -4.90138566E-02 +0.00000000E+00 +1.75043247E-01 -4.49293686E-02 +0.00000000E+00
 +1.70958759E-01 -4.49293686E-02 +0.00000000E+00 +1.79127735E-01 -4.90138566E-02 +0.00000000E+00
 +1.79127735E-01 -4.49293686E-02 +0.00000000E+00 +1.75043247E-01 -4.08448805E-02 +0.00000000E+00
 +1.83212223E-01 -4.90138566E-02 +0.00000000E+00 +1.83212223E-01 -4.49293686E-02 +0.00000000E+00
 +1.87296711E-01 -4.49293686E-02 +0.00000000E+00 +1.83212223E-01 -4.08448805E-02 +0.00000000E+00
 +2.15888127E-01 -6.12673208E-02 +0.00000000E+00 +2.19972615E-01 -6.12673208E-02 +0.00000000E+00
 +2.15888127E-01 -5.71828328E-02 +0.00000000E+00 +2.11803639E-01 -6.12673208E-02 +0.00000000E+00
 +2.07719151E-01 -5.71828328E-02 +0.00000000E+00 +2.07719151E-01 -5.30983447E-02 +0.00000000E+00
 +2.11803639E-01 -5.30983447E-02 +0.00000000E+00 +2.07719151E-01 -4.90138566E-02 +0.00000000E+00
 +2.24057103E-01 -6.12673208E-02 +0.00000000E+00 +2.28141591E-01 -6.12673208E-02 +0.00000000E+00
 +2.24057103E-01 -5.71828328E-02 +0.00000000E+00 +2.28141591E-01 -6.53518089E-02 +0.00000000E+00
 +2.32226079E-01 -6.53518089E-02 +0.00000000E+00 +2.32226079E-01 -6.12673208E-02 +0.00000000E+00
 +2.36310568E-01 -6.53518089E-02 +0.00000000E+00 +2.36310568E-01 -6.12673208E-02 +0.00000000E+00
 +2.32226079E-01 -5.71828328E-02 +0.00000000E+00 +1.34198366E-01 -3.67603925E-02 +0.00000000E+00
 +1.38282854E-01 -3.67603925E-02 +0.00000000E+00 +1.38282854E-01 -3.26759044E-02 +0.00000000E+00
 +1.34198366E-01 -3.26759044E-02 +0.00000000E+00 +1.30113878E-01 -3.67603925E-02 +0.00000000E+00
 +1.30113878E-01 -3.26759044E-02 +0.00000000E+00 +1.26029390E-01 -3.67603925E-02 +0.00000000E+00
 +1.26029390E-01 -3.26759044E-02 +0.00000000E+00 +1.21944902E-01 -3.67603925E-02 +0.00000000E+00
 +1.21944902E-01 -3.26759044E-02 +0.00000000E+00 +1.58705295E-01 -4.49293686E-02 +0.00000000E+00
 +1.62789783E-01 -4.49293686E-02 +0.00000000E+00 +1.58705295E-01 -4.08448805E-02 +0.00000000E+00
 +1.54620806E-01 -4.49293686E-02 +0.00000000E+00 +1.66874271E-01 -4.90138566E-02 +0.00000000E+00
 +1.66874271E-01 -4.49293686E-02 +0.00000000E+00 +1.66874271E-01 -4.08448805E-02 +0.00000000E+00
 +1.46451830E-01 -4.08448805E-02 +0.00000000E+00 +1.50536318E-01 -4.08448805E-02 +0.00000000E+00
 +1.50536318E-01 -3.67603925E-02 +0.00000000E+00 +1.46451830E-01 -3.67603925E-02 +0.00000000E+00
 +1.54620806E-01 -3.67603925E-02 +0.00000000E+00 +1.50536318E-01 -3.26759044E-02 +0.00000000E+00
 +1.46451830E-01 -3.26759044E-02 +0.00000000E+00 +1.38282854E-01 -4.08448805E-02 +0.00000000E+00
 +1.42367342E-01 -4.08448805E-02 +0.00000000E+00 +1.42367342E-01 -3.67603925E-02 +0.00000000E+00
 +1.42367342E-01 -3.26759044E-02 +0.00000000E+00 +1.05606950E-01 -3.26759044E-02 +0.00000000E+00
 +1.09691438E-01 -3.26759044E-02 +0.00000000E+00 +1.09691438E-01 -2.85914164E-02 +0.00000000E+00
 +1.05606950E-01 -2.85914164E-02 +0.00000000E+00 +1.13775926E-01 -3.26759044E-02 +0.00000000E+00
 +1.13775926E-01 -2.85914164E-02 +0.00000000E+00 +1.09691438E-01 -2.45069283E-02 +0.00000000E+00
 +1.17860414E-01 -3.26759044E-02 +0.00000000E+00 +1.17860414E-01 -2.85914164E-02 +0.00000000E+00
 +1.21944902E-01 -2.85914164E-02 +0.00000000E+00 +1.17860414E-01 -2.45069283E-02 +0.00000000E+00
 +8.11000215E-02 -2.45069283E-02 +0.00000000E+00 +8.51845096E-02 -2.45069283E-02 +0.00000000E+00
 +8.51845096E-02 -2.04224403E-02 +0.00000000E+00 +8.11000215E-02 -2.04224403E-02 +0.00000000E+00
 +8.92689976E-02 -2.04224403E-02 +0.00000000E+00 +8.51845096E-02 -1.63379522E-02 +0.00000000E+00
 +8.11000215E-02 -1.63379522E-02 +0.00000000E+00 +7.70155334E-02 -2.45069283E-02 +0.00000000E+00
 +7.70155334E-02 -2.04224403E-02 +0.00000000E+00 +7.70155334E-02 -1.63379522E-02 +0.00000000E+00
 +7.29310454E-02 -2.04224403E-02 +0.00000000E+00 +7.29310454E-02 -1.63379522E-02 +0.00000000E+00
 +9.33534857E-02 -2.85914164E-02 +0.00000000E+00 +9.74379737E-02 -2.85914164E-02 +0.00000000E+00
 +9.33534857E-02 -2.45069283E-02 +0.00000000E+00 +8.92689976E-02 -2.85914164E-02 +0.00000000E+00
 +1.01522462E-01 -2.85914164E-02 +0.00000000E+00 +1.01522462E-01 -2.45069283E-02 +0.00000000E+00
 +6.88465573E-02 -2.04224403E-02 +0.00000000E+00 +6.88465573E-02 -1.63379522E-02 +0.00000000E+00
 +6.47620693E-02 -2.04224403E-02 +0.00000000E+00 +6.47620693E-02 -1.63379522E-02 +0.00000000E+00
 +6.06775812E-02 -2.04224403E-02 +0.00000000E+00 +6.06775812E-02 -1.63379522E-02 +0.00000000E+00
 +4.43396290E-02 -1.63379522E-02 +0.00000000E+00 +4.84241171E-02 -1.63379522E-02 +0.00000000E+00
 +4.84241171E-02 -1.22534642E-02 +0.00000000E+00 +4.43396290E-02 -1.22534642E-02 +0.00000000E+00
 +4.43396290E-02 -8.16897611E-03 +0.00000000E+00 +4.02551410E-02 -1.22534642E-02 +0.00000000E+00
 +5.25086051E-02 -1.63379522E-02 +0.00000000E+00 +5.25086051E-02 -1.22534642E-02 +0.00000000E+00
 +5.65930932E-02 -1.63379522E-02 +0.00000000E+00 +5.65930932E-02 -1.22534642E-02 +0.00000000E+00
 +5.25086051E-02 -8.16897611E-03 +0.00000000E+00 +3.61706529E-02 -1.22534642E-02 +0.00000000E+00
 +3.61706529E-02 -8.16897611E-03 +0.00000000E+00 +3.20861649E-02 -1.22534642E-02 +0.00000000E+00
 +2.39171887E-02 -8.16897611E-03 +0.00000000E+00 +2.80016768E-02 -8.16897611E-03 +0.00000000E+00
 +2.80016768E-02 -4.08448805E-03 +0.00000000E+00 +2.39171887E-02 -4.08448805E-03 +0.00000000E+00
 +3.20861649E-02 -4.08448805E-03 +0.00000000E+00 +2.80016768E-02 +0.00000000E+00 +0.00000000E+00
 +2.39171887E-02 +0.00000000E+00 +0.00000000E+00 +1.57482126E-02 -8.16897611E-03 +0.00000000E+00
 +1.98327007E-02 -8.16897611E-03 +0.00000000E+00 +1.98327007E-02 -4.08448805E-03 +0.00000000E+00
 +1.57482126E-02 -4.08448805E-03 +0.00000000E+00 +1.98327007E-02 +0.00000000E+00 +0.00000000E+00
 +1.57482126E-02 +0.00000000E+00 +0.00000000E+00 +1.16637246E-02 -4.08448805E-03 +0.00000000E+00
 +1.16637246E-02 +0.00000000E+00 +0.00000000E+00 +7.57923653E-03 -4.08448805E-03 +0.00000000E+00
 +7.57923653E-03 +0.00000000E+00 +0.00000000E+00 +3.95605602E-01 -1.10281177E-01 +0.00000000E+00
 +3.99690090E-01 -1.10281177E-01 +0.00000000E+00 +3.95605602E-01 -1.06196689E-01 +0.00000000E+00
 +3.91521114E-01 -1.06196689E-01 +0.00000000E+00 +3.95605602E-01 -1.02112201E-01 +0.00000000E+00
 +3.91521114E-01 -1.02112201E-01 +0.00000000E+00 +3.99690090E-01 -1.02112201E-01 +0.00000000E+00
 +3.95605602E-01 -9.80277133E-02 +0.00000000E+00 +3.91521114E-01 -9.80277133E-02 +0.00000000E+00
 +3.83352137E-01 -1.06196689E-01 +0.00000000E+00 +3.87436626E-01 -1.06196689E-01 +0.00000000E+00
 +3.87436626E-01 -1.02112201E-01 +0.00000000E+00 +3.83352137E-01 -1.02112201E-01 +0.00000000E+00
 +3.87436626E-01 -9.80277133E-02 +0.00000000E+00 +3.83352137E-01 -9.80277133E-02 +0.00000000E+00
 +3.79267649E-01 -1.06196689E-01 +0.00000000E+00 +3.79267649E-01 -1.02112201E-01 +0.00000000E+00
 +3.79267649E-01 -9.80277133E-02 +0.00000000E+00 +3.75183161E-01 -1.02112201E-01 +0.00000000E+00
 +3.75183161E-01 -9.80277133E-02 +0.00000000E+00 +3.71098673E-01 -1.02112201E-01 +0.00000000E+00
 +3.71098673E-01 -9.80277133E-02 +0.00000000E+00 +3.67014185E-01 -1.02112201E-01 +0.00000000E+00
 +3.67014185E-01 -9.80277133E-02 +0.00000000E+00 +4.28281506E-01 -1.18450154E-01 +0.00000000E+00
 +4.32365994E-01 -1.18450154E-01 +0.00000000E+00 +4.32365994E-01 -1.14365666E-01 +0.00000000E+00
 +4.28281506E-01 -1.14365666E-01 +0.00000000E+00 +4.24197018E-01 -1.18450154E-01 +0.00000000E+00
 +4.24197018E-01 -1.14365666E-01 +0.00000000E+00 +4.16028042E-01 -1.14365666E-01 +0.00000000E+00
 +4.20112530E-01 -1.14365666E-01 +0.00000000E+00 +4.20112530E-01 -1.10281177E-01 +0.00000000E+00
 +4.16028042E-01 -1.10281177E-01 +0.00000000E+00 +4.24197018E-01 -1.10281177E-01 +0.00000000E+00
 +4.20112530E-01 -1.06196689E-01 +0.00000000E+00 +4.28281506E-01 -1.10281177E-01 +0.00000000E+00
 +4.32365994E-01 -1.10281177E-01 +0.00000000E+00 +4.28281506E-01 -1.06196689E-01 +0.00000000E+00
 +4.03774578E-01 -1.10281177E-01 +0.00000000E+00 +4.07859066E-01 -1.10281177E-01 +0.00000000E+00
 +4.03774578E-01 -1.06196689E-01 +0.00000000E+00 +4.11943554E-01 -1.14365666E-01 +0.00000000E+00
 +4.11943554E-01 -1.10281177E-01 +0.00000000E+00 +4.11943554E-01 -1.06196689E-01 +0.00000000E+00
 +4.40534970E-01 -1.22534642E-01 +0.00000000E+00 +4.44619458E-01 -1.22534642E-01 +0.00000000E+00
 +4.44619458E-01 -1.18450154E-01 +0.00000000E+00 +4.40534970E-01 -1.18450154E-01 +0.00000000E+00
 +4.48703946E-01 -1.22534642E-01 +0.00000000E+00 +4.48703946E-01 -1.18450154E-01 +0.00000000E+00
 +4.48703946E-01 -1.14365666E-01 +0.00000000E+00 +4.44619458E-01 -1.14365666E-01 +0.00000000E+00
 +4.40534970E-01 -1.14365666E-01 +0.00000000E+00 +4.36450482E-01 -1.18450154E-01 +0.00000000E+00
 +4.36450482E-01 -1.14365666E-01 +0.00000000E+00 +4.60957411E-01 -1.26619130E-01 +0.00000000E+00
 +4.65041899E-01 -1.26619130E-01 +0.00000000E+00 +4.60957411E-01 -1.22534642E-01 +0.00000000E+00
 +4.56872922E-01 -1.26619130E-01 +0.00000000E+00 +4.52788434E-01 -1.22534642E-01 +0.00000000E+00
 +4.52788434E-01 -1.18450154E-01 +0.00000000E+00 +4.56872922E-01 -1.18450154E-01 +0.00000000E+00
 +4.52788434E-01 -1.14365666E-01 +0.00000000E+00 +4.69126387E-01 -1.26619130E-01 +0.00000000E+00
 +4.73210875E-01 -1.26619130E-01 +0.00000000E+00 +4.69126387E-01 -1.22534642E-01 +0.00000000E+00
 +4.73210875E-01 -1.30703618E-01 +0.00000000E+00 +4.77295363E-01 -1.30703618E-01 +0.00000000E+00
 +4.77295363E-01 -1.26619130E-01 +0.00000000E+00 +4.81379851E-01 -1.30703618E-01 +0.00000000E+00
 +4.81379851E-01 -1.26619130E-01 +0.00000000E+00 +4.77295363E-01 -1.22534642E-01 +0.00000000E+00
 +4.85464339E-01 -1.30703618E-01 +0.00000000E+00 +4.85464339E-01 -1.26619130E-01 +0.00000000E+00
 +4.89548827E-01 -1.26619130E-01 +0.00000000E+00 +4.85464339E-01 -1.22534642E-01 +0.00000000E+00
 +2.89408912E-01 -8.16897611E-02 +0.00000000E+00 +2.93493400E-01 -8.16897611E-02 +0.00000000E+00
 +2.93493400E-01 -7.76052730E-02 +0.00000000E+00 +2.89408912E-01 -7.76052730E-02 +0.00000000E+00
 +2.89408912E-01 -7.35207850E-02 +0.00000000E+00 +2.85324424E-01 -7.76052730E-02 +0.00000000E+00
 +2.97577888E-01 -8.16897611E-02 +0.00000000E+00 +2.97577888E-01 -7.76052730E-02 +0.00000000E+00
 +3.01662376E-01 -8.16897611E-02 +0.00000000E+00 +3.01662376E-01 -7.76052730E-02 +0.00000000E+00
 +2.97577888E-01 -7.35207850E-02 +0.00000000E+00 +2.73070960E-01 -7.76052730E-02 +0.00000000E+00
 +2.77155448E-01 -7.76052730E-02 +0.00000000E+00 +2.73070960E-01 -7.35207850E-02 +0.00000000E+00
 +2.81239936E-01 -7.76052730E-02 +0.00000000E+00 +2.81239936E-01 -7.35207850E-02 +0.00000000E+00
 +2.68986472E-01 -7.35207850E-02 +0.00000000E+00 +2.73070960E-01 -6.94362969E-02 +0.00000000E+00
 +2.68986472E-01 -6.94362969E-02 +0.00000000E+00 +2.77155448E-01 -6.94362969E-02 +0.00000000E+00
 +2.73070960E-01 -6.53518089E-02 +0.00000000E+00 +2.68986472E-01 -6.53518089E-02 +0.00000000E+00
 +2.60817496E-01 -7.35207850E-02 +0.00000000E+00 +2.64901984E-01 -7.35207850E-02 +0.00000000E+00
 +2.64901984E-01 -6.94362969E-02 +0.00000000E+00 +2.60817496E-01 -6.94362969E-02 +0.00000000E+00
 +2.64901984E-01 -6.53518089E-02 +0.00000000E+00 +2.60817496E-01 -6.53518089E-02 +0.00000000E+00
 +2.56733008E-01 -7.35207850E-02 +0.00000000E+00 +2.56733008E-01 -6.94362969E-02 +0.00000000E+00
 +2.56733008E-01 -6.53518089E-02 +0.00000000E+00 +2.52648520E-01 -6.94362969E-02 +0.00000000E+00
 +2.52648520E-01 -6.53518089E-02 +0.00000000E+00 +2.48564032E-01 -6.94362969E-02 +0.00000000E+00
 +2.48564032E-01 -6.53518089E-02 +0.00000000E+00 +2.44479544E-01 -6.94362969E-02 +0.00000000E+00
 +2.44479544E-01 -6.53518089E-02 +0.00000000E+00 +3.38422769E-01 -9.39432252E-02 +0.00000000E+00
 +3.42507257E-01 -9.39432252E-02 +0.00000000E+00 +3.38422769E-01 -8.98587372E-02 +0.00000000E+00
 +3.34338281E-01 -9.39432252E-02 +0.00000000E+00 +3.46591745E-01 -9.39432252E-02 +0.00000000E+00
 +3.50676233E-01 -9.39432252E-02 +0.00000000E+00 +3.46591745E-01 -8.98587372E-02 +0.00000000E+00
 +3.50676233E-01 -9.80277133E-02 +0.00000000E+00 +3.54760721E-01 -9.80277133E-02 +0.00000000E+00
 +3.54760721E-01 -9.39432252E-02 +0.00000000E+00 +3.58845209E-01 -9.80277133E-02 +0.00000000E+00
 +3.58845209E-01 -9.39432252E-02 +0.00000000E+00 +3.54760721E-01 -8.98587372E-02 +0.00000000E+00
 +3.62929697E-01 -9.80277133E-02 +0.00000000E+00 +3.62929697E-01 -9.39432252E-02 +0.00000000E+00
 +3.67014185E-01 -9.39432252E-02 +0.00000000E+00 +3.62929697E-01 -8.98587372E-02 +0.00000000E+00
 +3.13915841E-01 -8.57742491E-02 +0.00000000E+00 +3.18000329E-01 -8.57742491E-02 +0.00000000E+00
 +3.18000329E-01 -8.16897611E-02 +0.00000000E+00 +3.13915841E-01 -8.16897611E-02 +0.00000000E+00
 +3.09831353E-01 -8.57742491E-02 +0.00000000E+00 +3.09831353E-01 -8.16897611E-02 +0.00000000E+00
 +3.05746864E-01 -8.57742491E-02 +0.00000000E+00 +3.05746864E-01 -8.16897611E-02 +0.00000000E+00
 +3.26169305E-01 -8.98587372E-02 +0.00000000E+00 +3.30253793E-01 -8.98587372E-02 +0.00000000E+00
 +3.30253793E-01 -8.57742491E-02 +0.00000000E+00 +3.26169305E-01 -8.57742491E-02 +0.00000000E+00
 +3.34338281E-01 -8.57742491E-02 +0.00000000E+00 +3.30253793E-01 -8.16897611E-02 +0.00000000E+00
 +3.26169305E-01 -8.16897611E-02 +0.00000000E+00 +3.18000329E-01 -8.98587372E-02 +0.00000000E+00
 +3.22084817E-01 -8.98587372E-02 +0.00000000E+00 +3.22084817E-01 -8.57742491E-02 +0.00000000E+00
 +3.22084817E-01 -8.16897611E-02 +0.00000000E+00 +3.18000329E-01 +8.16897611E-02 +0.00000000E+00
 +3.22084817E-01 +8.16897611E-02 +0.00000000E+00 +3.22084817E-01 +8.57742491E-02 +0.00000000E+00
 +3.18000329E-01 +8.57742491E-02 +0.00000000E+00 +3.26169305E-01 +8.16897611E-02 +0.00000000E+00
 +3.26169305E-01 +8.57742491E-02 +0.00000000E+00 +3.26169305E-01 +8.98587372E-02 +0.00000000E+00
 +3.22084817E-01 +8.98587372E-02 +0.00000000E+00 +3.18000329E-01 +8.98587372E-02 +0.00000000E+00
 +3.30253793E-01 +8.16897611E-02 +0.00000000E+00 +3.30253793E-01 +8.57742491E-02 +0.00000000E+00
 +3.34338281E-01 +8.57742491E-02 +0.00000000E+00 +3.30253793E-01 +8.98587372E-02 +0.00000000E+00
 +3.05746864E-01 +8.16897611E-02 +0.00000000E+00 +3.09831353E-01 +8.16897611E-02 +0.00000000E+00
 +3.09831353E-01 +8.57742491E-02 +0.00000000E+00 +3.05746864E-01 +8.57742491E-02 +0.00000000E+00
 +3.13915841E-01 +8.16897611E-02 +0.00000000E+00 +3.13915841E-01 +8.57742491E-02 +0.00000000E+00
 +3.62929697E-01 +8.98587372E-02 +0.00000000E+00 +3.62929697E-01 +9.39432252E-02 +0.00000000E+00
 +3.58845209E-01 +9.39432252E-02 +0.00000000E+00 +3.67014185E-01 +9.39432252E-02 +0.00000000E+00
 +3.67014185E-01 +9.80277133E-02 +0.00000000E+00 +3.62929697E-01 +9.80277133E-02 +0.00000000E+00
 +3.58845209E-01 +9.80277133E-02 +0.00000000E+00 +3.54760721E-01 +8.98587372E-02 +0.00000000E+00
 +3.54760721E-01 +9.39432252E-02 +0.00000000E+00 +3.50676233E-01 +9.39432252E-02 +0.00000000E+00
 +3.54760721E-01 +9.80277133E-02 +0.00000000E+00 +3.50676233E-01 +9.80277133E-02 +0.00000000E+00
 +3.46591745E-01 +8.98587372E-02 +0.00000000E+00 +3.46591745E-01 +9.39432252E-02 +0.00000000E+00
 +3.42507257E-01 +9.39432252E-02 +0.00000000E+00 +3.38422769E-01 +8.98587372E-02 +0.00000000E+00
 +3.38422769E-01 +9.39432252E-02 +0.00000000E+00 +3.34338281E-01 +9.39432252E-02 +0.00000000E+00
 +2.44479544E-01 +6.53518089E-02 +0.00000000E+00 +2.48564032E-01 +6.53518089E-02 +0.00000000E+00
 +2.48564032E-01 +6.94362969E-02 +0.00000000E+00 +2.44479544E-01 +6.94362969E-02 +0.00000000E+00
 +2.52648520E-01 +6.53518089E-02 +0.00000000E+00 +2.52648520E-01 +6.94362969E-02 +0.00000000E+00
 +2.56733008E-01 +6.53518089E-02 +0.00000000E+00 +2.56733008E-01 +6.94362969E-02 +0.00000000E+00
 +2.60817496E-01 +6.53518089E-02 +0.00000000E+00 +2.60817496E-01 +6.94362969E-02 +0.00000000E+00
 +2.60817496E-01 +7.35207850E-02 +0.00000000E+00 +2.56733008E-01 +7.35207850E-02 +0.00000000E+00
 +2.64901984E-01 +6.53518089E-02 +0.00000000E+00 +2.64901984E-01 +6.94362969E-02 +0.00000000E+00
 +2.68986472E-01 +6.53518089E-02 +0.00000000E+00 +2.68986472E-01 +6.94362969E-02 +0.00000000E+00
 +2.68986472E-01 +7.35207850E-02 +0.00000000E+00 +2.64901984E-01 +7.35207850E-02 +0.00000000E+00
 +2.73070960E-01 +6.53518089E-02 +0.00000000E+00 +2.73070960E-01 +6.94362969E-02 +0.00000000E+00
 +2.77155448E-01 +6.94362969E-02 +0.00000000E+00 +2.73070960E-01 +7.35207850E-02 +0.00000000E+00
 +2.81239936E-01 +7.35207850E-02 +0.00000000E+00 +2.81239936E-01 +7.76052730E-02 +0.00000000E+00
 +2.77155448E-01 +7.76052730E-02 +0.00000000E+00 +2.85324424E-01 +7.76052730E-02 +0.00000000E+00
 +2.73070960E-01 +7.76052730E-02 +0.00000000E+00 +2.97577888E-01 +7.35207850E-02 +0.00000000E+00
 +2.97577888E-01 +7.76052730E-02 +0.00000000E+00 +2.93493400E-01 +7.76052730E-02 +0.00000000E+00
 +3.01662376E-01 +7.76052730E-02 +0.00000000E+00 +3.01662376E-01 +8.16897611E-02 +0.00000000E+00
 +2.97577888E-01 +8.16897611E-02 +0.00000000E+00 +2.93493400E-01 +8.16897611E-02 +0.00000000E+00
 +2.89408912E-01 +7.35207850E-02 +0.00000000E+00 +2.89408912E-01 +7.76052730E-02 +0.00000000E+00
 +2.89408912E-01 +8.16897611E-02 +0.00000000E+00 +4.85464339E-01 +1.22534642E-01 +0.00000000E+00
 +4.85464339E-01 +1.26619130E-01 +0.00000000E+00 +4.81379851E-01 +1.26619130E-01 +0.00000000E+00
 +4.89548827E-01 +1.26619130E-01 +0.00000000E+00 +4.85464339E-01 +1.30703618E-01 +0.00000000E+00
 +4.81379851E-01 +1.30703618E-01 +0.00000000E+00 +4.77295363E-01 +1.22534642E-01 +0.00000000E+00
 +4.77295363E-01 +1.26619130E-01 +0.00000000E+00 +4.73210875E-01 +1.26619130E-01 +0.00000000E+00
 +4.77295363E-01 +1.30703618E-01 +0.00000000E+00 +4.73210875E-01 +1.30703618E-01 +0.00000000E+00
 +4.69126387E-01 +1.22534642E-01 +0.00000000E+00 +4.69126387E-01 +1.26619130E-01 +0.00000000E+00
 +4.65041899E-01 +1.26619130E-01 +0.00000000E+00 +4.48703946E-01 +1.14365666E-01 +0.00000000E+00
 +4.52788434E-01 +1.14365666E-01 +0.00000000E+00 +4.52788434E-01 +1.18450154E-01 +0.00000000E+00
 +4.48703946E-01 +1.18450154E-01 +0.00000000E+00 +4.56872922E-01 +1.18450154E-01 +0.00000000E+00
 +4.52788434E-01 +1.22534642E-01 +0.00000000E+00 +4.48703946E-01 +1.22534642E-01 +0.00000000E+00
 +4.60957411E-01 +1.22534642E-01 +0.00000000E+00 +4.60957411E-01 +1.26619130E-01 +0.00000000E+00
 +4.56872922E-01 +1.26619130E-01 +0.00000000E+00 +4.32365994E-01 +1.14365666E-01 +0.00000000E+00
 +4.36450482E-01 +1.14365666E-01 +0.00000000E+00 +4.36450482E-01 +1.18450154E-01 +0.00000000E+00
 +4.32365994E-01 +1.18450154E-01 +0.00000000E+00 +4.40534970E-01 +1.14365666E-01 +0.00000000E+00
 +4.40534970E-01 +1.18450154E-01 +0.00000000E+00 +4.44619458E-01 +1.14365666E-01 +0.00000000E+00
 +4.44619458E-01 +1.18450154E-01 +0.00000000E+00 +4.44619458E-01 +1.22534642E-01 +0.00000000E+00
 +4.40534970E-01 +1.22534642E-01 +0.00000000E+00 +4.11943554E-01 +1.06196689E-01 +0.00000000E+00
 +4.11943554E-01 +1.10281177E-01 +0.00000000E+00 +4.07859066E-01 +1.10281177E-01 +0.00000000E+00
 +4.16028042E-01 +1.10281177E-01 +0.00000000E+00 +4.16028042E-01 +1.14365666E-01 +0.00000000E+00
 +4.11943554E-01 +1.14365666E-01 +0.00000000E+00 +4.03774578E-01 +1.06196689E-01 +0.00000000E+00
 +4.03774578E-01 +1.10281177E-01 +0.00000000E+00 +3.99690090E-01 +1.10281177E-01 +0.00000000E+00
 +4.28281506E-01 +1.06196689E-01 +0.00000000E+00 +4.28281506E-01 +1.10281177E-01 +0.00000000E+00
 +4.24197018E-01 +1.10281177E-01 +0.00000000E+00 +4.32365994E-01 +1.10281177E-01 +0.00000000E+00
 +4.28281506E-01 +1.14365666E-01 +0.00000000E+00 +4.24197018E-01 +1.14365666E-01 +0.00000000E+00
 +4.20112530E-01 +1.06196689E-01 +0.00000000E+00 +4.20112530E-01 +1.10281177E-01 +0.00000000E+00
 +4.20112530E-01 +1.14365666E-01 +0.00000000E+00 +4.28281506E-01 +1.18450154E-01 +0.00000000E+00
 +4.24197018E-01 +1.18450154E-01 +0.00000000E+00 +3.71098673E-01 +9.80277133E-02 +0.00000000E+00
 +3.71098673E-01 +1.02112201E-01 +0.00000000E+00 +3.67014185E-01 +1.02112201E-01 +0.00000000E+00
 +3.75183161E-01 +9.80277133E-02 +0.00000000E+00 +3.75183161E-01 +1.02112201E-01 +0.00000000E+00
 +3.79267649E-01 +9.80277133E-02 +0.00000000E+00 +3.79267649E-01 +1.02112201E-01 +0.00000000E+00
 +3.83352137E-01 +9.80277133E-02 +0.00000000E+00 +3.83352137E-01 +1.02112201E-01 +0.00000000E+00
 +3.83352137E-01 +1.06196689E-01 +0.00000000E+00 +3.79267649E-01 +1.06196689E-01 +0.00000000E+00
 +3.87436626E-01 +9.80277133E-02 +0.00000000E+00 +3.87436626E-01 +1.02112201E-01 +0.00000000E+00
 +3.91521114E-01 +9.80277133E-02 +0.00000000E+00 +3.91521114E-01 +1.02112201E-01 +0.00000000E+00
 +3.91521114E-01 +1.06196689E-01 +0.00000000E+00 +3.87436626E-01 +1.06196689E-01 +0.00000000E+00
 +3.95605602E-01 +9.80277133E-02 +0.00000000E+00 +3.95605602E-01 +1.02112201E-01 +0.00000000E+00
 +3.99690090E-01 +1.02112201E-01 +0.00000000E+00 +3.95605602E-01 +1.06196689E-01 +0.00000000E+00
 +3.95605602E-01 +1.10281177E-01 +0.00000000E+00 +1.16637246E-02 +4.08448805E-03 +0.00000000E+00
 +7.57923653E-03 +4.08448805E-03 +0.00000000E+00 +1.57482126E-02 +4.08448805E-03 +0.00000000E+00
 +1.98327007E-02 +4.08448805E-03 +0.00000000E+00 +2.39171887E-02 +4.08448805E-03 +0.00000000E+00
 +2.39171887E-02 +8.16897611E-03 +0.00000000E+00 +1.98327007E-02 +8.16897611E-03 +0.00000000E+00
 +1.57482126E-02 +8.16897611E-03 +0.00000000E+00 +2.80016768E-02 +4.08448805E-03 +0.00000000E+00
 +3.20861649E-02 +4.08448805E-03 +0.00000000E+00 +2.80016768E-02 +8.16897611E-03 +0.00000000E+00
 +3.61706529E-02 +8.16897611E-03 +0.00000000E+00 +3.61706529E-02 +1.22534642E-02 +0.00000000E+00
 +3.20861649E-02 +1.22534642E-02 +0.00000000E+00 +4.02551410E-02 +1.22534642E-02 +0.00000000E+00
 +5.25086051E-02 +8.16897611E-03 +0.00000000E+00 +5.25086051E-02 +1.22534642E-02 +0.00000000E+00
 +4.84241171E-02 +1.22534642E-02 +0.00000000E+00 +5.65930932E-02 +1.22534642E-02 +0.00000000E+00
 +5.65930932E-02 +1.63379522E-02 +0.00000000E+00 +5.25086051E-02 +1.63379522E-02 +0.00000000E+00
 +4.84241171E-02 +1.63379522E-02 +0.00000000E+00 +4.43396290E-02 +8.16897611E-03 +0.00000000E+00
 +4.43396290E-02 +1.22534642E-02 +0.00000000E+00 +4.43396290E-02 +1.63379522E-02 +0.00000000E+00
 +6.06775812E-02 +1.63379522E-02 +0.00000000E+00 +6.47620693E-02 +1.63379522E-02 +0.00000000E+00
 +6.47620693E-02 +2.04224403E-02 +0.00000000E+00 +6.06775812E-02 +2.04224403E-02 +0.00000000E+00
 +6.88465573E-02 +1.63379522E-02 +0.00000000E+00 +6.88465573E-02 +2.04224403E-02 +0.00000000E+00
 +7.29310454E-02 +1.63379522E-02 +0.00000000E+00 +7.29310454E-02 +2.04224403E-02 +0.00000000E+00
 +1.01522462E-01 +2.45069283E-02 +0.00000000E+00 +1.01522462E-01 +2.85914164E-02 +0.00000000E+00
 +9.74379737E-02 +2.85914164E-02 +0.00000000E+00 +1.05606950E-01 +2.85914164E-02 +0.00000000E+00
 +9.33534857E-02 +2.45069283E-02 +0.00000000E+00 +9.33534857E-02 +2.85914164E-02 +0.00000000E+00
 +8.92689976E-02 +2.85914164E-02 +0.00000000E+00 +7.70155334E-02 +1.63379522E-02 +0.00000000E+00
 +7.70155334E-02 +2.04224403E-02 +0.00000000E+00 +8.11000215E-02 +1.63379522E-02 +0.00000000E+00
 +8.11000215E-02 +2.04224403E-02 +0.00000000E+00 +8.11000215E-02 +2.45069283E-02 +0.00000000E+00
 +7.70155334E-02 +2.45069283E-02 +0.00000000E+00 +8.51845096E-02 +1.63379522E-02 +0.00000000E+00
 +8.51845096E-02 +2.04224403E-02 +0.00000000E+00 +8.92689976E-02 +2.04224403E-02 +0.00000000E+00
 +8.51845096E-02 +2.45069283E-02 +0.00000000E+00 +1.17860414E-01 +2.45069283E-02 +0.00000000E+00
 +1.17860414E-01 +2.85914164E-02 +0.00000000E+00 +1.13775926E-01 +2.85914164E-02 +0.00000000E+00
 +1.21944902E-01 +2.85914164E-02 +0.00000000E+00 +1.21944902E-01 +3.26759044E-02 +0.00000000E+00
 +1.17860414E-01 +3.26759044E-02 +0.00000000E+00 +1.13775926E-01 +3.26759044E-02 +0.00000000E+00
 +1.09691438E-01 +2.45069283E-02 +0.00000000E+00 +1.09691438E-01 +2.85914164E-02 +0.00000000E+00
 +1.09691438E-01 +3.26759044E-02 +0.00000000E+00 +1.05606950E-01 +3.26759044E-02 +0.00000000E+00
 +1.38282854E-01 +3.26759044E-02 +0.00000000E+00 +1.42367342E-01 +3.26759044E-02 +0.00000000E+00
 +1.42367342E-01 +3.67603925E-02 +0.00000000E+00 +1.38282854E-01 +3.67603925E-02 +0.00000000E+00
 +1.46451830E-01 +3.26759044E-02 +0.00000000E+00 +1.46451830E-01 +3.67603925E-02 +0.00000000E+00
 +1.46451830E-01 +4.08448805E-02 +0.00000000E+00 +1.42367342E-01 +4.08448805E-02 +0.00000000E+00
 +1.38282854E-01 +4.08448805E-02 +0.00000000E+00 +1.50536318E-01 +3.26759044E-02 +0.00000000E+00
 +1.50536318E-01 +3.67603925E-02 +0.00000000E+00 +1.54620806E-01 +3.67603925E-02 +0.00000000E+00
 +1.50536318E-01 +4.08448805E-02 +0.00000000E+00 +1.66874271E-01 +4.08448805E-02 +0.00000000E+00
 +1.66874271E-01 +4.49293686E-02 +0.00000000E+00 +1.62789783E-01 +4.49293686E-02 +0.00000000E+00
 +1.70958759E-01 +4.49293686E-02 +0.00000000E+00 +1.70958759E-01 +4.90138566E-02 +0.00000000E+00
 +1.66874271E-01 +4.90138566E-02 +0.00000000E+00 +1.58705295E-01 +4.08448805E-02 +0.00000000E+00
 +1.58705295E-01 +4.49293686E-02 +0.00000000E+00 +1.54620806E-01 +4.49293686E-02 +0.00000000E+00
 +1.26029390E-01 +3.26759044E-02 +0.00000000E+00 +1.26029390E-01 +3.67603925E-02 +0.00000000E+00
 +1.21944902E-01 +3.67603925E-02 +0.00000000E+00 +1.30113878E-01 +3.26759044E-02 +0.00000000E+00
 +1.30113878E-01 +3.67603925E-02 +0.00000000E+00 +1.34198366E-01 +3.26759044E-02 +0.00000000E+00
 +1.34198366E-01 +3.67603925E-02 +0.00000000E+00 +2.32226079E-01 +5.71828328E-02 +0.00000000E+00
 +2.32226079E-01 +6.12673208E-02 +0.00000000E+00 +2.28141591E-01 +6.12673208E-02 +0.00000000E+00
 +2.36310568E-01 +6.12673208E-02 +0.00000000E+00 +2.36310568E-01 +6.53518089E-02 +0.00000000E+00
 +2.32226079E-01 +6.53518089E-02 +0.00000000E+00 +2.28141591E-01 +6.53518089E-02 +0.00000000E+00
 +2.24057103E-01 +5.71828328E-02 +0.00000000E+00 +2.24057103E-01 +6.12673208E-02 +0.00000000E+00
 +2.19972615E-01 +6.12673208E-02 +0.00000000E+00 +2.03634663E-01 +4.90138566E-02 +0.00000000E+00
 +2.07719151E-01 +4.90138566E-02 +0.00000000E+00 +2.07719151E-01 +5.30983447E-02 +0.00000000E+00
 +2.03634663E-01 +5.30983447E-02 +0.00000000E+00 +2.11803639E-01 +5.30983447E-02 +0.00000000E+00
 +2.07719151E-01 +5.71828328E-02 +0.00000000E+00 +2.03634663E-01 +5.71828328E-02 +0.00000000E+00
 +2.15888127E-01 +5.71828328E-02 +0.00000000E+00 +2.15888127E-01 +6.12673208E-02 +0.00000000E+00
 +2.11803639E-01 +6.12673208E-02 +0.00000000E+00 +1.83212223E-01 +4.08448805E-02 +0.00000000E+00
 +1.83212223E-01 +4.49293686E-02 +0.00000000E+00 +1.79127735E-01 +4.49293686E-02 +0.00000000E+00
 +1.87296711E-01 +4.49293686E-02 +0.00000000E+00 +1.87296711E-01 +4.90138566E-02 +0.00000000E+00
 +1.83212223E-01 +4.90138566E-02 +0.00000000E+00 +1.79127735E-01 +4.90138566E-02 +0.00000000E+00
 +1.75043247E-01 +4.08448805E-02 +0.00000000E+00 +1.75043247E-01 +4.49293686E-02 +0.00000000E+00
 +1.75043247E-01 +4.90138566E-02 +0.00000000E+00 +1.91381199E-01 +4.90138566E-02 +0.00000000E+00
 +1.91381199E-01 +5.30983447E-02 +0.00000000E+00 +1.87296711E-01 +5.30983447E-02 +0.00000000E+00
 +1.95465687E-01 +4.90138566E-02 +0.00000000E+00 +1.95465687E-01 +5.30983447E-02 +0.00000000E+00
 +1.99550175E-01 +4.90138566E-02 +0.00000000E+00 +1.99550175E-01 +5.30983447E-02 +0.00000000E+00
 +1.99550175E-01 +5.71828328E-02 +0.00000000E+00 +1.95465687E-01 +5.71828328E-02 +0.00000000E+00
 +6.24336933E-01 -1.71548498E-01 +0.00000000E+00 +6.28421421E-01 -1.71548498E-01 +0.00000000E+00
 +6.28421421E-01 -1.67464010E-01 +0.00000000E+00 +6.24336933E-01 -1.67464010E-01 +0.00000000E+00
 +6.28421421E-01 -1.63379522E-01 +0.00000000E+00 +6.24336933E-01 -1.63379522E-01 +0.00000000E+00
 +6.20252445E-01 -1.67464010E-01 +0.00000000E+00 +6.20252445E-01 -1.63379522E-01 +0.00000000E+00
 +6.16167957E-01 -1.67464010E-01 +0.00000000E+00 +6.16167957E-01 -1.63379522E-01 +0.00000000E+00
 +6.12083469E-01 -1.67464010E-01 +0.00000000E+00 +6.12083469E-01 -1.63379522E-01 +0.00000000E+00
 +5.95745516E-01 -1.63379522E-01 +0.00000000E+00 +5.99830004E-01 -1.63379522E-01 +0.00000000E+00
 +5.99830004E-01 -1.59295034E-01 +0.00000000E+00 +5.95745516E-01 -1.59295034E-01 +0.00000000E+00
 +6.03914492E-01 -1.63379522E-01 +0.00000000E+00 +6.03914492E-01 -1.59295034E-01 +0.00000000E+00
 +5.99830004E-01 -1.55210546E-01 +0.00000000E+00 +6.07998980E-01 -1.63379522E-01 +0.00000000E+00
 +6.07998980E-01 -1.59295034E-01 +0.00000000E+00 +6.12083469E-01 -1.59295034E-01 +0.00000000E+00
 +6.07998980E-01 -1.55210546E-01 +0.00000000E+00 +5.71238588E-01 -1.55210546E-01 +0.00000000E+00
 +5.75323076E-01 -1.55210546E-01 +0.00000000E+00 +5.75323076E-01 -1.51126058E-01 +0.00000000E+00
 +5.71238588E-01 -1.51126058E-01 +0.00000000E+00 +5.79407564E-01 -1.51126058E-01 +0.00000000E+00
 +5.75323076E-01 -1.47041570E-01 +0.00000000E+00 +5.71238588E-01 -1.47041570E-01 +0.00000000E+00
 +5.63069612E-01 -1.55210546E-01 +0.00000000E+00 +5.67154100E-01 -1.55210546E-01 +0.00000000E+00
 +5.67154100E-01 -1.51126058E-01 +0.00000000E+00 +5.63069612E-01 -1.51126058E-01 +0.00000000E+00
 +5.67154100E-01 -1.47041570E-01 +0.00000000E+00 +5.63069612E-01 -1.47041570E-01 +0.00000000E+00
 +5.83492052E-01 -1.59295034E-01 +0.00000000E+00 +5.87576540E-01 -1.59295034E-01 +0.00000000E+00
 +5.83492052E-01 -1.55210546E-01 +0.00000000E+00 +5.79407564E-01 -1.59295034E-01 +0.00000000E+00
 +5.91661028E-01 -1.63379522E-01 +0.00000000E+00 +5.91661028E-01 -1.59295034E-01 +0.00000000E+00
 +5.91661028E-01 -1.55210546E-01 +0.00000000E+00 +5.58985124E-01 -1.51126058E-01 +0.00000000E+00
 +5.58985124E-01 -1.47041570E-01 +0.00000000E+00 +5.54900636E-01 -1.51126058E-01 +0.00000000E+00
 +5.54900636E-01 -1.47041570E-01 +0.00000000E+00 +5.50816148E-01 -1.51126058E-01 +0.00000000E+00
 +5.50816148E-01 -1.47041570E-01 +0.00000000E+00 +5.46731660E-01 -1.51126058E-01 +0.00000000E+00
 +5.46731660E-01 -1.47041570E-01 +0.00000000E+00 +5.34478195E-01 -1.47041570E-01 +0.00000000E+00
 +5.38562684E-01 -1.47041570E-01 +0.00000000E+00 +5.38562684E-01 -1.42957082E-01 +0.00000000E+00
 +5.34478195E-01 -1.42957082E-01 +0.00000000E+00 +5.34478195E-01 -1.38872594E-01 +0.00000000E+00
 +5.30393707E-01 -1.42957082E-01 +0.00000000E+00 +5.42647172E-01 -1.47041570E-01 +0.00000000E+00
 +5.42647172E-01 -1.42957082E-01 +0.00000000E+00 +5.46731660E-01 -1.42957082E-01 +0.00000000E+00
 +5.42647172E-01 -1.38872594E-01 +0.00000000E+00 +5.18140243E-01 -1.42957082E-01 +0.00000000E+00
 +5.22224731E-01 -1.42957082E-01 +0.00000000E+00 +5.18140243E-01 -1.38872594E-01 +0.00000000E+00
 +5.26309219E-01 -1.42957082E-01 +0.00000000E+00 +5.26309219E-01 -1.38872594E-01 +0.00000000E+00
 +5.14055755E-01 -1.38872594E-01 +0.00000000E+00 +5.18140243E-01 -1.34788106E-01 +0.00000000E+00
 +5.14055755E-01 -1.34788106E-01 +0.00000000E+00 +5.22224731E-01 -1.34788106E-01 +0.00000000E+00
 +5.18140243E-01 -1.30703618E-01 +0.00000000E+00 +5.14055755E-01 -1.30703618E-01 +0.00000000E+00
 +5.05886779E-01 -1.38872594E-01 +0.00000000E+00 +5.09971267E-01 -1.38872594E-01 +0.00000000E+00
 +5.09971267E-01 -1.34788106E-01 +0.00000000E+00 +5.05886779E-01 -1.34788106E-01 +0.00000000E+00
 +5.09971267E-01 -1.30703618E-01 +0.00000000E+00 +5.05886779E-01 -1.30703618E-01 +0.00000000E+00
 +5.01802291E-01 -1.38872594E-01 +0.00000000E+00 +5.01802291E-01 -1.34788106E-01 +0.00000000E+00
 +5.01802291E-01 -1.30703618E-01 +0.00000000E+00 +4.97717803E-01 -1.34788106E-01 +0.00000000E+00
 +7.50956062E-01 -2.04224403E-01 +0.00000000E+00 +7.55040550E-01 -2.04224403E-01 +0.00000000E+00
 +7.55040550E-01 -2.00139915E-01 +0.00000000E+00 +7.50956062E-01 -2.00139915E-01 +0.00000000E+00
 +7.59125038E-01 -2.04224403E-01 +0.00000000E+00 +7.59125038E-01 -2.00139915E-01 +0.00000000E+00
 +7.59125038E-01 -1.96055427E-01 +0.00000000E+00 +7.55040550E-01 -1.96055427E-01 +0.00000000E+00
 +7.50956062E-01 -1.96055427E-01 +0.00000000E+00 +7.46871574E-01 -2.04224403E-01 +0.00000000E+00
 +7.46871574E-01 -2.00139915E-01 +0.00000000E+00 +7.46871574E-01 -1.96055427E-01 +0.00000000E+00
 +7.42787086E-01 -2.00139915E-01 +0.00000000E+00 +7.42787086E-01 -1.96055427E-01 +0.00000000E+00
 +7.38702598E-01 -2.00139915E-01 +0.00000000E+00 +7.38702598E-01 -1.96055427E-01 +0.00000000E+00
 +7.34618110E-01 -2.00139915E-01 +0.00000000E+00 +7.34618110E-01 -1.96055427E-01 +0.00000000E+00
 +7.30533622E-01 -2.00139915E-01 +0.00000000E+00 +7.30533622E-01 -1.96055427E-01 +0.00000000E+00
 +7.06026694E-01 -1.91970939E-01 +0.00000000E+00 +7.10111182E-01 -1.91970939E-01 +0.00000000E+00
 +7.06026694E-01 -1.87886450E-01 +0.00000000E+00 +7.01942206E-01 -1.91970939E-01 +0.00000000E+00
 +6.93773230E-01 -1.87886450E-01 +0.00000000E+00 +6.97857718E-01 -1.87886450E-01 +0.00000000E+00
 +6.97857718E-01 -1.83801962E-01 +0.00000000E+00 +6.93773230E-01 -1.83801962E-01 +0.00000000E+00
 +7.01942206E-01 -1.83801962E-01 +0.00000000E+00 +6.97857718E-01 -1.79717474E-01 +0.00000000E+00
 +6.93773230E-01 -1.79717474E-01 +0.00000000E+00 +7.14195670E-01 -1.96055427E-01 +0.00000000E+00
 +7.18280158E-01 -1.96055427E-01 +0.00000000E+00 +7.18280158E-01 -1.91970939E-01 +0.00000000E+00
 +7.14195670E-01 -1.91970939E-01 +0.00000000E+00 +7.14195670E-01 -1.87886450E-01 +0.00000000E+00
 +7.22364646E-01 -1.96055427E-01 +0.00000000E+00 +7.22364646E-01 -1.91970939E-01 +0.00000000E+00
 +7.26449134E-01 -1.96055427E-01 +0.00000000E+00 +7.26449134E-01 -1.91970939E-01 +0.00000000E+00
 +7.22364646E-01 -1.87886450E-01 +0.00000000E+00 +6.48843861E-01 -1.75632986E-01 +0.00000000E+00
 +6.52928349E-01 -1.75632986E-01 +0.00000000E+00 +6.48843861E-01 -1.71548498E-01 +0.00000000E+00
 +6.44759373E-01 -1.75632986E-01 +0.00000000E+00 +6.52928349E-01 -1.79717474E-01 +0.00000000E+00
 +6.57012837E-01 -1.79717474E-01 +0.00000000E+00 +6.57012837E-01 -1.75632986E-01 +0.00000000E+00
 +6.61097325E-01 -1.79717474E-01 +0.00000000E+00 +6.61097325E-01 -1.75632986E-01 +0.00000000E+00
 +6.57012837E-01 -1.71548498E-01 +0.00000000E+00 +6.40674885E-01 -1.75632986E-01 +0.00000000E+00
 +6.40674885E-01 -1.71548498E-01 +0.00000000E+00 +6.36590397E-01 -1.71548498E-01 +0.00000000E+00
 +6.40674885E-01 -1.67464010E-01 +0.00000000E+00 +6.36590397E-01 -1.67464010E-01 +0.00000000E+00
 +6.44759373E-01 -1.67464010E-01 +0.00000000E+00 +6.40674885E-01 -1.63379522E-01 +0.00000000E+00
 +6.36590397E-01 -1.63379522E-01 +0.00000000E+00 +6.32505909E-01 -1.71548498E-01 +0.00000000E+00
 +6.32505909E-01 -1.67464010E-01 +0.00000000E+00 +6.32505909E-01 -1.63379522E-01 +0.00000000E+00
 +6.73350789E-01 -1.83801962E-01 +0.00000000E+00 +6.77435277E-01 -1.83801962E-01 +0.00000000E+00
 +6.73350789E-01 -1.79717474E-01 +0.00000000E+00 +6.69266301E-01 -1.83801962E-01 +0.00000000E+00
 +6.85604253E-01 -1.87886450E-01 +0.00000000E+00 +6.89688742E-01 -1.87886450E-01 +0.00000000E+00
 +6.89688742E-01 -1.83801962E-01 +0.00000000E+00 +6.85604253E-01 -1.83801962E-01 +0.00000000E+00
 +6.89688742E-01 -1.79717474E-01 +0.00000000E+00 +6.85604253E-01 -1.79717474E-01 +0.00000000E+00
 +6.81519765E-01 -1.83801962E-01 +0.00000000E+00 +6.81519765E-01 -1.79717474E-01 +0.00000000E+00
 +6.65181813E-01 -1.79717474E-01 +0.00000000E+00 +6.65181813E-01 -1.75632986E-01 +0.00000000E+00
 +6.69266301E-01 -1.75632986E-01 +0.00000000E+00 +6.65181813E-01 -1.71548498E-01 +0.00000000E+00
 +6.61097325E-01 -8.16897611E-02 +0.00000000E+00 +6.65181813E-01 -8.16897611E-02 +0.00000000E+00
 +6.65181813E-01 -7.76052730E-02 +0.00000000E+00 +6.61097325E-01 -7.76052730E-02 +0.00000000E+00
 +6.69266301E-01 -7.76052730E-02 +0.00000000E+00 +6.65181813E-01 -7.35207850E-02 +0.00000000E+00
 +6.61097325E-01 -7.35207850E-02 +0.00000000E+00 +6.73350789E-01 -7.35207850E-02 +0.00000000E+00
 +6.73350789E-01 -6.94362969E-02 +0.00000000E+00 +6.69266301E-01 -6.94362969E-02 +0.00000000E+00
 +6.77435277E-01 -6.94362969E-02 +0.00000000E+00 +6.77435277E-01 -6.53518089E-02 +0.00000000E+00
 +6.73350789E-01 -6.53518089E-02 +0.00000000E+00 +6.69266301E-01 -6.53518089E-02 +0.00000000E+00
 +6.65181813E-01 -6.94362969E-02 +0.00000000E+00 +6.28421421E-01 -9.80277133E-02 +0.00000000E+00
 +6.32505909E-01 -9.80277133E-02 +0.00000000E+00 +6.32505909E-01 -9.39432252E-02 +0.00000000E+00
 +6.28421421E-01 -9.39432252E-02 +0.00000000E+00 +6.36590397E-01 -9.80277133E-02 +0.00000000E+00
 +6.36590397E-01 -9.39432252E-02 +0.00000000E+00 +6.36590397E-01 -8.98587372E-02 +0.00000000E+00
 +6.32505909E-01 -8.98587372E-02 +0.00000000E+00 +6.40674885E-01 -9.80277133E-02 +0.00000000E+00
 +6.40674885E-01 -9.39432252E-02 +0.00000000E+00 +6.44759373E-01 -9.39432252E-02 +0.00000000E+00
 +6.40674885E-01 -8.98587372E-02 +0.00000000E+00 +6.57012837E-01 -8.98587372E-02 +0.00000000E+00
 +6.57012837E-01 -8.57742491E-02 +0.00000000E+00 +6.52928349E-01 -8.57742491E-02 +0.00000000E+00
 +6.61097325E-01 -8.57742491E-02 +0.00000000E+00 +6.57012837E-01 -8.16897611E-02 +0.00000000E+00
 +6.52928349E-01 -8.16897611E-02 +0.00000000E+00 +6.48843861E-01 -8.98587372E-02 +0.00000000E+00
 +6.48843861E-01 -8.57742491E-02 +0.00000000E+00 +6.44759373E-01 -8.57742491E-02 +0.00000000E+00
 +6.48843861E-01 -8.16897611E-02 +0.00000000E+00 +6.57012837E-01 -7.76052730E-02 +0.00000000E+00
 +6.93773230E-01 -3.26759044E-02 +0.00000000E+00 +6.97857718E-01 -3.26759044E-02 +0.00000000E+00
 +6.97857718E-01 -2.85914164E-02 +0.00000000E+00 +6.93773230E-01 -2.85914164E-02 +0.00000000E+00
 +7.01942206E-01 -2.85914164E-02 +0.00000000E+00 +6.97857718E-01 -2.45069283E-02 +0.00000000E+00
 +6.93773230E-01 -2.45069283E-02 +0.00000000E+00 +6.97857718E-01 -2.04224403E-02 +0.00000000E+00
 +6.93773230E-01 -2.04224403E-02 +0.00000000E+00 +7.01942206E-01 -2.04224403E-02 +0.00000000E+00
 +6.97857718E-01 -1.63379522E-02 +0.00000000E+00 +6.93773230E-01 -1.63379522E-02 +0.00000000E+00
 +7.01942206E-01 -1.22534642E-02 +0.00000000E+00 +6.97857718E-01 -1.22534642E-02 +0.00000000E+00
 +6.97857718E-01 -8.16897611E-03 +0.00000000E+00 +7.01942206E-01 -4.08448805E-03 +0.00000000E+00
 +6.97857718E-01 -4.08448805E-03 +0.00000000E+00 +6.97857718E-01 +0.00000000E+00 +0.00000000E+00
 +6.77435277E-01 -6.12673208E-02 +0.00000000E+00 +6.73350789E-01 -6.12673208E-02 +0.00000000E+00
 +6.81519765E-01 -6.53518089E-02 +0.00000000E+00 +6.81519765E-01 -6.12673208E-02 +0.00000000E+00
 +6.85604253E-01 -6.12673208E-02 +0.00000000E+00 +6.81519765E-01 -5.71828328E-02 +0.00000000E+00
 +6.77435277E-01 -5.71828328E-02 +0.00000000E+00 +6.85604253E-01 -5.30983447E-02 +0.00000000E+00
 +6.81519765E-01 -5.30983447E-02 +0.00000000E+00 +6.81519765E-01 -4.90138566E-02 +0.00000000E+00
 +6.89688742E-01 -4.90138566E-02 +0.00000000E+00 +6.89688742E-01 -4.49293686E-02 +0.00000000E+00
 +6.85604253E-01 -4.49293686E-02 +0.00000000E+00 +6.93773230E-01 -4.49293686E-02 +0.00000000E+00
 +6.93773230E-01 -4.08448805E-02 +0.00000000E+00 +6.89688742E-01 -4.08448805E-02 +0.00000000E+00
 +6.85604253E-01 -4.08448805E-02 +0.00000000E+00 +6.93773230E-01 -3.67603925E-02 +0.00000000E+00
 +6.89688742E-01 -3.67603925E-02 +0.00000000E+00 +6.89688742E-01 -3.26759044E-02 +0.00000000E+00
 +5.42647172E-01 -8.98587372E-02 +0.00000000E+00 +5.42647172E-01 -8.57742491E-02 +0.00000000E+00
 +5.38562684E-01 -8.57742491E-02 +0.00000000E+00 +5.46731660E-01 -8.57742491E-02 +0.00000000E+00
 +5.46731660E-01 -8.16897611E-02 +0.00000000E+00 +5.42647172E-01 -8.16897611E-02 +0.00000000E+00
 +5.58985124E-01 -9.80277133E-02 +0.00000000E+00 +5.58985124E-01 -9.39432252E-02 +0.00000000E+00
 +5.54900636E-01 -9.39432252E-02 +0.00000000E+00 +5.63069612E-01 -9.80277133E-02 +0.00000000E+00
 +5.63069612E-01 -9.39432252E-02 +0.00000000E+00 +5.63069612E-01 -8.98587372E-02 +0.00000000E+00
 +5.58985124E-01 -8.98587372E-02 +0.00000000E+00 +5.50816148E-01 -8.98587372E-02 +0.00000000E+00
 +5.50816148E-01 -8.57742491E-02 +0.00000000E+00 +5.54900636E-01 -8.57742491E-02 +0.00000000E+00
 +5.50816148E-01 -8.16897611E-02 +0.00000000E+00 +5.34478195E-01 -8.16897611E-02 +0.00000000E+00
 +5.34478195E-01 -7.76052730E-02 +0.00000000E+00 +5.30393707E-01 -7.76052730E-02 +0.00000000E+00
 +5.38562684E-01 -7.76052730E-02 +0.00000000E+00 +5.38562684E-01 -7.35207850E-02 +0.00000000E+00
 +5.34478195E-01 -7.35207850E-02 +0.00000000E+00 +5.42647172E-01 -7.76052730E-02 +0.00000000E+00
 +5.46731660E-01 -7.76052730E-02 +0.00000000E+00 +5.34478195E-01 -6.94362969E-02 +0.00000000E+00
 +5.30393707E-01 -6.94362969E-02 +0.00000000E+00 +5.26309219E-01 -7.35207850E-02 +0.00000000E+00
 +5.26309219E-01 -6.94362969E-02 +0.00000000E+00 +5.22224731E-01 -6.94362969E-02 +0.00000000E+00
 +5.30393707E-01 -6.53518089E-02 +0.00000000E+00 +5.26309219E-01 -6.53518089E-02 +0.00000000E+00
 +5.67154100E-01 -9.80277133E-02 +0.00000000E+00 +5.67154100E-01 -9.39432252E-02 +0.00000000E+00
 +5.71238588E-01 -9.80277133E-02 +0.00000000E+00 +5.71238588E-01 -9.39432252E-02 +0.00000000E+00
 +5.67154100E-01 -8.98587372E-02 +0.00000000E+00 +5.75323076E-01 -9.80277133E-02 +0.00000000E+00
 +5.75323076E-01 -9.39432252E-02 +0.00000000E+00 +5.79407564E-01 -9.39432252E-02 +0.00000000E+00
 +5.18140243E-01 -6.53518089E-02 +0.00000000E+00 +5.18140243E-01 -6.12673208E-02 +0.00000000E+00
 +5.14055755E-01 -6.12673208E-02 +0.00000000E+00 +5.22224731E-01 -6.12673208E-02 +0.00000000E+00
 +5.22224731E-01 -5.71828328E-02 +0.00000000E+00 +5.18140243E-01 -5.71828328E-02 +0.00000000E+00
 +5.14055755E-01 -5.71828328E-02 +0.00000000E+00 +5.26309219E-01 -6.12673208E-02 +0.00000000E+00
 +5.18140243E-01 -5.30983447E-02 +0.00000000E+00 +5.14055755E-01 -5.30983447E-02 +0.00000000E+00
 +5.18140243E-01 -4.90138566E-02 +0.00000000E+00 +5.14055755E-01 -4.90138566E-02 +0.00000000E+00
 +5.09971267E-01 -4.90138566E-02 +0.00000000E+00 +5.09971267E-01 -4.49293686E-02 +0.00000000E+00
 +5.05886779E-01 -4.49293686E-02 +0.00000000E+00 +5.14055755E-01 -4.49293686E-02 +0.00000000E+00
 +5.14055755E-01 -4.08448805E-02 +0.00000000E+00 +5.09971267E-01 -4.08448805E-02 +0.00000000E+00
 +5.09971267E-01 -3.67603925E-02 +0.00000000E+00 +5.05886779E-01 -3.67603925E-02 +0.00000000E+00
 +5.09971267E-01 -3.26759044E-02 +0.00000000E+00 +5.01802291E-01 -3.26759044E-02 +0.00000000E+00
 +5.01802291E-01 -2.85914164E-02 +0.00000000E+00 +4.97717803E-01 -2.85914164E-02 +0.00000000E+00
 +5.05886779E-01 -2.85914164E-02 +0.00000000E+00 +5.05886779E-01 -2.45069283E-02 +0.00000000E+00
 +5.01802291E-01 -2.45069283E-02 +0.00000000E+00 +4.97717803E-01 -2.45069283E-02 +0.00000000E+00
 +5.01802291E-01 -2.04224403E-02 +0.00000000E+00 +4.97717803E-01 -2.04224403E-02 +0.00000000E+00
 +5.05886779E-01 -2.04224403E-02 +0.00000000E+00 +5.05886779E-01 -1.63379522E-02 +0.00000000E+00
 +5.01802291E-01 -1.63379522E-02 +0.00000000E+00 +4.97717803E-01 -1.63379522E-02 +0.00000000E+00
 +5.01802291E-01 -1.22534642E-02 +0.00000000E+00 +4.97717803E-01 -1.22534642E-02 +0.00000000E+00
 +5.01802291E-01 -8.16897611E-03 +0.00000000E+00 +4.97717803E-01 -8.16897611E-03 +0.00000000E+00
 +5.01802291E-01 -4.08448805E-03 +0.00000000E+00 +4.97717803E-01 -4.08448805E-03 +0.00000000E+00
 +5.01802291E-01 +0.00000000E+00 +0.00000000E+00 +4.97717803E-01 +0.00000000E+00 +0.00000000E+00
 +8.04054407E-01 -2.16477867E-01 +0.00000000E+00 +8.08138895E-01 -2.16477867E-01 +0.00000000E+00
 +8.08138895E-01 -2.12393379E-01 +0.00000000E+00 +8.04054407E-01 -2.12393379E-01 +0.00000000E+00
 +7.99969919E-01 -2.16477867E-01 +0.00000000E+00 +7.99969919E-01 -2.12393379E-01 +0.00000000E+00
 +7.95885431E-01 -2.16477867E-01 +0.00000000E+00 +7.95885431E-01 -2.12393379E-01 +0.00000000E+00
 +7.91800943E-01 -2.16477867E-01 +0.00000000E+00 +7.91800943E-01 -2.12393379E-01 +0.00000000E+00
 +8.16307871E-01 -2.20562355E-01 +0.00000000E+00 +8.20392359E-01 -2.20562355E-01 +0.00000000E+00
 +8.20392359E-01 -2.16477867E-01 +0.00000000E+00 +8.16307871E-01 -2.16477867E-01 +0.00000000E+00
 +8.24476847E-01 -2.16477867E-01 +0.00000000E+00 +8.20392359E-01 -2.12393379E-01 +0.00000000E+00
 +8.16307871E-01 -2.12393379E-01 +0.00000000E+00 +8.08138895E-01 -2.20562355E-01 +0.00000000E+00
 +8.12223383E-01 -2.20562355E-01 +0.00000000E+00 +8.12223383E-01 -2.16477867E-01 +0.00000000E+00
 +8.12223383E-01 -2.12393379E-01 +0.00000000E+00 +7.75462991E-01 -2.12393379E-01 +0.00000000E+00
 +7.79547479E-01 -2.12393379E-01 +0.00000000E+00 +7.79547479E-01 -2.08308891E-01 +0.00000000E+00
 +7.75462991E-01 -2.08308891E-01 +0.00000000E+00 +7.83631967E-01 -2.12393379E-01 +0.00000000E+00
 +7.83631967E-01 -2.08308891E-01 +0.00000000E+00 +7.79547479E-01 -2.04224403E-01 +0.00000000E+00
 +7.87716455E-01 -2.12393379E-01 +0.00000000E+00 +7.87716455E-01 -2.08308891E-01 +0.00000000E+00
 +7.91800943E-01 -2.08308891E-01 +0.00000000E+00 +7.87716455E-01 -2.04224403E-01 +0.00000000E+00
 +7.63209527E-01 -2.08308891E-01 +0.00000000E+00 +7.67294015E-01 -2.08308891E-01 +0.00000000E+00
 +7.63209527E-01 -2.04224403E-01 +0.00000000E+00 +7.71378503E-01 -2.08308891E-01 +0.00000000E+00
 +7.71378503E-01 -2.04224403E-01 +0.00000000E+00 +7.63209527E-01 -2.00139915E-01 +0.00000000E+00
 +7.67294015E-01 -2.00139915E-01 +0.00000000E+00 +7.63209527E-01 -1.96055427E-01 +0.00000000E+00
 +8.85744168E-01 -2.40984795E-01 +0.00000000E+00 +8.89828656E-01 -2.40984795E-01 +0.00000000E+00
 +8.85744168E-01 -2.36900307E-01 +0.00000000E+00 +8.81659680E-01 -2.40984795E-01 +0.00000000E+00
 +8.81659680E-01 -2.36900307E-01 +0.00000000E+00 +8.85744168E-01 -2.32815819E-01 +0.00000000E+00
 +8.81659680E-01 -2.32815819E-01 +0.00000000E+00 +8.89828656E-01 -2.32815819E-01 +0.00000000E+00
 +8.85744168E-01 -2.28731331E-01 +0.00000000E+00 +8.81659680E-01 -2.28731331E-01 +0.00000000E+00
 +8.73490704E-01 -2.36900307E-01 +0.00000000E+00 +8.77575192E-01 -2.36900307E-01 +0.00000000E+00
 +8.77575192E-01 -2.32815819E-01 +0.00000000E+00 +8.73490704E-01 -2.32815819E-01 +0.00000000E+00
 +8.77575192E-01 -2.28731331E-01 +0.00000000E+00 +8.73490704E-01 -2.28731331E-01 +0.00000000E+00
 +8.69406216E-01 -2.36900307E-01 +0.00000000E+00 +8.69406216E-01 -2.32815819E-01 +0.00000000E+00
 +8.69406216E-01 -2.28731331E-01 +0.00000000E+00 +8.65321728E-01 -2.32815819E-01 +0.00000000E+00
 +8.65321728E-01 -2.28731331E-01 +0.00000000E+00 +8.61237240E-01 -2.32815819E-01 +0.00000000E+00
 +8.61237240E-01 -2.28731331E-01 +0.00000000E+00 +8.57152752E-01 -2.32815819E-01 +0.00000000E+00
 +8.57152752E-01 -2.28731331E-01 +0.00000000E+00 +8.28561335E-01 -2.24646843E-01 +0.00000000E+00
 +8.32645823E-01 -2.24646843E-01 +0.00000000E+00 +8.28561335E-01 -2.20562355E-01 +0.00000000E+00
 +8.24476847E-01 -2.24646843E-01 +0.00000000E+00 +8.36730311E-01 -2.28731331E-01 +0.00000000E+00
 +8.40814800E-01 -2.28731331E-01 +0.00000000E+00 +8.40814800E-01 -2.24646843E-01 +0.00000000E+00
 +8.36730311E-01 -2.24646843E-01 +0.00000000E+00 +8.36730311E-01 -2.20562355E-01 +0.00000000E+00
 +8.44899288E-01 -2.28731331E-01 +0.00000000E+00 +8.44899288E-01 -2.24646843E-01 +0.00000000E+00
 +8.48983776E-01 -2.28731331E-01 +0.00000000E+00 +8.48983776E-01 -2.24646843E-01 +0.00000000E+00
 +8.44899288E-01 -2.20562355E-01 +0.00000000E+00 +8.53068264E-01 -2.28731331E-01 +0.00000000E+00
 +8.53068264E-01 -2.24646843E-01 +0.00000000E+00 +8.57152752E-01 -2.24646843E-01 +0.00000000E+00
 +8.53068264E-01 -2.20562355E-01 +0.00000000E+00 +9.18420073E-01 -2.49153771E-01 +0.00000000E+00
 +9.22504561E-01 -2.49153771E-01 +0.00000000E+00 +9.18420073E-01 -2.45069283E-01 +0.00000000E+00
 +9.14335584E-01 -2.49153771E-01 +0.00000000E+00 +9.06166608E-01 -2.45069283E-01 +0.00000000E+00
 +9.10251096E-01 -2.45069283E-01 +0.00000000E+00 +9.10251096E-01 -2.40984795E-01 +0.00000000E+00
 +9.06166608E-01 -2.40984795E-01 +0.00000000E+00 +9.14335584E-01 -2.40984795E-01 +0.00000000E+00
 +9.10251096E-01 -2.36900307E-01 +0.00000000E+00 +8.93913144E-01 -2.40984795E-01 +0.00000000E+00
 +8.97997632E-01 -2.40984795E-01 +0.00000000E+00 +8.93913144E-01 -2.36900307E-01 +0.00000000E+00
 +8.97997632E-01 -2.45069283E-01 +0.00000000E+00 +9.02082120E-01 -2.45069283E-01 +0.00000000E+00
 +9.02082120E-01 -2.40984795E-01 +0.00000000E+00 +9.02082120E-01 -2.36900307E-01 +0.00000000E+00
 +9.30673537E-01 -2.53238259E-01 +0.00000000E+00 +9.34758025E-01 -2.53238259E-01 +0.00000000E+00
 +9.34758025E-01 -2.49153771E-01 +0.00000000E+00 +9.30673537E-01 -2.49153771E-01 +0.00000000E+00
 +9.38842513E-01 -2.53238259E-01 +0.00000000E+00 +9.38842513E-01 -2.49153771E-01 +0.00000000E+00
 +9.38842513E-01 -2.45069283E-01 +0.00000000E+00 +9.34758025E-01 -2.45069283E-01 +0.00000000E+00
 +9.30673537E-01 -2.45069283E-01 +0.00000000E+00 +9.26589049E-01 -2.49153771E-01 +0.00000000E+00
 +9.26589049E-01 -2.45069283E-01 +0.00000000E+00 +9.51095977E-01 -2.57322747E-01 +0.00000000E+00
 +9.55180465E-01 -2.57322747E-01 +0.00000000E+00 +9.51095977E-01 -2.53238259E-01 +0.00000000E+00
 +9.47011489E-01 -2.57322747E-01 +0.00000000E+00 +9.42927001E-01 -2.53238259E-01 +0.00000000E+00
 +9.42927001E-01 -2.49153771E-01 +0.00000000E+00 +9.47011489E-01 -2.49153771E-01 +0.00000000E+00
 +9.42927001E-01 -2.45069283E-01 +0.00000000E+00 +9.59264953E-01 -2.61407235E-01 +0.00000000E+00
 +9.63349441E-01 -2.61407235E-01 +0.00000000E+00 +9.63349441E-01 -2.57322747E-01 +0.00000000E+00
 +9.59264953E-01 -2.57322747E-01 +0.00000000E+00 +9.59264953E-01 -2.53238259E-01 +0.00000000E+00
 +9.67433929E-01 -2.61407235E-01 +0.00000000E+00 +9.67433929E-01 -2.57322747E-01 +0.00000000E+00
 +9.67433929E-01 -2.53238259E-01 +0.00000000E+00 +9.67433929E-01 -2.49153771E-01 +0.00000000E+00
 +9.63349441E-01 -2.49153771E-01 +0.00000000E+00 +9.71518417E-01 -2.53238259E-01 +0.00000000E+00
 +9.71518417E-01 -2.49153771E-01 +0.00000000E+00 +9.71518417E-01 -2.45069283E-01 +0.00000000E+00
 +9.67433929E-01 -2.45069283E-01 +0.00000000E+00 +9.75602905E-01 -2.36900307E-01 +0.00000000E+00
 +9.75602905E-01 -2.32815819E-01 +0.00000000E+00 +9.71518417E-01 -2.32815819E-01 +0.00000000E+00
 +9.75602905E-01 -2.28731331E-01 +0.00000000E+00 +9.67433929E-01 -2.40984795E-01 +0.00000000E+00
 +9.63349441E-01 -2.40984795E-01 +0.00000000E+00 +9.71518417E-01 -2.40984795E-01 +0.00000000E+00
 +9.67433929E-01 -2.36900307E-01 +0.00000000E+00 +9.75602905E-01 -2.24646843E-01 +0.00000000E+00
 +9.71518417E-01 -2.24646843E-01 +0.00000000E+00 +9.75602905E-01 -2.20562355E-01 +0.00000000E+00
 +9.71518417E-01 -2.20562355E-01 +0.00000000E+00 +9.75602905E-01 -2.16477867E-01 +0.00000000E+00
 +9.71518417E-01 -2.16477867E-01 +0.00000000E+00 +9.79687393E-01 -2.20562355E-01 +0.00000000E+00
 +9.79687393E-01 -2.16477867E-01 +0.00000000E+00 +9.79687393E-01 -2.12393379E-01 +0.00000000E+00
 +9.75602905E-01 -2.12393379E-01 +0.00000000E+00 +9.71518417E-01 -2.12393379E-01 +0.00000000E+00
 +9.75602905E-01 -2.08308891E-01 +0.00000000E+00 +9.71518417E-01 -2.08308891E-01 +0.00000000E+00
 +9.79687393E-01 -2.08308891E-01 +0.00000000E+00 +9.79687393E-01 -2.04224403E-01 +0.00000000E+00
 +9.75602905E-01 -2.04224403E-01 +0.00000000E+00 +9.71518417E-01 -2.04224403E-01 +0.00000000E+00
 +9.79687393E-01 -2.00139915E-01 +0.00000000E+00 +9.83771881E-01 -2.00139915E-01 +0.00000000E+00
 +9.83771881E-01 -1.96055427E-01 +0.00000000E+00 +9.75602905E-01 -2.00139915E-01 +0.00000000E+00
 +9.71518417E-01 -2.00139915E-01 +0.00000000E+00 +9.75602905E-01 -1.96055427E-01 +0.00000000E+00
 +9.83771881E-01 -1.91970939E-01 +0.00000000E+00 +9.79687393E-01 -1.91970939E-01 +0.00000000E+00
 +9.83771881E-01 -1.87886450E-01 +0.00000000E+00 +9.83771881E-01 -1.83801962E-01 +0.00000000E+00
 +9.79687393E-01 -1.83801962E-01 +0.00000000E+00 +9.83771881E-01 -1.79717474E-01 +0.00000000E+00
 +9.83771881E-01 -1.75632986E-01 +0.00000000E+00 +9.79687393E-01 -1.75632986E-01 +0.00000000E+00
 +9.87856369E-01 -1.79717474E-01 +0.00000000E+00 +9.87856369E-01 -1.75632986E-01 +0.00000000E+00
 +9.87856369E-01 -1.71548498E-01 +0.00000000E+00 +9.83771881E-01 -1.71548498E-01 +0.00000000E+00
 +9.83771881E-01 -1.67464010E-01 +0.00000000E+00 +9.79687393E-01 -1.67464010E-01 +0.00000000E+00
 +9.87856369E-01 -1.67464010E-01 +0.00000000E+00 +9.87856369E-01 -1.63379522E-01 +0.00000000E+00
 +9.83771881E-01 -1.63379522E-01 +0.00000000E+00 +9.87856369E-01 -1.55210546E-01 +0.00000000E+00
 +9.91940858E-01 -1.55210546E-01 +0.00000000E+00 +9.91940858E-01 -1.51126058E-01 +0.00000000E+00
 +9.87856369E-01 -1.51126058E-01 +0.00000000E+00 +9.91940858E-01 -1.47041570E-01 +0.00000000E+00
 +9.87856369E-01 -1.47041570E-01 +0.00000000E+00 +9.91940858E-01 -1.42957082E-01 +0.00000000E+00
 +9.87856369E-01 -1.42957082E-01 +0.00000000E+00 +9.91940858E-01 -1.38872594E-01 +0.00000000E+00
 +9.87856369E-01 -1.38872594E-01 +0.00000000E+00 +9.91940858E-01 -1.34788106E-01 +0.00000000E+00
 +9.87856369E-01 -1.34788106E-01 +0.00000000E+00 +9.91940858E-01 -1.30703618E-01 +0.00000000E+00
 +9.87856369E-01 -1.30703618E-01 +0.00000000E+00 +9.91940858E-01 -1.26619130E-01 +0.00000000E+00
 +9.87856369E-01 -1.26619130E-01 +0.00000000E+00 +9.96025346E-01 -1.26619130E-01 +0.00000000E+00
 +9.96025346E-01 -1.22534642E-01 +0.00000000E+00 +9.91940858E-01 -1.22534642E-01 +0.00000000E+00
 +9.87856369E-01 -1.22534642E-01 +0.00000000E+00 +9.91940858E-01 -1.18450154E-01 +0.00000000E+00
 +9.87856369E-01 -1.18450154E-01 +0.00000000E+00 +9.96025346E-01 -1.18450154E-01 +0.00000000E+00
 +9.96025346E-01 -1.14365666E-01 +0.00000000E+00 +9.91940858E-01 -1.14365666E-01 +0.00000000E+00
 +9.87856369E-01 -1.14365666E-01 +0.00000000E+00 +9.91940858E-01 -1.10281177E-01 +0.00000000E+00
 +9.87856369E-01 -1.10281177E-01 +0.00000000E+00 +9.96025346E-01 -1.10281177E-01 +0.00000000E+00
 +9.96025346E-01 -1.06196689E-01 +0.00000000E+00 +9.91940858E-01 -1.06196689E-01 +0.00000000E+00
 +9.87856369E-01 -1.06196689E-01 +0.00000000E+00 +9.91940858E-01 -1.02112201E-01 +0.00000000E+00
 +9.87856369E-01 -1.02112201E-01 +0.00000000E+00 +9.96025346E-01 -1.02112201E-01 +0.00000000E+00
 +9.96025346E-01 -9.80277133E-02 +0.00000000E+00 +9.91940858E-01 -9.80277133E-02 +0.00000000E+00
 +9.91940858E-01 -9.39432252E-02 +0.00000000E+00 +9.87856369E-01 -9.39432252E-02 +0.00000000E+00
 +9.96025346E-01 -9.39432252E-02 +0.00000000E+00 +9.96025346E-01 -8.98587372E-02 +0.00000000E+00
 +9.91940858E-01 -8.98587372E-02 +0.00000000E+00 +9.91940858E-01 -8.57742491E-02 +0.00000000E+00
 +9.87856369E-01 -8.57742491E-02 +0.00000000E+00 +9.83771881E-01 -8.98587372E-02 +0.00000000E+00
 +9.83771881E-01 -8.57742491E-02 +0.00000000E+00 +9.79687393E-01 -8.57742491E-02 +0.00000000E+00
 +9.87856369E-01 -8.16897611E-02 +0.00000000E+00 +9.83771881E-01 -8.16897611E-02 +0.00000000E+00
 +9.75602905E-01 -8.16897611E-02 +0.00000000E+00 +9.75602905E-01 -7.76052730E-02 +0.00000000E+00
 +9.71518417E-01 -7.76052730E-02 +0.00000000E+00 +9.79687393E-01 -7.76052730E-02 +0.00000000E+00
 +9.79687393E-01 -7.35207850E-02 +0.00000000E+00 +9.75602905E-01 -7.35207850E-02 +0.00000000E+00
 +9.83771881E-01 -7.76052730E-02 +0.00000000E+00 +9.75602905E-01 -6.94362969E-02 +0.00000000E+00
 +9.71518417E-01 -6.94362969E-02 +0.00000000E+00 +9.67433929E-01 -7.35207850E-02 +0.00000000E+00
 +9.67433929E-01 -6.94362969E-02 +0.00000000E+00 +9.63349441E-01 -6.94362969E-02 +0.00000000E+00
 +9.71518417E-01 -6.53518089E-02 +0.00000000E+00 +9.67433929E-01 -6.53518089E-02 +0.00000000E+00
 +9.59264953E-01 -6.53518089E-02 +0.00000000E+00 +9.59264953E-01 -6.12673208E-02 +0.00000000E+00
 +9.55180465E-01 -6.12673208E-02 +0.00000000E+00 +9.63349441E-01 -6.12673208E-02 +0.00000000E+00
 +9.63349441E-01 -5.71828328E-02 +0.00000000E+00 +9.59264953E-01 -5.71828328E-02 +0.00000000E+00
 +9.67433929E-01 -6.12673208E-02 +0.00000000E+00 +9.59264953E-01 -5.30983447E-02 +0.00000000E+00
 +9.55180465E-01 -5.30983447E-02 +0.00000000E+00 +9.51095977E-01 -5.71828328E-02 +0.00000000E+00
 +9.51095977E-01 -5.30983447E-02 +0.00000000E+00 +9.47011489E-01 -5.30983447E-02 +0.00000000E+00
 +9.55180465E-01 -4.90138566E-02 +0.00000000E+00 +9.51095977E-01 -4.90138566E-02 +0.00000000E+00
 +9.42927001E-01 -4.90138566E-02 +0.00000000E+00 +9.42927001E-01 -4.49293686E-02 +0.00000000E+00
 +9.38842513E-01 -4.49293686E-02 +0.00000000E+00 +9.47011489E-01 -4.49293686E-02 +0.00000000E+00
 +9.47011489E-01 -4.08448805E-02 +0.00000000E+00 +9.42927001E-01 -4.08448805E-02 +0.00000000E+00
 +9.51095977E-01 -4.49293686E-02 +0.00000000E+00 +9.42927001E-01 -3.67603925E-02 +0.00000000E+00
 +9.38842513E-01 -3.67603925E-02 +0.00000000E+00 +9.34758025E-01 -4.08448805E-02 +0.00000000E+00
 +9.34758025E-01 -3.67603925E-02 +0.00000000E+00 +9.30673537E-01 -3.67603925E-02 +0.00000000E+00
 +9.38842513E-01 -3.26759044E-02 +0.00000000E+00 +9.34758025E-01 -3.26759044E-02 +0.00000000E+00
 +9.26589049E-01 -3.26759044E-02 +0.00000000E+00 +9.26589049E-01 -2.85914164E-02 +0.00000000E+00
 +9.22504561E-01 -2.85914164E-02 +0.00000000E+00 +9.30673537E-01 -2.85914164E-02 +0.00000000E+00
 +9.30673537E-01 -2.45069283E-02 +0.00000000E+00 +9.26589049E-01 -2.45069283E-02 +0.00000000E+00
 +9.34758025E-01 -2.85914164E-02 +0.00000000E+00 +9.26589049E-01 -2.04224403E-02 +0.00000000E+00
 +9.22504561E-01 -2.04224403E-02 +0.00000000E+00 +9.18420073E-01 -2.45069283E-02 +0.00000000E+00
 +9.18420073E-01 -2.04224403E-02 +0.00000000E+00 +9.14335584E-01 -2.04224403E-02 +0.00000000E+00
 +9.22504561E-01 -1.63379522E-02 +0.00000000E+00 +9.18420073E-01 -1.63379522E-02 +0.00000000E+00
 +9.10251096E-01 -1.63379522E-02 +0.00000000E+00 +9.10251096E-01 -1.22534642E-02 +0.00000000E+00
 +9.06166608E-01 -1.22534642E-02 +0.00000000E+00 +9.14335584E-01 -1.22534642E-02 +0.00000000E+00
 +9.14335584E-01 -8.16897611E-03 +0.00000000E+00 +9.10251096E-01 -8.16897611E-03 +0.00000000E+00
 +9.18420073E-01 -1.22534642E-02 +0.00000000E+00 +9.10251096E-01 -4.08448805E-03 +0.00000000E+00
 +9.06166608E-01 -4.08448805E-03 +0.00000000E+00 +9.02082120E-01 -8.16897611E-03 +0.00000000E+00
 +9.02082120E-01 -4.08448805E-03 +0.00000000E+00 +8.97997632E-01 -4.08448805E-03 +0.00000000E+00
 +9.06166608E-01 +0.00000000E+00 +0.00000000E+00 +9.02082120E-01 +0.00000000E+00 +0.00000000E+00
 +9.02082120E-01 +4.08448805E-03 +0.00000000E+00 +8.97997632E-01 +4.08448805E-03 +0.00000000E+00
 +9.06166608E-01 +4.08448805E-03 +0.00000000E+00 +9.02082120E-01 +8.16897611E-03 +0.00000000E+00
 +9.10251096E-01 +4.08448805E-03 +0.00000000E+00 +9.10251096E-01 +8.16897611E-03 +0.00000000E+00
 +9.14335584E-01 +1.22534642E-02 +0.00000000E+00 +9.18420073E-01 +1.22534642E-02 +0.00000000E+00
 +9.18420073E-01 +1.63379522E-02 +0.00000000E+00 +9.10251096E-01 +1.22534642E-02 +0.00000000E+00
 +9.06166608E-01 +1.22534642E-02 +0.00000000E+00 +9.14335584E-01 +8.16897611E-03 +0.00000000E+00
 +9.10251096E-01 +1.63379522E-02 +0.00000000E+00 +9.18420073E-01 +2.04224403E-02 +0.00000000E+00
 +9.14335584E-01 +2.04224403E-02 +0.00000000E+00 +9.22504561E-01 +1.63379522E-02 +0.00000000E+00
 +9.22504561E-01 +2.04224403E-02 +0.00000000E+00 +9.18420073E-01 +2.45069283E-02 +0.00000000E+00
 +9.26589049E-01 +2.04224403E-02 +0.00000000E+00 +9.26589049E-01 +2.45069283E-02 +0.00000000E+00
 +9.30673537E-01 +2.85914164E-02 +0.00000000E+00 +9.34758025E-01 +2.85914164E-02 +0.00000000E+00
 +9.34758025E-01 +3.26759044E-02 +0.00000000E+00 +9.26589049E-01 +2.85914164E-02 +0.00000000E+00
 +9.22504561E-01 +2.85914164E-02 +0.00000000E+00 +9.30673537E-01 +2.45069283E-02 +0.00000000E+00
 +9.26589049E-01 +3.26759044E-02 +0.00000000E+00 +9.34758025E-01 +3.67603925E-02 +0.00000000E+00
 +9.30673537E-01 +3.67603925E-02 +0.00000000E+00 +9.38842513E-01 +3.26759044E-02 +0.00000000E+00
 +9.38842513E-01 +3.67603925E-02 +0.00000000E+00 +9.34758025E-01 +4.08448805E-02 +0.00000000E+00
 +9.42927001E-01 +3.67603925E-02 +0.00000000E+00 +9.42927001E-01 +4.08448805E-02 +0.00000000E+00
 +9.47011489E-01 +4.49293686E-02 +0.00000000E+00 +9.51095977E-01 +4.49293686E-02 +0.00000000E+00
 +9.51095977E-01 +4.90138566E-02 +0.00000000E+00 +9.42927001E-01 +4.49293686E-02 +0.00000000E+00
 +9.38842513E-01 +4.49293686E-02 +0.00000000E+00 +9.47011489E-01 +4.08448805E-02 +0.00000000E+00
 +9.42927001E-01 +4.90138566E-02 +0.00000000E+00 +9.51095977E-01 +5.30983447E-02 +0.00000000E+00
 +9.47011489E-01 +5.30983447E-02 +0.00000000E+00 +9.55180465E-01 +4.90138566E-02 +0.00000000E+00
 +9.55180465E-01 +5.30983447E-02 +0.00000000E+00 +9.51095977E-01 +5.71828328E-02 +0.00000000E+00
 +9.59264953E-01 +5.30983447E-02 +0.00000000E+00 +9.59264953E-01 +5.71828328E-02 +0.00000000E+00
 +9.63349441E-01 +6.12673208E-02 +0.00000000E+00 +9.67433929E-01 +6.12673208E-02 +0.00000000E+00
 +9.67433929E-01 +6.53518089E-02 +0.00000000E+00 +9.59264953E-01 +6.12673208E-02 +0.00000000E+00
 +9.55180465E-01 +6.12673208E-02 +0.00000000E+00 +9.63349441E-01 +5.71828328E-02 +0.00000000E+00
 +9.59264953E-01 +6.53518089E-02 +0.00000000E+00 +9.67433929E-01 +6.94362969E-02 +0.00000000E+00
 +9.63349441E-01 +6.94362969E-02 +0.00000000E+00 +9.71518417E-01 +6.53518089E-02 +0.00000000E+00
 +9.71518417E-01 +6.94362969E-02 +0.00000000E+00 +9.67433929E-01 +7.35207850E-02 +0.00000000E+00
 +9.75602905E-01 +6.94362969E-02 +0.00000000E+00 +9.75602905E-01 +7.35207850E-02 +0.00000000E+00
 +9.79687393E-01 +7.76052730E-02 +0.00000000E+00 +9.83771881E-01 +7.76052730E-02 +0.00000000E+00
 +9.83771881E-01 +8.16897611E-02 +0.00000000E+00 +9.75602905E-01 +7.76052730E-02 +0.00000000E+00
 +9.71518417E-01 +7.76052730E-02 +0.00000000E+00 +9.79687393E-01 +7.35207850E-02 +0.00000000E+00
 +9.75602905E-01 +8.16897611E-02 +0.00000000E+00 +9.83771881E-01 +8.57742491E-02 +0.00000000E+00
 +9.79687393E-01 +8.57742491E-02 +0.00000000E+00 +9.87856369E-01 +8.16897611E-02 +0.00000000E+00
 +9.87856369E-01 +8.57742491E-02 +0.00000000E+00 +9.83771881E-01 +8.98587372E-02 +0.00000000E+00
 +9.91940858E-01 +8.57742491E-02 +0.00000000E+00 +9.91940858E-01 +8.98587372E-02 +0.00000000E+00
 +9.91940858E-01 +9.39432252E-02 +0.00000000E+00 +9.87856369E-01 +9.39432252E-02 +0.00000000E+00
 +9.96025346E-01 +8.98587372E-02 +0.00000000E+00 +9.96025346E-01 +9.39432252E-02 +0.00000000E+00
 +9.96025346E-01 +9.80277133E-02 +0.00000000E+00 +9.91940858E-01 +9.80277133E-02 +0.00000000E+00
 +9.91940858E-01 +1.02112201E-01 +0.00000000E+00 +9.87856369E-01 +1.02112201E-01 +0.00000000E+00
 +9.96025346E-01 +1.02112201E-01 +0.00000000E+00 +9.96025346E-01 +1.06196689E-01 +0.00000000E+00
 +9.91940858E-01 +1.06196689E-01 +0.00000000E+00 +9.87856369E-01 +1.06196689E-01 +0.00000000E+00
 +9.91940858E-01 +1.10281177E-01 +0.00000000E+00 +9.87856369E-01 +1.10281177E-01 +0.00000000E+00
 +9.96025346E-01 +1.10281177E-01 +0.00000000E+00 +9.96025346E-01 +1.14365666E-01 +0.00000000E+00
 +9.91940858E-01 +1.14365666E-01 +0.00000000E+00 +9.87856369E-01 +1.14365666E-01 +0.00000000E+00
 +9.91940858E-01 +1.18450154E-01 +0.00000000E+00 +9.87856369E-01 +1.18450154E-01 +0.00000000E+00
 +9.96025346E-01 +1.18450154E-01 +0.00000000E+00 +9.96025346E-01 +1.22534642E-01 +0.00000000E+00
 +9.91940858E-01 +1.22534642E-01 +0.00000000E+00 +9.87856369E-01 +1.22534642E-01 +0.00000000E+00
 +9.91940858E-01 +1.26619130E-01 +0.00000000E+00 +9.87856369E-01 +1.26619130E-01 +0.00000000E+00
 +9.96025346E-01 +1.26619130E-01 +0.00000000E+00 +9.91940858E-01 +1.30703618E-01 +0.00000000E+00
 +9.87856369E-01 +1.30703618E-01 +0.00000000E+00 +9.91940858E-01 +1.34788106E-01 +0.00000000E+00
 +9.87856369E-01 +1.34788106E-01 +0.00000000E+00 +9.91940858E-01 +1.38872594E-01 +0.00000000E+00
 +9.87856369E-01 +1.38872594E-01 +0.00000000E+00 +9.91940858E-01 +1.42957082E-01 +0.00000000E+00
 +9.87856369E-01 +1.42957082E-01 +0.00000000E+00 +9.91940858E-01 +1.47041570E-01 +0.00000000E+00
 +9.87856369E-01 +1.47041570E-01 +0.00000000E+00 +9.91940858E-01 +1.51126058E-01 +0.00000000E+00
 +9.87856369E-01 +1.51126058E-01 +0.00000000E+00 +9.91940858E-01 +1.55210546E-01 +0.00000000E+00
 +9.87856369E-01 +1.55210546E-01 +0.00000000E+00 +9.83771881E-01 +1.63379522E-01 +0.00000000E+00
 +9.83771881E-01 +1.67464010E-01 +0.00000000E+00 +9.79687393E-01 +1.67464010E-01 +0.00000000E+00
 +9.87856369E-01 +1.63379522E-01 +0.00000000E+00 +9.87856369E-01 +1.67464010E-01 +0.00000000E+00
 +9.87856369E-01 +1.71548498E-01 +0.00000000E+00 +9.83771881E-01 +1.71548498E-01 +0.00000000E+00
 +9.83771881E-01 +1.75632986E-01 +0.00000000E+00 +9.79687393E-01 +1.75632986E-01 +0.00000000E+00
 +9.87856369E-01 +1.75632986E-01 +0.00000000E+00 +9.87856369E-01 +1.79717474E-01 +0.00000000E+00
 +9.83771881E-01 +1.79717474E-01 +0.00000000E+00 +9.83771881E-01 +1.83801962E-01 +0.00000000E+00
 +9.79687393E-01 +1.83801962E-01 +0.00000000E+00 +9.83771881E-01 +1.87886450E-01 +0.00000000E+00
 +9.83771881E-01 +1.91970939E-01 +0.00000000E+00 +9.79687393E-01 +1.91970939E-01 +0.00000000E+00
 +9.83771881E-01 +1.96055427E-01 +0.00000000E+00 +9.75602905E-01 +1.96055427E-01 +0.00000000E+00
 +9.75602905E-01 +2.00139915E-01 +0.00000000E+00 +9.71518417E-01 +2.00139915E-01 +0.00000000E+00
 +9.79687393E-01 +2.00139915E-01 +0.00000000E+00 +9.79687393E-01 +2.04224403E-01 +0.00000000E+00
 +9.75602905E-01 +2.04224403E-01 +0.00000000E+00 +9.71518417E-01 +2.04224403E-01 +0.00000000E+00
 +9.83771881E-01 +2.00139915E-01 +0.00000000E+00 +9.75602905E-01 +2.08308891E-01 +0.00000000E+00
 +9.71518417E-01 +2.08308891E-01 +0.00000000E+00 +9.79687393E-01 +2.08308891E-01 +0.00000000E+00
 +9.79687393E-01 +2.12393379E-01 +0.00000000E+00 +9.75602905E-01 +2.12393379E-01 +0.00000000E+00
 +9.71518417E-01 +2.12393379E-01 +0.00000000E+00 +9.75602905E-01 +2.16477867E-01 +0.00000000E+00
 +9.71518417E-01 +2.16477867E-01 +0.00000000E+00 +9.79687393E-01 +2.16477867E-01 +0.00000000E+00
 +9.79687393E-01 +2.20562355E-01 +0.00000000E+00 +9.75602905E-01 +2.20562355E-01 +0.00000000E+00
 +9.71518417E-01 +2.20562355E-01 +0.00000000E+00 +9.75602905E-01 +2.24646843E-01 +0.00000000E+00
 +9.71518417E-01 +2.24646843E-01 +0.00000000E+00 +9.75602905E-01 +2.28731331E-01 +0.00000000E+00
 +9.67433929E-01 +2.36900307E-01 +0.00000000E+00 +9.67433929E-01 +2.40984795E-01 +0.00000000E+00
 +9.63349441E-01 +2.40984795E-01 +0.00000000E+00 +9.71518417E-01 +2.40984795E-01 +0.00000000E+00
 +9.71518417E-01 +2.45069283E-01 +0.00000000E+00 +9.67433929E-01 +2.45069283E-01 +0.00000000E+00
 +9.75602905E-01 +2.32815819E-01 +0.00000000E+00 +9.71518417E-01 +2.32815819E-01 +0.00000000E+00
 +9.75602905E-01 +2.36900307E-01 +0.00000000E+00 +9.67433929E-01 +2.49153771E-01 +0.00000000E+00
 +9.63349441E-01 +2.49153771E-01 +0.00000000E+00 +9.71518417E-01 +2.49153771E-01 +0.00000000E+00
 +9.71518417E-01 +2.53238259E-01 +0.00000000E+00 +9.67433929E-01 +2.53238259E-01 +0.00000000E+00
 +9.67433929E-01 +2.57322747E-01 +0.00000000E+00 +9.63349441E-01 +2.57322747E-01 +0.00000000E+00
 +9.67433929E-01 +2.61407235E-01 +0.00000000E+00 +9.63349441E-01 +2.61407235E-01 +0.00000000E+00
 +9.59264953E-01 +2.53238259E-01 +0.00000000E+00 +9.59264953E-01 +2.57322747E-01 +0.00000000E+00
 +9.55180465E-01 +2.57322747E-01 +0.00000000E+00 +9.59264953E-01 +2.61407235E-01 +0.00000000E+00
 +9.38842513E-01 +2.45069283E-01 +0.00000000E+00 +9.42927001E-01 +2.45069283E-01 +0.00000000E+00
 +9.42927001E-01 +2.49153771E-01 +0.00000000E+00 +9.38842513E-01 +2.49153771E-01 +0.00000000E+00
 +9.47011489E-01 +2.49153771E-01 +0.00000000E+00 +9.42927001E-01 +2.53238259E-01 +0.00000000E+00
 +9.38842513E-01 +2.53238259E-01 +0.00000000E+00 +9.51095977E-01 +2.53238259E-01 +0.00000000E+00
 +9.51095977E-01 +2.57322747E-01 +0.00000000E+00 +9.47011489E-01 +2.57322747E-01 +0.00000000E+00
 +9.26589049E-01 +2.45069283E-01 +0.00000000E+00 +9.26589049E-01 +2.49153771E-01 +0.00000000E+00
 +9.22504561E-01 +2.49153771E-01 +0.00000000E+00 +9.30673537E-01 +2.45069283E-01 +0.00000000E+00
 +9.30673537E-01 +2.49153771E-01 +0.00000000E+00 +9.34758025E-01 +2.45069283E-01 +0.00000000E+00
 +9.34758025E-01 +2.49153771E-01 +0.00000000E+00 +9.34758025E-01 +2.53238259E-01 +0.00000000E+00
 +9.30673537E-01 +2.53238259E-01 +0.00000000E+00 +9.02082120E-01 +2.36900307E-01 +0.00000000E+00
 +9.02082120E-01 +2.40984795E-01 +0.00000000E+00 +8.97997632E-01 +2.40984795E-01 +0.00000000E+00
 +9.06166608E-01 +2.40984795E-01 +0.00000000E+00 +9.06166608E-01 +2.45069283E-01 +0.00000000E+00
 +9.02082120E-01 +2.45069283E-01 +0.00000000E+00 +8.97997632E-01 +2.45069283E-01 +0.00000000E+00
 +8.93913144E-01 +2.36900307E-01 +0.00000000E+00 +8.93913144E-01 +2.40984795E-01 +0.00000000E+00
 +8.89828656E-01 +2.40984795E-01 +0.00000000E+00 +9.10251096E-01 +2.36900307E-01 +0.00000000E+00
 +9.10251096E-01 +2.40984795E-01 +0.00000000E+00 +9.14335584E-01 +2.40984795E-01 +0.00000000E+00
 +9.10251096E-01 +2.45069283E-01 +0.00000000E+00 +9.18420073E-01 +2.45069283E-01 +0.00000000E+00
 +9.18420073E-01 +2.49153771E-01 +0.00000000E+00 +9.14335584E-01 +2.49153771E-01 +0.00000000E+00
 +8.53068264E-01 +2.20562355E-01 +0.00000000E+00 +8.53068264E-01 +2.24646843E-01 +0.00000000E+00
 +8.48983776E-01 +2.24646843E-01 +0.00000000E+00 +8.57152752E-01 +2.24646843E-01 +0.00000000E+00
 +8.57152752E-01 +2.28731331E-01 +0.00000000E+00 +8.53068264E-01 +2.28731331E-01 +0.00000000E+00
 +8.48983776E-01 +2.28731331E-01 +0.00000000E+00 +8.44899288E-01 +2.20562355E-01 +0.00000000E+00
 +8.44899288E-01 +2.24646843E-01 +0.00000000E+00 +8.40814800E-01 +2.24646843E-01 +0.00000000E+00
 +8.44899288E-01 +2.28731331E-01 +0.00000000E+00 +8.40814800E-01 +2.28731331E-01 +0.00000000E+00
 +8.36730311E-01 +2.20562355E-01 +0.00000000E+00 +8.36730311E-01 +2.24646843E-01 +0.00000000E+00
 +8.32645823E-01 +2.24646843E-01 +0.00000000E+00 +8.36730311E-01 +2.28731331E-01 +0.00000000E+00
 +8.28561335E-01 +2.20562355E-01 +0.00000000E+00 +8.28561335E-01 +2.24646843E-01 +0.00000000E+00
 +8.24476847E-01 +2.24646843E-01 +0.00000000E+00 +8.61237240E-01 +2.28731331E-01 +0.00000000E+00
 +8.61237240E-01 +2.32815819E-01 +0.00000000E+00 +8.57152752E-01 +2.32815819E-01 +0.00000000E+00
 +8.65321728E-01 +2.28731331E-01 +0.00000000E+00 +8.65321728E-01 +2.32815819E-01 +0.00000000E+00
 +8.69406216E-01 +2.28731331E-01 +0.00000000E+00 +8.69406216E-01 +2.32815819E-01 +0.00000000E+00
 +8.73490704E-01 +2.28731331E-01 +0.00000000E+00 +8.73490704E-01 +2.32815819E-01 +0.00000000E+00
 +8.73490704E-01 +2.36900307E-01 +0.00000000E+00 +8.69406216E-01 +2.36900307E-01 +0.00000000E+00
 +8.77575192E-01 +2.28731331E-01 +0.00000000E+00 +8.77575192E-01 +2.32815819E-01 +0.00000000E+00
 +8.81659680E-01 +2.28731331E-01 +0.00000000E+00 +8.81659680E-01 +2.32815819E-01 +0.00000000E+00
 +8.81659680E-01 +2.36900307E-01 +0.00000000E+00 +8.77575192E-01 +2.36900307E-01 +0.00000000E+00
 +8.85744168E-01 +2.28731331E-01 +0.00000000E+00 +8.85744168E-01 +2.32815819E-01 +0.00000000E+00
 +8.89828656E-01 +2.32815819E-01 +0.00000000E+00 +8.85744168E-01 +2.36900307E-01 +0.00000000E+00
 +8.85744168E-01 +2.40984795E-01 +0.00000000E+00 +8.81659680E-01 +2.40984795E-01 +0.00000000E+00
 +7.59125038E-01 +1.96055427E-01 +0.00000000E+00 +7.63209527E-01 +1.96055427E-01 +0.00000000E+00
 +7.63209527E-01 +2.00139915E-01 +0.00000000E+00 +7.59125038E-01 +2.00139915E-01 +0.00000000E+00
 +7.67294015E-01 +2.00139915E-01 +0.00000000E+00 +7.63209527E-01 +2.04224403E-01 +0.00000000E+00
 +7.59125038E-01 +2.04224403E-01 +0.00000000E+00 +7.71378503E-01 +2.04224403E-01 +0.00000000E+00
 +7.71378503E-01 +2.08308891E-01 +0.00000000E+00 +7.67294015E-01 +2.08308891E-01 +0.00000000E+00
 +7.75462991E-01 +2.08308891E-01 +0.00000000E+00 +7.63209527E-01 +2.08308891E-01 +0.00000000E+00
 +7.87716455E-01 +2.04224403E-01 +0.00000000E+00 +7.87716455E-01 +2.08308891E-01 +0.00000000E+00
 +7.83631967E-01 +2.08308891E-01 +0.00000000E+00 +7.91800943E-01 +2.08308891E-01 +0.00000000E+00
 +7.91800943E-01 +2.12393379E-01 +0.00000000E+00 +7.87716455E-01 +2.12393379E-01 +0.00000000E+00
 +7.83631967E-01 +2.12393379E-01 +0.00000000E+00 +7.79547479E-01 +2.04224403E-01 +0.00000000E+00
 +7.79547479E-01 +2.08308891E-01 +0.00000000E+00 +7.79547479E-01 +2.12393379E-01 +0.00000000E+00
 +7.75462991E-01 +2.12393379E-01 +0.00000000E+00 +8.08138895E-01 +2.12393379E-01 +0.00000000E+00
 +8.12223383E-01 +2.12393379E-01 +0.00000000E+00 +8.12223383E-01 +2.16477867E-01 +0.00000000E+00
 +8.08138895E-01 +2.16477867E-01 +0.00000000E+00 +8.16307871E-01 +2.12393379E-01 +0.00000000E+00
 +8.16307871E-01 +2.16477867E-01 +0.00000000E+00 +8.16307871E-01 +2.20562355E-01 +0.00000000E+00
 +8.12223383E-01 +2.20562355E-01 +0.00000000E+00 +8.08138895E-01 +2.20562355E-01 +0.00000000E+00
 +8.20392359E-01 +2.12393379E-01 +0.00000000E+00 +8.20392359E-01 +2.16477867E-01 +0.00000000E+00
 +8.24476847E-01 +2.16477867E-01 +0.00000000E+00 +8.20392359E-01 +2.20562355E-01 +0.00000000E+00
 +7.95885431E-01 +2.12393379E-01 +0.00000000E+00 +7.95885431E-01 +2.16477867E-01 +0.00000000E+00
 +7.91800943E-01 +2.16477867E-01 +0.00000000E+00 +7.99969919E-01 +2.12393379E-01 +0.00000000E+00
 +7.99969919E-01 +2.16477867E-01 +0.00000000E+00 +8.04054407E-01 +2.12393379E-01 +0.00000000E+00
 +8.04054407E-01 +2.16477867E-01 +0.00000000E+00 +5.01802291E-01 +4.08448805E-03 +0.00000000E+00
 +4.97717803E-01 +4.08448805E-03 +0.00000000E+00 +5.01802291E-01 +8.16897611E-03 +0.00000000E+00
 +4.97717803E-01 +8.16897611E-03 +0.00000000E+00 +5.01802291E-01 +1.22534642E-02 +0.00000000E+00
 +4.97717803E-01 +1.22534642E-02 +0.00000000E+00 +5.01802291E-01 +1.63379522E-02 +0.00000000E+00
 +4.97717803E-01 +1.63379522E-02 +0.00000000E+00 +5.01802291E-01 +2.04224403E-02 +0.00000000E+00
 +4.97717803E-01 +2.04224403E-02 +0.00000000E+00 +5.05886779E-01 +1.63379522E-02 +0.00000000E+00
 +5.05886779E-01 +2.04224403E-02 +0.00000000E+00 +5.05886779E-01 +2.45069283E-02 +0.00000000E+00
 +5.01802291E-01 +2.45069283E-02 +0.00000000E+00 +4.97717803E-01 +2.45069283E-02 +0.00000000E+00
 +5.01802291E-01 +2.85914164E-02 +0.00000000E+00 +4.97717803E-01 +2.85914164E-02 +0.00000000E+00
 +5.05886779E-01 +2.85914164E-02 +0.00000000E+00 +5.01802291E-01 +3.26759044E-02 +0.00000000E+00
 +5.09971267E-01 +3.26759044E-02 +0.00000000E+00 +5.09971267E-01 +3.67603925E-02 +0.00000000E+00
 +5.05886779E-01 +3.67603925E-02 +0.00000000E+00 +5.09971267E-01 +4.08448805E-02 +0.00000000E+00
 +5.09971267E-01 +4.49293686E-02 +0.00000000E+00 +5.05886779E-01 +4.49293686E-02 +0.00000000E+00
 +5.14055755E-01 +4.08448805E-02 +0.00000000E+00 +5.14055755E-01 +4.49293686E-02 +0.00000000E+00
 +5.14055755E-01 +4.90138566E-02 +0.00000000E+00 +5.09971267E-01 +4.90138566E-02 +0.00000000E+00
 +5.18140243E-01 +4.90138566E-02 +0.00000000E+00 +5.18140243E-01 +5.30983447E-02 +0.00000000E+00
 +5.14055755E-01 +5.30983447E-02 +0.00000000E+00 +5.18140243E-01 +5.71828328E-02 +0.00000000E+00
 +5.14055755E-01 +5.71828328E-02 +0.00000000E+00 +5.22224731E-01 +6.12673208E-02 +0.00000000E+00
 +5.26309219E-01 +6.12673208E-02 +0.00000000E+00 +5.26309219E-01 +6.53518089E-02 +0.00000000E+00
 +5.18140243E-01 +6.12673208E-02 +0.00000000E+00 +5.14055755E-01 +6.12673208E-02 +0.00000000E+00
 +5.22224731E-01 +5.71828328E-02 +0.00000000E+00 +5.18140243E-01 +6.53518089E-02 +0.00000000E+00
 +5.75323076E-01 +9.39432252E-02 +0.00000000E+00 +5.79407564E-01 +9.39432252E-02 +0.00000000E+00
 +5.75323076E-01 +9.80277133E-02 +0.00000000E+00 +5.71238588E-01 +9.39432252E-02 +0.00000000E+00
 +5.71238588E-01 +9.80277133E-02 +0.00000000E+00 +5.63069612E-01 +8.98587372E-02 +0.00000000E+00
 +5.67154100E-01 +8.98587372E-02 +0.00000000E+00 +5.67154100E-01 +9.39432252E-02 +0.00000000E+00
 +5.63069612E-01 +9.39432252E-02 +0.00000000E+00 +5.67154100E-01 +9.80277133E-02 +0.00000000E+00
 +5.63069612E-01 +9.80277133E-02 +0.00000000E+00 +6.24336933E-01 +9.39432252E-02 +0.00000000E+00
 +6.28421421E-01 +9.39432252E-02 +0.00000000E+00 +6.28421421E-01 +9.80277133E-02 +0.00000000E+00
 +6.24336933E-01 +9.80277133E-02 +0.00000000E+00 +6.20252445E-01 +9.39432252E-02 +0.00000000E+00
 +6.20252445E-01 +9.80277133E-02 +0.00000000E+00 +6.16167957E-01 +9.39432252E-02 +0.00000000E+00
 +6.16167957E-01 +9.80277133E-02 +0.00000000E+00 +5.26309219E-01 +6.94362969E-02 +0.00000000E+00
 +5.22224731E-01 +6.94362969E-02 +0.00000000E+00 +5.30393707E-01 +6.53518089E-02 +0.00000000E+00
 +5.30393707E-01 +6.94362969E-02 +0.00000000E+00 +5.26309219E-01 +7.35207850E-02 +0.00000000E+00
 +5.34478195E-01 +6.94362969E-02 +0.00000000E+00 +5.34478195E-01 +7.35207850E-02 +0.00000000E+00
 +5.38562684E-01 +7.76052730E-02 +0.00000000E+00 +5.42647172E-01 +7.76052730E-02 +0.00000000E+00
 +5.42647172E-01 +8.16897611E-02 +0.00000000E+00 +5.34478195E-01 +7.76052730E-02 +0.00000000E+00
 +5.30393707E-01 +7.76052730E-02 +0.00000000E+00 +5.38562684E-01 +7.35207850E-02 +0.00000000E+00
 +5.34478195E-01 +8.16897611E-02 +0.00000000E+00 +5.46731660E-01 +8.16897611E-02 +0.00000000E+00
 +5.50816148E-01 +8.16897611E-02 +0.00000000E+00 +5.50816148E-01 +8.57742491E-02 +0.00000000E+00
 +5.46731660E-01 +8.57742491E-02 +0.00000000E+00 +5.54900636E-01 +8.57742491E-02 +0.00000000E+00
 +5.50816148E-01 +8.98587372E-02 +0.00000000E+00 +5.58985124E-01 +8.57742491E-02 +0.00000000E+00
 +5.58985124E-01 +8.98587372E-02 +0.00000000E+00 +5.58985124E-01 +9.39432252E-02 +0.00000000E+00
 +5.54900636E-01 +9.39432252E-02 +0.00000000E+00 +5.58985124E-01 +9.80277133E-02 +0.00000000E+00
 +5.42647172E-01 +8.57742491E-02 +0.00000000E+00 +5.38562684E-01 +8.57742491E-02 +0.00000000E+00
 +5.42647172E-01 +8.98587372E-02 +0.00000000E+00 +6.89688742E-01 +3.26759044E-02 +0.00000000E+00
 +6.93773230E-01 +3.26759044E-02 +0.00000000E+00 +6.93773230E-01 +3.67603925E-02 +0.00000000E+00
 +6.89688742E-01 +3.67603925E-02 +0.00000000E+00 +6.93773230E-01 +4.08448805E-02 +0.00000000E+00
 +6.89688742E-01 +4.08448805E-02 +0.00000000E+00 +6.85604253E-01 +4.08448805E-02 +0.00000000E+00
 +6.89688742E-01 +4.49293686E-02 +0.00000000E+00 +6.85604253E-01 +4.49293686E-02 +0.00000000E+00
 +6.93773230E-01 +4.49293686E-02 +0.00000000E+00 +6.93773230E-01 +4.90138566E-02 +0.00000000E+00
 +6.89688742E-01 +4.90138566E-02 +0.00000000E+00 +6.85604253E-01 +4.90138566E-02 +0.00000000E+00
 +6.81519765E-01 +4.90138566E-02 +0.00000000E+00 +6.85604253E-01 +5.30983447E-02 +0.00000000E+00
 +6.81519765E-01 +5.30983447E-02 +0.00000000E+00 +6.81519765E-01 +5.71828328E-02 +0.00000000E+00
 +6.89688742E-01 +5.30983447E-02 +0.00000000E+00 +6.93773230E-01 +5.30983447E-02 +0.00000000E+00
 +6.89688742E-01 +5.71828328E-02 +0.00000000E+00 +6.77435277E-01 +5.71828328E-02 +0.00000000E+00
 +6.81519765E-01 +6.12673208E-02 +0.00000000E+00 +6.77435277E-01 +6.12673208E-02 +0.00000000E+00
 +6.85604253E-01 +6.12673208E-02 +0.00000000E+00 +6.81519765E-01 +6.53518089E-02 +0.00000000E+00
 +6.77435277E-01 +6.53518089E-02 +0.00000000E+00 +6.73350789E-01 +6.12673208E-02 +0.00000000E+00
 +6.73350789E-01 +6.53518089E-02 +0.00000000E+00 +7.01942206E-01 +4.08448805E-03 +0.00000000E+00
 +6.97857718E-01 +4.08448805E-03 +0.00000000E+00 +6.97857718E-01 +8.16897611E-03 +0.00000000E+00
 +7.01942206E-01 +1.22534642E-02 +0.00000000E+00 +6.97857718E-01 +1.22534642E-02 +0.00000000E+00
 +6.97857718E-01 +1.63379522E-02 +0.00000000E+00 +6.93773230E-01 +1.63379522E-02 +0.00000000E+00
 +6.97857718E-01 +2.04224403E-02 +0.00000000E+00 +6.93773230E-01 +2.04224403E-02 +0.00000000E+00
 +7.01942206E-01 +2.04224403E-02 +0.00000000E+00 +6.97857718E-01 +2.45069283E-02 +0.00000000E+00
 +6.93773230E-01 +2.45069283E-02 +0.00000000E+00 +6.97857718E-01 +2.85914164E-02 +0.00000000E+00
 +6.93773230E-01 +2.85914164E-02 +0.00000000E+00 +7.01942206E-01 +2.85914164E-02 +0.00000000E+00
 +6.97857718E-01 +3.26759044E-02 +0.00000000E+00 +6.57012837E-01 +7.76052730E-02 +0.00000000E+00
 +6.61097325E-01 +7.76052730E-02 +0.00000000E+00 +6.61097325E-01 +8.16897611E-02 +0.00000000E+00
 +6.57012837E-01 +8.16897611E-02 +0.00000000E+00 +6.48843861E-01 +8.16897611E-02 +0.00000000E+00
 +6.52928349E-01 +8.16897611E-02 +0.00000000E+00 +6.52928349E-01 +8.57742491E-02 +0.00000000E+00
 +6.48843861E-01 +8.57742491E-02 +0.00000000E+00 +6.48843861E-01 +8.98587372E-02 +0.00000000E+00
 +6.44759373E-01 +8.57742491E-02 +0.00000000E+00 +6.57012837E-01 +8.57742491E-02 +0.00000000E+00
 +6.61097325E-01 +8.57742491E-02 +0.00000000E+00 +6.57012837E-01 +8.98587372E-02 +0.00000000E+00
 +6.40674885E-01 +8.57742491E-02 +0.00000000E+00 +6.40674885E-01 +8.98587372E-02 +0.00000000E+00
 +6.36590397E-01 +8.98587372E-02 +0.00000000E+00 +6.40674885E-01 +9.39432252E-02 +0.00000000E+00
 +6.36590397E-01 +9.39432252E-02 +0.00000000E+00 +6.44759373E-01 +9.39432252E-02 +0.00000000E+00
 +6.40674885E-01 +9.80277133E-02 +0.00000000E+00 +6.36590397E-01 +9.80277133E-02 +0.00000000E+00
 +6.32505909E-01 +8.98587372E-02 +0.00000000E+00 +6.32505909E-01 +9.39432252E-02 +0.00000000E+00
 +6.32505909E-01 +9.80277133E-02 +0.00000000E+00 +6.65181813E-01 +6.94362969E-02 +0.00000000E+00
 +6.69266301E-01 +6.94362969E-02 +0.00000000E+00 +6.65181813E-01 +7.35207850E-02 +0.00000000E+00
 +6.69266301E-01 +6.53518089E-02 +0.00000000E+00 +6.73350789E-01 +6.94362969E-02 +0.00000000E+00
 +6.77435277E-01 +6.94362969E-02 +0.00000000E+00 +6.73350789E-01 +7.35207850E-02 +0.00000000E+00
 +6.61097325E-01 +7.35207850E-02 +0.00000000E+00 +6.65181813E-01 +7.76052730E-02 +0.00000000E+00
 +6.69266301E-01 +7.76052730E-02 +0.00000000E+00 +6.65181813E-01 +8.16897611E-02 +0.00000000E+00
 +6.65181813E-01 +1.71548498E-01 +0.00000000E+00 +6.65181813E-01 +1.75632986E-01 +0.00000000E+00
 +6.61097325E-01 +1.75632986E-01 +0.00000000E+00 +6.69266301E-01 +1.75632986E-01 +0.00000000E+00
 +6.65181813E-01 +1.79717474E-01 +0.00000000E+00 +6.61097325E-01 +1.79717474E-01 +0.00000000E+00
 +6.81519765E-01 +1.79717474E-01 +0.00000000E+00 +6.81519765E-01 +1.83801962E-01 +0.00000000E+00
 +6.77435277E-01 +1.83801962E-01 +0.00000000E+00 +6.85604253E-01 +1.79717474E-01 +0.00000000E+00
 +6.85604253E-01 +1.83801962E-01 +0.00000000E+00 +6.89688742E-01 +1.79717474E-01 +0.00000000E+00
 +6.89688742E-01 +1.83801962E-01 +0.00000000E+00 +6.93773230E-01 +1.79717474E-01 +0.00000000E+00
 +6.93773230E-01 +1.83801962E-01 +0.00000000E+00 +6.93773230E-01 +1.87886450E-01 +0.00000000E+00
 +6.89688742E-01 +1.87886450E-01 +0.00000000E+00 +6.85604253E-01 +1.87886450E-01 +0.00000000E+00
 +6.73350789E-01 +1.79717474E-01 +0.00000000E+00 +6.73350789E-01 +1.83801962E-01 +0.00000000E+00
 +6.69266301E-01 +1.83801962E-01 +0.00000000E+00 +6.28421421E-01 +1.63379522E-01 +0.00000000E+00
 +6.32505909E-01 +1.63379522E-01 +0.00000000E+00 +6.32505909E-01 +1.67464010E-01 +0.00000000E+00
 +6.28421421E-01 +1.67464010E-01 +0.00000000E+00 +6.36590397E-01 +1.63379522E-01 +0.00000000E+00
 +6.36590397E-01 +1.67464010E-01 +0.00000000E+00 +6.36590397E-01 +1.71548498E-01 +0.00000000E+00
 +6.32505909E-01 +1.71548498E-01 +0.00000000E+00 +6.28421421E-01 +1.71548498E-01 +0.00000000E+00
 +6.40674885E-01 +1.63379522E-01 +0.00000000E+00 +6.40674885E-01 +1.67464010E-01 +0.00000000E+00
 +6.44759373E-01 +1.67464010E-01 +0.00000000E+00 +6.40674885E-01 +1.71548498E-01 +0.00000000E+00
 +6.44759373E-01 +1.75632986E-01 +0.00000000E+00 +6.40674885E-01 +1.75632986E-01 +0.00000000E+00
 +6.57012837E-01 +1.71548498E-01 +0.00000000E+00 +6.57012837E-01 +1.75632986E-01 +0.00000000E+00
 +6.52928349E-01 +1.75632986E-01 +0.00000000E+00 +6.57012837E-01 +1.79717474E-01 +0.00000000E+00
 +6.52928349E-01 +1.79717474E-01 +0.00000000E+00 +6.48843861E-01 +1.71548498E-01 +0.00000000E+00
 +6.48843861E-01 +1.75632986E-01 +0.00000000E+00 +7.22364646E-01 +1.87886450E-01 +0.00000000E+00
 +7.22364646E-01 +1.91970939E-01 +0.00000000E+00 +7.18280158E-01 +1.91970939E-01 +0.00000000E+00
 +7.26449134E-01 +1.91970939E-01 +0.00000000E+00 +7.26449134E-01 +1.96055427E-01 +0.00000000E+00
 +7.22364646E-01 +1.96055427E-01 +0.00000000E+00 +7.18280158E-01 +1.96055427E-01 +0.00000000E+00
 +7.14195670E-01 +1.87886450E-01 +0.00000000E+00 +7.14195670E-01 +1.91970939E-01 +0.00000000E+00
 +7.10111182E-01 +1.91970939E-01 +0.00000000E+00 +7.14195670E-01 +1.96055427E-01 +0.00000000E+00
 +6.97857718E-01 +1.79717474E-01 +0.00000000E+00 +6.97857718E-01 +1.83801962E-01 +0.00000000E+00
 +7.01942206E-01 +1.83801962E-01 +0.00000000E+00 +6.97857718E-01 +1.87886450E-01 +0.00000000E+00
 +7.06026694E-01 +1.87886450E-01 +0.00000000E+00 +7.06026694E-01 +1.91970939E-01 +0.00000000E+00
 +7.01942206E-01 +1.91970939E-01 +0.00000000E+00 +7.30533622E-01 +1.96055427E-01 +0.00000000E+00
 +7.34618110E-01 +1.96055427E-01 +0.00000000E+00 +7.34618110E-01 +2.00139915E-01 +0.00000000E+00
 +7.30533622E-01 +2.00139915E-01 +0.00000000E+00 +7.38702598E-01 +1.96055427E-01 +0.00000000E+00
 +7.38702598E-01 +2.00139915E-01 +0.00000000E+00 +7.42787086E-01 +1.96055427E-01 +0.00000000E+00
 +7.42787086E-01 +2.00139915E-01 +0.00000000E+00 +7.46871574E-01 +1.96055427E-01 +0.00000000E+00
 +7.46871574E-01 +2.00139915E-01 +0.00000000E+00 +7.50956062E-01 +1.96055427E-01 +0.00000000E+00
 +7.50956062E-01 +2.00139915E-01 +0.00000000E+00 +7.50956062E-01 +2.04224403E-01 +0.00000000E+00
 +7.46871574E-01 +2.04224403E-01 +0.00000000E+00 +7.55040550E-01 +1.96055427E-01 +0.00000000E+00
 +7.55040550E-01 +2.00139915E-01 +0.00000000E+00 +7.55040550E-01 +2.04224403E-01 +0.00000000E+00
 +5.01802291E-01 +1.30703618E-01 +0.00000000E+00 +5.01802291E-01 +1.34788106E-01 +0.00000000E+00
 +4.97717803E-01 +1.34788106E-01 +0.00000000E+00 +5.05886779E-01 +1.30703618E-01 +0.00000000E+00
 +5.05886779E-01 +1.34788106E-01 +0.00000000E+00 +5.05886779E-01 +1.38872594E-01 +0.00000000E+00
 +5.01802291E-01 +1.38872594E-01 +0.00000000E+00 +5.09971267E-01 +1.30703618E-01 +0.00000000E+00
 +5.09971267E-01 +1.34788106E-01 +0.00000000E+00 +5.14055755E-01 +1.30703618E-01 +0.00000000E+00
 +5.14055755E-01 +1.34788106E-01 +0.00000000E+00 +5.14055755E-01 +1.38872594E-01 +0.00000000E+00
 +5.09971267E-01 +1.38872594E-01 +0.00000000E+00 +5.18140243E-01 +1.30703618E-01 +0.00000000E+00
 +5.18140243E-01 +1.34788106E-01 +0.00000000E+00 +5.22224731E-01 +1.34788106E-01 +0.00000000E+00
 +5.18140243E-01 +1.38872594E-01 +0.00000000E+00 +5.26309219E-01 +1.38872594E-01 +0.00000000E+00
 +5.26309219E-01 +1.42957082E-01 +0.00000000E+00 +5.22224731E-01 +1.42957082E-01 +0.00000000E+00
 +5.30393707E-01 +1.42957082E-01 +0.00000000E+00 +5.18140243E-01 +1.42957082E-01 +0.00000000E+00
 +5.42647172E-01 +1.38872594E-01 +0.00000000E+00 +5.42647172E-01 +1.42957082E-01 +0.00000000E+00
 +5.38562684E-01 +1.42957082E-01 +0.00000000E+00 +5.46731660E-01 +1.42957082E-01 +0.00000000E+00
 +5.46731660E-01 +1.47041570E-01 +0.00000000E+00 +5.42647172E-01 +1.47041570E-01 +0.00000000E+00
 +5.38562684E-01 +1.47041570E-01 +0.00000000E+00 +5.34478195E-01 +1.38872594E-01 +0.00000000E+00
 +5.34478195E-01 +1.42957082E-01 +0.00000000E+00 +5.34478195E-01 +1.47041570E-01 +0.00000000E+00
 +5.50816148E-01 +1.47041570E-01 +0.00000000E+00 +5.50816148E-01 +1.51126058E-01 +0.00000000E+00
 +5.46731660E-01 +1.51126058E-01 +0.00000000E+00 +5.54900636E-01 +1.47041570E-01 +0.00000000E+00
 +5.54900636E-01 +1.51126058E-01 +0.00000000E+00 +5.58985124E-01 +1.47041570E-01 +0.00000000E+00
 +5.58985124E-01 +1.51126058E-01 +0.00000000E+00 +5.63069612E-01 +1.47041570E-01 +0.00000000E+00
 +5.63069612E-01 +1.51126058E-01 +0.00000000E+00 +5.91661028E-01 +1.55210546E-01 +0.00000000E+00
 +5.91661028E-01 +1.59295034E-01 +0.00000000E+00 +5.87576540E-01 +1.59295034E-01 +0.00000000E+00
 +5.95745516E-01 +1.59295034E-01 +0.00000000E+00 +5.95745516E-01 +1.63379522E-01 +0.00000000E+00
 +5.91661028E-01 +1.63379522E-01 +0.00000000E+00 +5.83492052E-01 +1.55210546E-01 +0.00000000E+00
 +5.83492052E-01 +1.59295034E-01 +0.00000000E+00 +5.79407564E-01 +1.59295034E-01 +0.00000000E+00
 +5.67154100E-01 +1.47041570E-01 +0.00000000E+00 +5.67154100E-01 +1.51126058E-01 +0.00000000E+00
 +5.71238588E-01 +1.47041570E-01 +0.00000000E+00 +5.71238588E-01 +1.51126058E-01 +0.00000000E+00
 +5.71238588E-01 +1.55210546E-01 +0.00000000E+00 +5.67154100E-01 +1.55210546E-01 +0.00000000E+00
 +5.63069612E-01 +1.55210546E-01 +0.00000000E+00 +5.75323076E-01 +1.47041570E-01 +0.00000000E+00
 +5.75323076E-01 +1.51126058E-01 +0.00000000E+00 +5.79407564E-01 +1.51126058E-01 +0.00000000E+00
 +5.75323076E-01 +1.55210546E-01 +0.00000000E+00 +6.07998980E-01 +1.55210546E-01 +0.00000000E+00
 +6.07998980E-01 +1.59295034E-01 +0.00000000E+00 +6.03914492E-01 +1.59295034E-01 +0.00000000E+00
 +6.12083469E-01 +1.59295034E-01 +0.00000000E+00 +6.12083469E-01 +1.63379522E-01 +0.00000000E+00
 +6.07998980E-01 +1.63379522E-01 +0.00000000E+00 +6.03914492E-01 +1.63379522E-01 +0.00000000E+00
 +5.99830004E-01 +1.55210546E-01 +0.00000000E+00 +5.99830004E-01 +1.59295034E-01 +0.00000000E+00
 +5.99830004E-01 +1.63379522E-01 +0.00000000E+00 +6.16167957E-01 +1.63379522E-01 +0.00000000E+00
 +6.16167957E-01 +1.67464010E-01 +0.00000000E+00 +6.12083469E-01 +1.67464010E-01 +0.00000000E+00
 +6.20252445E-01 +1.63379522E-01 +0.00000000E+00 +6.20252445E-01 +1.67464010E-01 +0.00000000E+00
 +6.24336933E-01 +1.63379522E-01 +0.00000000E+00 +6.24336933E-01 +1.67464010E-01 +0.00000000E+00
 +6.24336933E-01 +1.71548498E-01 +0.00000000E+00 +1.79127735E-01 -5.71828328E-02 +0.00000000E+00
 +1.87296711E-01 -5.71828328E-02 +0.00000000E+00 +1.95465687E-01 -4.08448805E-02 +0.00000000E+00
 +2.03634663E-01 -4.08448805E-02 +0.00000000E+00 +1.95465687E-01 -3.26759044E-02 +0.00000000E+00
 +2.11803639E-01 -4.08448805E-02 +0.00000000E+00 +2.19972615E-01 -4.08448805E-02 +0.00000000E+00
 +2.11803639E-01 -3.26759044E-02 +0.00000000E+00 +1.30113878E-01 -2.45069283E-02 +0.00000000E+00
 +1.38282854E-01 -2.45069283E-02 +0.00000000E+00 +1.30113878E-01 -1.63379522E-02 +0.00000000E+00
 +8.11000215E-02 -8.16897611E-03 +0.00000000E+00 +7.29310454E-02 -8.16897611E-03 +0.00000000E+00
 +8.92689976E-02 -8.16897611E-03 +0.00000000E+00 +8.11000215E-02 +0.00000000E+00 +0.00000000E+00
 +7.29310454E-02 +0.00000000E+00 +0.00000000E+00 +6.47620693E-02 -8.16897611E-03 +0.00000000E+00
 +6.47620693E-02 +0.00000000E+00 +0.00000000E+00 +4.56872922E-01 -1.06196689E-01 +0.00000000E+00
 +4.48703946E-01 -1.06196689E-01 +0.00000000E+00 +4.65041899E-01 -1.06196689E-01 +0.00000000E+00
 +4.56872922E-01 -9.80277133E-02 +0.00000000E+00 +4.48703946E-01 -9.80277133E-02 +0.00000000E+00
 +4.40534970E-01 -1.06196689E-01 +0.00000000E+00 +4.40534970E-01 -9.80277133E-02 +0.00000000E+00
 +3.26169305E-01 -7.35207850E-02 +0.00000000E+00 +3.18000329E-01 -7.35207850E-02 +0.00000000E+00
 +3.34338281E-01 -7.35207850E-02 +0.00000000E+00 +3.26169305E-01 -6.53518089E-02 +0.00000000E+00
 +3.18000329E-01 -6.53518089E-02 +0.00000000E+00 +3.09831353E-01 -7.35207850E-02 +0.00000000E+00
 +3.09831353E-01 -6.53518089E-02 +0.00000000E+00 +3.09831353E-01 +6.53518089E-02 +0.00000000E+00
 +3.09831353E-01 +7.35207850E-02 +0.00000000E+00 +3.18000329E-01 +6.53518089E-02 +0.00000000E+00
 +3.18000329E-01 +7.35207850E-02 +0.00000000E+00 +3.26169305E-01 +6.53518089E-02 +0.00000000E+00
 +3.26169305E-01 +7.35207850E-02 +0.00000000E+00 +3.34338281E-01 +7.35207850E-02 +0.00000000E+00
 +4.40534970E-01 +9.80277133E-02 +0.00000000E+00 +4.40534970E-01 +1.06196689E-01 +0.00000000E+00
 +4.48703946E-01 +9.80277133E-02 +0.00000000E+00 +4.48703946E-01 +1.06196689E-01 +0.00000000E+00
 +4.56872922E-01 +9.80277133E-02 +0.00000000E+00 +4.56872922E-01 +1.06196689E-01 +0.00000000E+00
 +4.65041899E-01 +1.06196689E-01 +0.00000000E+00 +6.47620693E-02 +8.16897611E-03 +0.00000000E+00
 +7.29310454E-02 +8.16897611E-03 +0.00000000E+00 +8.11000215E-02 +8.16897611E-03 +0.00000000E+00
 +8.92689976E-02 +8.16897611E-03 +0.00000000E+00 +1.30113878E-01 +1.63379522E-02 +0.00000000E+00
 +1.30113878E-01 +2.45069283E-02 +0.00000000E+00 +1.38282854E-01 +2.45069283E-02 +0.00000000E+00
 +2.11803639E-01 +3.26759044E-02 +0.00000000E+00 +2.11803639E-01 +4.08448805E-02 +0.00000000E+00
 +2.03634663E-01 +4.08448805E-02 +0.00000000E+00 +2.19972615E-01 +4.08448805E-02 +0.00000000E+00
 +1.95465687E-01 +3.26759044E-02 +0.00000000E+00 +1.95465687E-01 +4.08448805E-02 +0.00000000E+00
 +1.87296711E-01 +5.71828328E-02 +0.00000000E+00 +1.79127735E-01 +5.71828328E-02 +0.00000000E+00
 +6.20252445E-01 -1.55210546E-01 +0.00000000E+00 +6.28421421E-01 -1.55210546E-01 +0.00000000E+00
 +6.20252445E-01 -1.47041570E-01 +0.00000000E+00 +5.71238588E-01 -1.38872594E-01 +0.00000000E+00
 +5.63069612E-01 -1.38872594E-01 +0.00000000E+00 +5.79407564E-01 -1.38872594E-01 +0.00000000E+00
 +5.71238588E-01 -1.30703618E-01 +0.00000000E+00 +5.54900636E-01 -1.38872594E-01 +0.00000000E+00
 +5.54900636E-01 -1.30703618E-01 +0.00000000E+00 +7.01942206E-01 -1.71548498E-01 +0.00000000E+00
 +6.93773230E-01 -1.71548498E-01 +0.00000000E+00 +7.10111182E-01 -1.71548498E-01 +0.00000000E+00
 +7.01942206E-01 -1.63379522E-01 +0.00000000E+00 +6.85604253E-01 -1.71548498E-01 +0.00000000E+00
 +6.85604253E-01 -1.63379522E-01 +0.00000000E+00 +6.69266301E-01 -9.80277133E-02 +0.00000000E+00
 +6.69266301E-01 -8.98587372E-02 +0.00000000E+00 +6.77435277E-01 -8.98587372E-02 +0.00000000E+00
 +6.85604253E-01 -8.16897611E-02 +0.00000000E+00 +6.85604253E-01 -7.35207850E-02 +0.00000000E+00
 +6.93773230E-01 -7.35207850E-02 +0.00000000E+00 +5.87576540E-01 -9.80277133E-02 +0.00000000E+00
 +5.87576540E-01 -8.98587372E-02 +0.00000000E+00 +5.79407564E-01 -8.98587372E-02 +0.00000000E+00
 +5.05886779E-01 -6.53518089E-02 +0.00000000E+00 +5.05886779E-01 -5.71828328E-02 +0.00000000E+00
 +4.97717803E-01 -5.71828328E-02 +0.00000000E+00 +8.16307871E-01 -2.04224403E-01 +0.00000000E+00
 +8.08138895E-01 -2.04224403E-01 +0.00000000E+00 +8.24476847E-01 -2.04224403E-01 +0.00000000E+00
 +8.16307871E-01 -1.96055427E-01 +0.00000000E+00 +8.08138895E-01 -1.96055427E-01 +0.00000000E+00
 +7.99969919E-01 -2.04224403E-01 +0.00000000E+00 +7.99969919E-01 -1.96055427E-01 +0.00000000E+00
 +9.47011489E-01 -2.36900307E-01 +0.00000000E+00 +9.38842513E-01 -2.36900307E-01 +0.00000000E+00
 +9.47011489E-01 -2.28731331E-01 +0.00000000E+00 +9.38842513E-01 -2.28731331E-01 +0.00000000E+00
 +9.30673537E-01 -2.36900307E-01 +0.00000000E+00 +9.30673537E-01 -2.28731331E-01 +0.00000000E+00
 +9.63349441E-01 -2.20562355E-01 +0.00000000E+00 +9.55180465E-01 -2.20562355E-01 +0.00000000E+00
 +9.63349441E-01 -2.12393379E-01 +0.00000000E+00 +9.55180465E-01 -2.12393379E-01 +0.00000000E+00
 +9.63349441E-01 -2.04224403E-01 +0.00000000E+00 +9.55180465E-01 -2.04224403E-01 +0.00000000E+00
 +9.63349441E-01 -1.96055427E-01 +0.00000000E+00 +9.63349441E-01 +1.96055427E-01 +0.00000000E+00
 +9.63349441E-01 +2.04224403E-01 +0.00000000E+00 +9.55180465E-01 +2.04224403E-01 +0.00000000E+00
 +9.63349441E-01 +2.12393379E-01 +0.00000000E+00 +9.55180465E-01 +2.12393379E-01 +0.00000000E+00
 +9.63349441E-01 +2.20562355E-01 +0.00000000E+00 +9.55180465E-01 +2.20562355E-01 +0.00000000E+00
 +9.30673537E-01 +2.28731331E-01 +0.00000000E+00 +9.30673537E-01 +2.36900307E-01 +0.00000000E+00
 +9.38842513E-01 +2.28731331E-01 +0.00000000E+00 +9.38842513E-01 +2.36900307E-01 +0.00000000E+00
 +9.47011489E-01 +2.28731331E-01 +0.00000000E+00 +9.47011489E-01 +2.36900307E-01 +0.00000000E+00
 +7.99969919E-01 +1.96055427E-01 +0.00000000E+00 +7.99969919E-01 +2.04224403E-01 +0.00000000E+00
 +8.08138895E-01 +1.96055427E-01 +0.00000000E+00 +8.08138895E-01 +2.04224403E-01 +0.00000000E+00
 +8.16307871E-01 +1.96055427E-01 +0.00000000E+00 +8.16307871E-01 +2.04224403E-01 +0.00000000E+00
 +8.24476847E-01 +2.04224403E-01 +0.00000000E+00 +5.05886779E-01 +5.71828328E-02 +0.00000000E+00
 +4.97717803E-01 +5.71828328E-02 +0.00000000E+00 +5.05886779E-01 +6.53518089E-02 +0.00000000E+00
 +5.79407564E-01 +8.98587372E-02 +0.00000000E+00 +5.87576540E-01 +8.98587372E-02 +0.00000000E+00
 +5.87576540E-01 +9.80277133E-02 +0.00000000E+00 +6.85604253E-01 +7.35207850E-02 +0.00000000E+00
 +6.93773230E-01 +7.35207850E-02 +0.00000000E+00 +6.85604253E-01 +8.16897611E-02 +0.00000000E+00
 +6.69266301E-01 +8.98587372E-02 +0.00000000E+00 +6.77435277E-01 +8.98587372E-02 +0.00000000E+00
 +6.69266301E-01 +9.80277133E-02 +0.00000000E+00 +6.85604253E-01 +1.63379522E-01 +0.00000000E+00
 +6.85604253E-01 +1.71548498E-01 +0.00000000E+00 +6.93773230E-01 +1.71548498E-01 +0.00000000E+00
 +7.01942206E-01 +1.63379522E-01 +0.00000000E+00 +7.01942206E-01 +1.71548498E-01 +0.00000000E+00
 +7.10111182E-01 +1.71548498E-01 +0.00000000E+00 +5.54900636E-01 +1.30703618E-01 +0.00000000E+00
 +5.54900636E-01 +1.38872594E-01 +0.00000000E+00 +5.63069612E-01 +1.38872594E-01 +0.00000000E+00
 +5.71238588E-01 +1.30703618E-01 +0.00000000E+00 +5.71238588E-01 +1.38872594E-01 +0.00000000E+00
 +5.79407564E-01 +1.38872594E-01 +0.00000000E+00 +6.20252445E-01 +1.47041570E-01 +0.00000000E+00
 +6.20252445E-01 +1.55210546E-01 +0.00000000E+00 +6.28421421E-01 +1.55210546E-01 +0.00000000E+00
 +1.46451830E-01 -2.45069283E-02 +0.00000000E+00 +1.54620806E-01 -2.45069283E-02 +0.00000000E+00
 +1.46451830E-01 -1.63379522E-02 +0.00000000E+00 -5.89739577E-04 -8.16897611E-03 +0.00000000E+00
 +7.57923653E-03 -8.16897611E-03 +0.00000000E+00 -5.89739577E-04 +0.00000000E+00 +0.00000000E+00
 +3.75183161E-01 -8.98587372E-02 +0.00000000E+00 +3.83352137E-01 -8.98587372E-02 +0.00000000E+00
 +3.75183161E-01 -8.16897611E-02 +0.00000000E+00 +3.91521114E-01 -8.98587372E-02 +0.00000000E+00
 +3.99690090E-01 -8.98587372E-02 +0.00000000E+00 +3.91521114E-01 -8.16897611E-02 +0.00000000E+00
 +3.91521114E-01 +8.16897611E-02 +0.00000000E+00 +3.91521114E-01 +8.98587372E-02 +0.00000000E+00
 +3.83352137E-01 +8.98587372E-02 +0.00000000E+00 +3.99690090E-01 +8.98587372E-02 +0.00000000E+00
 +3.75183161E-01 +8.16897611E-02 +0.00000000E+00 +3.75183161E-01 +8.98587372E-02 +0.00000000E+00
 +7.57923653E-03 +8.16897611E-03 +0.00000000E+00 -5.89739577E-04 +8.16897611E-03 +0.00000000E+00
 +1.46451830E-01 +1.63379522E-02 +0.00000000E+00 +1.46451830E-01 +2.45069283E-02 +0.00000000E+00
 +1.54620806E-01 +2.45069283E-02 +0.00000000E+00 +7.34618110E-01 -1.87886450E-01 +0.00000000E+00
 +7.42787086E-01 -1.87886450E-01 +0.00000000E+00 +7.34618110E-01 -1.79717474E-01 +0.00000000E+00
 +7.50956062E-01 -1.87886450E-01 +0.00000000E+00 +7.59125038E-01 -1.87886450E-01 +0.00000000E+00
 +7.50956062E-01 -1.79717474E-01 +0.00000000E+00 +6.36590397E-01 -1.55210546E-01 +0.00000000E+00
 +6.44759373E-01 -1.55210546E-01 +0.00000000E+00 +6.36590397E-01 -1.47041570E-01 +0.00000000E+00
 +6.36590397E-01 -1.14365666E-01 +0.00000000E+00 +6.36590397E-01 -1.06196689E-01 +0.00000000E+00
 +6.28421421E-01 -1.06196689E-01 +0.00000000E+00 +6.44759373E-01 -1.06196689E-01 +0.00000000E+00
 +7.01942206E-01 -4.90138566E-02 +0.00000000E+00 +7.01942206E-01 -4.08448805E-02 +0.00000000E+00
 +7.10111182E-01 -4.08448805E-02 +0.00000000E+00 +5.05886779E-01 -1.22534642E-01 +0.00000000E+00
 +5.14055755E-01 -1.22534642E-01 +0.00000000E+00 +5.05886779E-01 -1.14365666E-01 +0.00000000E+00
 +5.22224731E-01 -1.22534642E-01 +0.00000000E+00 +5.30393707E-01 -1.22534642E-01 +0.00000000E+00
 +5.22224731E-01 -1.14365666E-01 +0.00000000E+00 +5.54900636E-01 -1.14365666E-01 +0.00000000E+00
 +5.54900636E-01 -1.06196689E-01 +0.00000000E+00 +5.46731660E-01 -1.06196689E-01 +0.00000000E+00
 +5.63069612E-01 -1.06196689E-01 +0.00000000E+00 +5.71238588E-01 -1.14365666E-01 +0.00000000E+00
 +5.71238588E-01 -1.06196689E-01 +0.00000000E+00 +5.79407564E-01 -1.06196689E-01 +0.00000000E+00
 +6.20252445E-01 -9.80277133E-02 +0.00000000E+00 +6.28421421E-01 -8.98587372E-02 +0.00000000E+00
 +6.20252445E-01 -8.98587372E-02 +0.00000000E+00 +8.48983776E-01 -2.36900307E-01 +0.00000000E+00
 +8.57152752E-01 -2.36900307E-01 +0.00000000E+00 +8.65321728E-01 -2.20562355E-01 +0.00000000E+00
 +8.73490704E-01 -2.20562355E-01 +0.00000000E+00 +8.65321728E-01 -2.12393379E-01 +0.00000000E+00
 +8.81659680E-01 -2.20562355E-01 +0.00000000E+00 +8.89828656E-01 -2.20562355E-01 +0.00000000E+00
 +8.81659680E-01 -2.12393379E-01 +0.00000000E+00 +9.79687393E-01 -1.55210546E-01 +0.00000000E+00
 +9.71518417E-01 -1.55210546E-01 +0.00000000E+00 +9.79687393E-01 -1.47041570E-01 +0.00000000E+00
 +9.79687393E-01 -1.38872594E-01 +0.00000000E+00 +9.71518417E-01 -1.38872594E-01 +0.00000000E+00
 +9.79687393E-01 -1.30703618E-01 +0.00000000E+00 +9.79687393E-01 -1.22534642E-01 +0.00000000E+00
 +9.71518417E-01 -1.22534642E-01 +0.00000000E+00 +9.79687393E-01 -1.14365666E-01 +0.00000000E+00
 +9.79687393E-01 -1.06196689E-01 +0.00000000E+00 +9.71518417E-01 -1.06196689E-01 +0.00000000E+00
 +9.79687393E-01 +1.06196689E-01 +0.00000000E+00 +9.71518417E-01 +1.06196689E-01 +0.00000000E+00
 +9.79687393E-01 +1.14365666E-01 +0.00000000E+00 +9.79687393E-01 +1.22534642E-01 +0.00000000E+00
 +9.71518417E-01 +1.22534642E-01 +0.00000000E+00 +9.79687393E-01 +1.30703618E-01 +0.00000000E+00
 +9.79687393E-01 +1.38872594E-01 +0.00000000E+00 +9.71518417E-01 +1.38872594E-01 +0.00000000E+00
 +9.79687393E-01 +1.47041570E-01 +0.00000000E+00 +9.79687393E-01 +1.55210546E-01 +0.00000000E+00
 +9.71518417E-01 +1.55210546E-01 +0.00000000E+00 +8.81659680E-01 +2.12393379E-01 +0.00000000E+00
 +8.81659680E-01 +2.20562355E-01 +0.00000000E+00 +8.73490704E-01 +2.20562355E-01 +0.00000000E+00
 +8.89828656E-01 +2.20562355E-01 +0.00000000E+00 +8.65321728E-01 +2.12393379E-01 +0.00000000E+00
 +8.65321728E-01 +2.20562355E-01 +0.00000000E+00 +8.57152752E-01 +2.36900307E-01 +0.00000000E+00
 +8.48983776E-01 +2.36900307E-01 +0.00000000E+00 +6.20252445E-01 +1.06196689E-01 +0.00000000E+00
 +6.12083469E-01 +1.06196689E-01 +0.00000000E+00 +6.28421421E-01 +1.06196689E-01 +0.00000000E+00
 +6.20252445E-01 +1.14365666E-01 +0.00000000E+00 +5.71238588E-01 +1.06196689E-01 +0.00000000E+00
 +5.63069612E-01 +1.06196689E-01 +0.00000000E+00 +5.79407564E-01 +1.06196689E-01 +0.00000000E+00
 +5.71238588E-01 +1.14365666E-01 +0.00000000E+00 +5.54900636E-01 +1.06196689E-01 +0.00000000E+00
 +5.46731660E-01 +1.06196689E-01 +0.00000000E+00 +5.54900636E-01 +1.14365666E-01 +0.00000000E+00
 +5.22224731E-01 +1.14365666E-01 +0.00000000E+00 +5.22224731E-01 +1.22534642E-01 +0.00000000E+00
 +5.14055755E-01 +1.22534642E-01 +0.00000000E+00 +5.30393707E-01 +1.22534642E-01 +0.00000000E+00
 +5.05886779E-01 +1.14365666E-01 +0.00000000E+00 +5.05886779E-01 +1.22534642E-01 +0.00000000E+00
 +7.01942206E-01 +4.08448805E-02 +0.00000000E+00 +7.10111182E-01 +4.08448805E-02 +0.00000000E+00
 +7.01942206E-01 +4.90138566E-02 +0.00000000E+00 +7.01942206E-01 +5.71828328E-02 +0.00000000E+00
 +7.10111182E-01 +5.71828328E-02 +0.00000000E+00 +7.01942206E-01 +6.53518089E-02 +0.00000000E+00
 +6.36590397E-01 +1.06196689E-01 +0.00000000E+00 +6.44759373E-01 +1.06196689E-01 +0.00000000E+00
 +6.36590397E-01 +1.14365666E-01 +0.00000000E+00 +6.36590397E-01 +1.47041570E-01 +0.00000000E+00
 +6.36590397E-01 +1.55210546E-01 +0.00000000E+00 +6.44759373E-01 +1.55210546E-01 +0.00000000E+00
 +7.50956062E-01 +1.79717474E-01 +0.00000000E+00 +7.50956062E-01 +1.87886450E-01 +0.00000000E+00
 +7.42787086E-01 +1.87886450E-01 +0.00000000E+00 +7.59125038E-01 +1.87886450E-01 +0.00000000E+00
 +7.34618110E-01 +1.79717474E-01 +0.00000000E+00 +7.34618110E-01 +1.87886450E-01 +0.00000000E+00
 +4.89548827E-01 -3.26759044E-02 +0.00000000E+00 +4.89548827E-01 -2.45069283E-02 +0.00000000E+00
 +4.81379851E-01 -2.45069283E-02 +0.00000000E+00 +4.89548827E-01 -1.63379522E-02 +0.00000000E+00
 +4.89548827E-01 -8.16897611E-03 +0.00000000E+00 +4.81379851E-01 -8.16897611E-03 +0.00000000E+00
 +4.89548827E-01 +0.00000000E+00 +0.00000000E+00 +2.44479544E-01 -5.71828328E-02 +0.00000000E+00
 +2.52648520E-01 -5.71828328E-02 +0.00000000E+00 +2.44479544E-01 -4.90138566E-02 +0.00000000E+00
 +2.60817496E-01 -5.71828328E-02 +0.00000000E+00 +2.68986472E-01 -5.71828328E-02 +0.00000000E+00
 +2.60817496E-01 -4.90138566E-02 +0.00000000E+00 +2.77155448E-01 -5.71828328E-02 +0.00000000E+00
 +2.85324424E-01 -5.71828328E-02 +0.00000000E+00 +2.77155448E-01 -4.90138566E-02 +0.00000000E+00
 +2.77155448E-01 +4.90138566E-02 +0.00000000E+00 +2.77155448E-01 +5.71828328E-02 +0.00000000E+00
 +2.68986472E-01 +5.71828328E-02 +0.00000000E+00 +2.85324424E-01 +5.71828328E-02 +0.00000000E+00
 +2.60817496E-01 +4.90138566E-02 +0.00000000E+00 +2.60817496E-01 +5.71828328E-02 +0.00000000E+00
 +2.52648520E-01 +5.71828328E-02 +0.00000000E+00 +2.44479544E-01 +4.90138566E-02 +0.00000000E+00
 +2.44479544E-01 +5.71828328E-02 +0.00000000E+00 +4.89548827E-01 +8.16897611E-03 +0.00000000E+00
 +4.81379851E-01 +8.16897611E-03 +0.00000000E+00 +4.89548827E-01 +1.63379522E-02 +0.00000000E+00
 +4.89548827E-01 +2.45069283E-02 +0.00000000E+00 +4.81379851E-01 +2.45069283E-02 +0.00000000E+00
 +4.89548827E-01 +3.26759044E-02 +0.00000000E+00 +7.67294015E-01 -1.87886450E-01 +0.00000000E+00
 +7.75462991E-01 -1.87886450E-01 +0.00000000E+00 +7.67294015E-01 -1.79717474E-01 +0.00000000E+00
 +7.67294015E-01 +1.79717474E-01 +0.00000000E+00 +7.67294015E-01 +1.87886450E-01 +0.00000000E+00
 +7.75462991E-01 +1.87886450E-01 +0.00000000E+00 +4.89548827E-01 -1.38872594E-01 +0.00000000E+00
 +4.97717803E-01 -1.38872594E-01 +0.00000000E+00 +4.97717803E-01 +1.38872594E-01 +0.00000000E+00
 +4.89548827E-01 +1.38872594E-01 +0.00000000E+00 +2.19972615E-01 -1.63379522E-02 +0.00000000E+00
 +2.36310568E-01 -1.63379522E-02 +0.00000000E+00 +2.19972615E-01 +0.00000000E+00 +0.00000000E+00
 +4.48703946E-01 -8.16897611E-02 +0.00000000E+00 +4.65041899E-01 -8.16897611E-02 +0.00000000E+00
 +4.48703946E-01 -6.53518089E-02 +0.00000000E+00 +4.48703946E-01 +6.53518089E-02 +0.00000000E+00
 +4.48703946E-01 +8.16897611E-02 +0.00000000E+00 +4.65041899E-01 +8.16897611E-02 +0.00000000E+00
 +2.19972615E-01 +1.63379522E-02 +0.00000000E+00 +2.36310568E-01 +1.63379522E-02 +0.00000000E+00
 +7.10111182E-01 -1.47041570E-01 +0.00000000E+00 +7.26449134E-01 -1.47041570E-01 +0.00000000E+00
 +7.10111182E-01 -1.30703618E-01 +0.00000000E+00 +6.77435277E-01 -1.14365666E-01 +0.00000000E+00
 +6.93773230E-01 -1.14365666E-01 +0.00000000E+00 +6.12083469E-01 -1.14365666E-01 +0.00000000E+00
 +6.12083469E-01 -9.80277133E-02 +0.00000000E+00 +9.38842513E-01 -2.12393379E-01 +0.00000000E+00
 +9.38842513E-01 -1.96055427E-01 +0.00000000E+00 +9.38842513E-01 +1.96055427E-01 +0.00000000E+00
 +9.38842513E-01 +2.12393379E-01 +0.00000000E+00 +6.77435277E-01 +1.14365666E-01 +0.00000000E+00
 +6.93773230E-01 +1.14365666E-01 +0.00000000E+00 +7.10111182E-01 +1.30703618E-01 +0.00000000E+00
 +7.10111182E-01 +1.47041570E-01 +0.00000000E+00 +7.26449134E-01 +1.47041570E-01 +0.00000000E+00
 +3.18000329E-01 -4.90138566E-02 +0.00000000E+00 +3.34338281E-01 -4.90138566E-02 +0.00000000E+00
 +3.18000329E-01 -3.26759044E-02 +0.00000000E+00 +3.18000329E-01 +3.26759044E-02 +0.00000000E+00
 +3.18000329E-01 +4.90138566E-02 +0.00000000E+00 +3.34338281E-01 +4.90138566E-02 +0.00000000E+00
 +7.10111182E-01 -9.80277133E-02 +0.00000000E+00 +7.10111182E-01 -8.16897611E-02 +0.00000000E+00
 +7.26449134E-01 -8.16897611E-02 +0.00000000E+00 +8.08138895E-01 -1.79717474E-01 +0.00000000E+00
 +8.24476847E-01 -1.79717474E-01 +0.00000000E+00 +8.08138895E-01 -1.63379522E-01 +0.00000000E+00
 +8.08138895E-01 +1.63379522E-01 +0.00000000E+00 +8.08138895E-01 +1.79717474E-01 +0.00000000E+00
 +8.24476847E-01 +1.79717474E-01 +0.00000000E+00 +7.10111182E-01 +8.16897611E-02 +0.00000000E+00
 +7.26449134E-01 +8.16897611E-02 +0.00000000E+00 +7.10111182E-01 +9.80277133E-02 +0.00000000E+00

CELLS 2114 10570
4 0 1 2 3
4 4 5 6 7
4 8 9 10 11
4 12 13 14 15
4 15 14 16 17
4 17 16 18 19
4 19 18 20 21
4 22 23 24 25
4 10 26 27 13
4 26 28 29 27
4 13 27 30 16
4 16 30 31 20
4 31 32 33 34
4 20 31 34 23
4 35 36 37 38
4 39 40 41 42
4 43 39 42 44
4 45 43 44 46
4 47 48 1 49
4 50 47 49 0
4 51 52 53 54
4 55 51 54 56
4 57 58 59 60
4 58 61 62 59
4 7 63 64 65
4 63 6 66 64
4 46 44 67 68
4 44 42 69 67
4 42 41 70 69
4 71 72 73 74
4 75 76 77 78
4 79 75 78 80
4 81 79 80 82
4 83 84 8 85
4 86 87 88 89
4 90 15 91 92
4 92 91 17 93
4 1 94 95 96
4 94 97 98 95
4 96 95 99 2
4 100 101 102 103
4 104 100 103 105
4 106 107 108 109
4 109 108 110 111
4 112 113 114 115
4 116 117 118 119
4 120 121 122 123
4 124 125 126 127
4 128 129 130 131
4 132 133 134 135
4 136 137 138 139
4 139 138 140 141
4 142 143 144 145
4 143 146 147 144
4 5 148 149 150
4 149 151 152 153
4 150 149 153 6
4 93 17 154 155
4 155 154 19 156
4 157 158 159 160
4 161 25 162 163
4 164 165 166 167
4 165 168 169 166
4 168 170 171 169
4 172 3 173 174
4 174 173 175 176
4 56 53 177 178
4 178 177 179 180
4 181 178 180 182
4 183 181 182 184
4 37 183 184 185
4 185 184 186 72
4 184 182 187 186
4 182 180 188 187
4 180 179 189 188
4 188 189 61 57
4 176 175 190 191
4 191 190 4 192
4 193 11 194 87
4 11 10 195 194
4 194 195 13 12
4 105 102 196 197
4 102 198 199 196
4 196 199 28 200
4 197 196 200 26
4 201 197 26 202
4 9 201 202 10
4 198 203 204 199
4 203 106 111 204
4 204 111 205 206
4 199 204 206 28
4 28 206 207 208
4 206 205 112 207
4 208 207 116 29
4 32 131 209 210
4 209 135 211 212
4 210 209 212 33
4 33 212 213 214
4 212 211 136 213
4 213 136 141 215
4 214 213 215 216
4 23 217 218 24
4 217 34 219 218
4 34 220 221 219
4 220 33 214 221
4 221 214 216 146
4 219 221 146 142
4 21 20 222 223
4 223 222 23 22
4 159 223 22 224
4 27 225 226 227
4 225 29 120 226
4 227 226 228 30
4 30 228 229 230
4 229 127 32 231
4 230 229 231 31
4 232 233 234 235
4 236 232 235 237
4 238 239 35 240
4 241 242 36 243
4 239 241 243 35
4 244 236 237 245
4 246 244 245 247
4 248 249 39 250
4 251 248 250 43
4 252 251 43 253
4 254 252 253 45
4 255 256 257 258
4 259 255 258 260
4 261 259 260 262
4 263 264 265 266
4 267 263 266 268
4 269 267 268 270
4 271 269 270 272
4 273 274 50 275
4 276 277 47 278
4 274 276 278 50
4 279 280 281 282
4 282 281 48 283
4 277 282 283 47
4 284 285 286 287
4 288 284 287 289
4 290 288 289 291
4 292 293 51 294
4 295 292 294 55
4 296 297 52 298
4 293 296 298 51
4 59 299 300 301
4 299 62 302 300
4 60 303 304 305
4 303 59 301 304
4 306 307 308 309
4 307 310 311 308
4 310 312 313 311
4 64 314 315 316
4 314 66 317 315
4 315 317 318 319
4 65 320 321 322
4 320 64 316 321
4 323 65 322 324
4 325 326 327 328
4 326 329 330 327
4 329 331 332 330
4 331 333 334 332
4 262 260 335 336
4 260 258 337 335
4 258 257 338 337
4 68 339 340 341
4 339 67 342 340
4 67 343 344 342
4 343 69 345 344
4 346 347 348 349
4 347 350 351 348
4 74 352 353 354
4 352 73 355 353
4 356 74 354 357
4 350 358 359 351
4 358 360 361 359
4 362 363 75 364
4 365 362 364 79
4 366 365 79 367
4 368 366 367 81
4 369 370 371 372
4 373 369 372 374
4 375 373 374 376
4 377 378 83 379
4 380 381 84 382
4 378 380 382 83
4 383 384 385 386
4 387 383 386 388
4 389 390 391 392
4 392 391 393 394
4 384 392 394 385
4 395 89 396 397
4 398 399 400 401
4 399 402 403 400
4 404 90 405 406
4 406 405 92 407
4 407 92 408 409
4 409 408 93 410
4 411 412 413 414
4 414 413 415 416
4 97 417 418 419
4 417 420 421 418
4 419 418 422 98
4 420 423 424 421
4 95 425 426 427
4 425 98 428 426
4 427 426 429 99
4 430 431 432 433
4 433 432 434 435
4 436 437 438 439
4 440 436 439 441
4 442 440 441 443
4 444 445 100 446
4 447 444 446 104
4 448 449 101 450
4 445 448 450 100
4 451 452 453 454
4 454 453 455 456
4 457 454 456 458
4 459 457 458 460
4 461 459 460 462
4 463 464 465 466
4 464 467 468 465
4 465 468 469 470
4 469 471 472 473
4 470 469 473 474
4 107 475 476 477
4 477 476 478 108
4 108 478 479 480
4 480 479 481 110
4 113 482 483 484
4 482 485 486 483
4 484 483 487 114
4 115 488 489 490
4 488 114 491 489
4 490 489 492 493
4 117 494 495 496
4 494 493 497 495
4 496 495 498 118
4 119 499 500 501
4 499 118 502 500
4 501 500 503 504
4 121 505 506 507
4 505 504 508 506
4 507 506 509 122
4 123 510 511 512
4 510 122 513 511
4 512 511 514 515
4 515 514 516 517
4 516 518 125 519
4 517 516 519 124
4 125 520 521 522
4 521 523 524 525
4 522 521 525 126
4 524 526 527 528
4 527 529 129 530
4 528 527 530 128
4 129 531 532 533
4 532 534 535 536
4 533 532 536 130
4 535 537 538 539
4 538 540 133 541
4 539 538 541 132
4 133 542 543 544
4 543 545 546 547
4 544 543 547 134
4 137 548 549 550
4 550 549 551 138
4 138 551 552 553
4 553 552 554 140
4 555 556 557 558
4 556 559 560 557
4 558 557 561 562
4 562 561 563 564
4 565 562 564 566
4 567 568 569 570
4 568 571 572 569
4 571 573 574 572
4 573 575 576 574
4 574 576 577 578
4 144 579 580 581
4 579 147 582 580
4 145 583 584 585
4 583 144 581 584
4 586 587 588 589
4 587 590 591 588
4 590 592 593 591
4 594 595 596 597
4 597 596 598 599
4 148 600 601 602
4 601 603 151 604
4 602 601 604 149
4 605 606 607 608
4 151 609 610 611
4 610 605 608 612
4 611 610 612 152
4 613 614 615 616
4 410 93 617 618
4 618 617 155 619
4 619 155 620 621
4 621 620 156 622
4 623 624 625 626
4 627 623 626 628
4 629 630 157 631
4 632 633 634 635
4 633 636 637 634
4 634 637 638 639
4 640 641 642 643
4 641 632 635 642
4 163 644 645 646
4 644 162 647 645
4 648 163 646 649
4 650 651 652 653
4 651 654 655 652
4 654 656 657 655
4 167 658 659 660
4 658 166 661 659
4 166 662 663 661
4 662 169 664 663
4 237 234 665 666
4 234 667 668 665
4 665 668 669 670
4 666 665 670 671
4 247 237 666 672
4 672 666 671 673
4 40 672 673 41
4 272 268 674 675
4 268 265 676 674
4 674 676 172 677
4 675 674 677 678
4 679 675 678 680
4 52 679 680 53
4 61 681 682 62
4 681 683 684 682
4 683 685 686 684
4 685 192 687 686
4 686 687 333 329
4 684 686 329 325
4 41 673 688 70
4 673 671 689 688
4 688 689 350 346
4 671 670 690 689
4 670 669 691 690
4 690 691 692 360
4 689 690 360 350
4 693 694 9 695
4 84 693 695 8
4 385 393 696 697
4 393 698 699 696
4 696 699 193 700
4 697 696 700 701
4 388 385 697 702
4 702 697 701 703
4 76 702 703 77
4 77 703 704 705
4 703 701 706 704
4 704 706 402 398
4 412 707 708 415
4 707 12 709 708
4 708 709 15 90
4 710 711 97 94
4 48 710 94 1
4 374 371 712 711
4 371 713 714 712
4 711 712 420 97
4 713 82 715 714
4 82 80 716 715
4 715 716 717 718
4 719 720 198 721
4 101 719 721 102
4 462 458 722 720
4 458 455 723 722
4 722 723 203 724
4 720 722 724 198
4 111 110 725 726
4 726 725 727 205
4 205 727 728 729
4 729 728 113 112
4 29 730 731 732
4 730 116 119 731
4 731 119 504 121
4 732 731 121 120
4 127 126 733 734
4 126 524 128 733
4 733 128 131 735
4 734 733 735 32
4 135 134 736 737
4 737 736 738 211
4 211 738 739 740
4 740 739 137 136
4 216 741 742 743
4 741 215 744 742
4 742 744 575 571
4 743 742 571 567
4 146 745 746 147
4 745 216 743 746
4 747 748 749 750
4 749 751 170 168
4 750 749 168 165
4 752 747 750 753
4 753 750 165 164
4 754 753 164 755
4 152 608 756 757
4 756 754 755 656
4 757 756 656 651
4 6 153 758 66
4 153 152 757 758
4 156 19 759 760
4 760 759 21 761
4 628 625 762 763
4 763 762 764 765
4 751 763 765 170
4 170 765 766 171
4 765 764 767 766
4 766 767 632 640
4 764 768 769 767
4 768 224 770 769
4 769 770 771 636
4 767 769 636 632
4 25 772 773 162
4 772 24 774 773
4 3 775 776 777
4 775 2 430 776
4 776 430 435 778
4 777 776 778 173
4 173 778 779 780
4 780 779 781 175
4 782 783 183 784
4 36 782 784 37
4 289 286 785 786
4 786 785 181 787
4 783 786 787 183
4 186 788 789 790
4 788 187 791 789
4 789 791 312 307
4 72 792 793 73
4 792 186 790 793
4 175 781 794 795
4 795 794 796 190
4 190 796 797 798
4 796 594 599 797
4 797 599 5 799
4 798 797 799 4
4 441 438 800 801
4 801 800 201 802
4 694 801 802 9
4 207 803 804 805
4 803 112 115 804
4 804 115 493 117
4 805 804 117 116
4 131 130 806 807
4 130 535 132 806
4 806 132 135 808
4 807 806 808 209
4 24 809 810 774
4 809 218 811 810
4 810 811 592 587
4 226 812 813 814
4 812 120 123 813
4 813 123 515 815
4 814 813 815 228
4 228 815 816 817
4 815 515 124 816
4 816 124 127 818
4 817 816 818 229
4 53 678 819 177
4 678 172 174 819
4 819 174 176 820
4 177 819 820 179
4 179 820 821 189
4 820 176 191 821
4 821 191 192 683
4 189 821 683 61
4 822 823 824 825
4 823 826 827 824
4 824 827 828 829
4 825 824 829 830
4 831 825 830 832
4 833 831 832 834
4 835 836 837 838
4 836 839 840 837
4 837 840 232 841
4 838 837 841 236
4 839 842 843 840
4 842 834 844 843
4 843 844 233 845
4 840 843 845 232
4 846 847 239 848
4 849 846 848 238
4 826 850 851 827
4 850 238 852 851
4 851 852 240 853
4 827 851 853 828
4 854 855 241 856
4 847 854 856 239
4 857 858 859 855
4 858 860 861 859
4 859 861 242 862
4 855 859 862 241
4 863 864 865 866
4 867 863 866 868
4 869 867 868 870
4 871 869 870 872
4 873 874 244 875
4 876 873 875 246
4 877 835 838 878
4 878 838 236 879
4 874 878 879 244
4 880 881 882 883
4 881 246 884 882
4 882 884 247 885
4 883 882 885 886
4 887 888 889 864
4 888 880 883 889
4 889 883 886 890
4 864 889 890 865
4 891 892 893 894
4 892 895 896 893
4 893 896 248 897
4 894 893 897 251
4 895 898 899 896
4 898 872 900 899
4 899 900 249 901
4 896 899 901 248
4 902 903 904 905
4 903 254 906 904
4 904 906 45 907
4 905 904 907 908
4 909 902 905 910
4 910 905 908 911
4 912 910 911 913
4 914 915 252 916
4 917 914 916 254
4 918 894 251 919
4 915 918 919 252
4 920 912 913 921
4 922 920 921 923
4 924 922 923 925
4 926 927 928 929
4 929 928 255 930
4 931 929 930 259
4 927 932 933 928
4 932 934 935 933
4 933 935 256 936
4 928 933 936 255
4 937 931 259 938
4 939 937 938 261
4 940 941 942 943
4 941 261 944 942
4 942 944 262 945
4 943 942 945 946
4 947 948 949 950
4 948 940 943 949
4 949 943 946 951
4 950 949 951 952
4 953 950 952 954
4 955 953 954 956
4 957 958 271 959
4 960 959 961 962
4 959 271 963 961
4 961 963 272 964
4 962 961 964 965
4 966 967 968 969
4 967 960 962 968
4 968 962 965 970
4 969 968 970 971
4 972 966 969 973
4 973 969 971 974
4 975 973 974 976
4 977 975 976 978
4 979 977 978 980
4 981 982 983 984
4 985 981 984 986
4 987 988 989 990
4 988 986 991 989
4 989 991 263 992
4 990 989 992 267
4 986 984 993 991
4 984 983 994 993
4 993 994 264 995
4 991 993 995 263
4 996 997 269 998
4 958 996 998 271
4 999 987 990 1000
4 1000 990 267 1001
4 997 1000 1001 269
4 1002 1003 1004 1005
4 1003 1006 1007 1004
4 1004 1007 1008 1009
4 1005 1004 1009 1010
4 1011 1005 1010 1012
4 982 1011 1012 983
4 1013 1014 274 1015
4 1016 1013 1015 273
4 1006 1017 1018 1007
4 1017 273 1019 1018
4 1018 1019 275 1020
4 1007 1018 1020 1008
4 1021 1022 276 1023
4 1014 1021 1023 274
4 1024 1025 1026 1022
4 1025 1027 1028 1026
4 1026 1028 277 1029
4 1022 1026 1029 276
4 1027 1030 1031 1028
4 1030 279 1032 1031
4 1031 1032 282 1033
4 1028 1031 1033 277
4 1034 1035 1036 1037
4 1037 1036 284 1038
4 1039 1037 1038 288
4 1035 1040 1041 1036
4 1040 1042 1043 1041
4 1041 1043 285 1044
4 1036 1041 1044 284
4 1045 1046 290 1047
4 1048 1039 288 1049
4 1046 1048 1049 290
4 1050 1047 1051 1052
4 1047 290 1053 1051
4 1051 1053 291 1054
4 1052 1051 1054 1055
4 1056 1057 1058 1059
4 1057 1050 1052 1058
4 1058 1052 1055 1060
4 1059 1058 1060 1061
4 1062 1056 1059 1063
4 1063 1059 1061 1064
4 1065 1063 1064 1066
4 1067 1065 1066 1068
4 1069 1067 1068 1070
4 1071 1072 292 1073
4 1074 1071 1073 295
4 1075 1076 293 1077
4 1072 1075 1077 292
4 1078 1079 1080 1076
4 1079 1081 1082 1080
4 1080 1082 296 1083
4 1076 1080 1083 293
4 1081 1084 1085 1082
4 1084 980 1086 1085
4 1085 1086 297 1087
4 1082 1085 1087 296
4 1088 1089 1090 1091
4 1092 1088 1091 1093
4 1094 1092 1093 1095
4 1096 1097 1098 1099
4 1097 295 1100 1098
4 1098 1100 55 1101
4 1099 1098 1101 1102
4 1103 1104 1105 1089
4 1104 1096 1099 1105
4 1105 1099 1102 1106
4 1089 1105 1106 1090
4 1107 1108 1109 1110
4 1108 1111 1112 1109
4 1109 1112 1113 1114
4 1110 1109 1114 1115
4 1111 1116 1117 1112
4 1116 60 1118 1117
4 1117 1118 305 1119
4 1112 1117 1119 1113
4 1120 1121 1122 1123
4 1121 1124 1125 1122
4 1124 1107 1110 1125
4 300 1126 1127 1128
4 1126 302 1129 1127
4 1127 1129 1130 1131
4 1128 1127 1131 1132
4 301 1133 1134 1135
4 1133 300 1128 1134
4 1134 1128 1132 1136
4 1135 1134 1136 1137
4 304 1138 1139 1140
4 1138 301 1135 1139
4 305 1141 1142 1143
4 1141 304 1140 1142
4 1144 1145 1146 1147
4 1145 1148 1149 1146
4 1148 1150 1151 1149
4 1150 1152 1153 1151
4 1151 1153 1154 1155
4 1152 1156 1157 1153
4 1156 1158 1159 1157
4 1157 1159 1160 1161
4 1153 1157 1161 1154
4 1158 1162 1163 1159
4 1162 306 1164 1163
4 1163 1164 309 1165
4 1159 1163 1165 1160
4 309 1166 1167 1168
4 1166 308 1169 1167
4 1165 309 1168 1170
4 311 1171 1172 1173
4 1171 313 1174 1172
4 1172 1174 1175 1176
4 1173 1172 1176 1177
4 308 1178 1179 1169
4 1178 311 1173 1179
4 1179 1173 1177 1180
4 316 1181 1182 1183
4 1181 315 1184 1182
4 1182 1184 319 1185
4 1183 1182 1185 1186
4 321 1187 1188 1189
4 1187 316 1183 1188
4 1188 1183 1186 1190
4 1189 1188 1190 1191
4 322 1192 1193 1194
4 1192 321 1189 1193
4 1195 1196 1197 1198
4 1196 323 1199 1197
4 1197 1199 324 1200
4 1198 1197 1200 1201
4 324 1202 1203 1204
4 1202 322 1194 1203
4 1205 1206 1207 1208
4 1206 1209 1210 1207
4 1209 1211 1212 1210
4 1211 1195 1198 1212
4 1212 1198 1201 1213
4 1210 1212 1213 1214
4 327 1215 1216 1217
4 1215 330 1218 1216
4 1216 1218 1219 1220
4 328 1221 1222 1223
4 1221 327 1217 1222
4 332 1224 1225 1226
4 1224 334 1227 1225
4 1225 1227 1205 1228
4 1226 1225 1228 1229
4 330 1230 1231 1218
4 1230 332 1226 1231
4 1231 1226 1229 1232
4 1218 1231 1232 1219
4 1229 1228 1233 1234
4 1228 1205 1208 1233
4 1130 1235 1236 1237
4 1235 1238 1239 1236
4 1238 1240 1241 1239
4 1240 1242 1243 1241
4 1241 1243 1244 1245
4 1242 1246 1247 1243
4 1246 1248 1249 1247
4 1247 1249 1250 1251
4 1243 1247 1251 1244
4 1248 1252 1253 1249
4 1252 325 1254 1253
4 1253 1254 328 1255
4 1249 1253 1255 1250
4 1255 328 1223 1256
4 956 954 1257 1258
4 954 952 1259 1257
4 952 951 1260 1259
4 951 946 1261 1260
4 1260 1261 1262 1263
4 1259 1260 1263 1264
4 946 945 1265 1261
4 945 262 1266 1265
4 1265 1266 336 1267
4 1261 1265 1267 1262
4 336 1268 1269 1270
4 1268 335 1271 1269
4 337 1272 1273 1274
4 1272 338 1275 1273
4 1273 1275 1276 1277
4 1274 1273 1277 1278
4 335 1279 1280 1271
4 1279 337 1274 1280
4 1280 1274 1278 1281
4 1282 1283 1284 1285
4 1283 1286 1287 1284
4 1286 1288 1289 1287
4 340 1290 1291 1292
4 1290 342 1293 1291
4 341 1294 1295 1296
4 1294 340 1292 1295
4 1288 1297 1298 1289
4 1297 1299 1300 1298
4 1298 1300 1301 1302
4 1299 1303 1304 1300
4 1303 68 1305 1304
4 1304 1305 341 1306
4 1300 1304 1306 1301
4 344 1307 1308 1309
4 1307 345 1310 1308
4 1308 1310 1311 1312
4 1309 1308 1312 1313
4 342 1314 1315 1293
4 1314 344 1309 1315
4 1315 1309 1313 1316
4 1293 1315 1316 1317
4 1318 1319 1320 1321
4 1319 1322 1323 1320
4 1320 1323 1324 1325
4 1321 1320 1325 1326
4 1322 1327 1328 1323
4 1327 346 1329 1328
4 1328 1329 349 1330
4 1323 1328 1330 1324
4 348 1331 1332 1333
4 1331 351 1334 1332
4 1332 1334 1335 1336
4 349 1337 1338 1339
4 1337 348 1333 1338
4 1311 1340 1341 1342
4 1340 1343 1344 1341
4 1343 1345 1346 1344
4 1345 1318 1321 1346
4 353 1347 1348 1349
4 1347 355 1350 1348
4 1348 1350 1351 1352
4 1349 1348 1352 1353
4 354 1354 1355 1356
4 1354 353 1349 1355
4 1357 1358 1359 1360
4 1358 356 1361 1359
4 1359 1361 357 1362
4 1360 1359 1362 1363
4 357 1364 1365 1366
4 1364 354 1356 1365
4 359 1367 1368 1369
4 1367 361 1370 1368
4 1368 1370 1371 1372
4 1369 1368 1372 1373
4 351 1374 1375 1334
4 1374 359 1369 1375
4 1375 1369 1373 1376
4 1334 1375 1376 1335
4 1371 1377 1378 1379
4 1377 1380 1381 1378
4 1380 1382 1383 1381
4 1382 1357 1360 1383
4 1383 1360 1363 1384
4 1381 1383 1384 1385
4 1386 1387 1388 1389
4 1389 1388 1390 1391
4 1392 1389 1391 1393
4 1394 1392 1393 1395
4 1396 1394 1395 1397
4 1398 1399 1400 1401
4 1399 1402 1403 1400
4 1400 1403 362 1404
4 1401 1400 1404 365
4 1402 1405 1406 1403
4 1405 1397 1407 1406
4 1406 1407 363 1408
4 1403 1406 1408 362
4 1409 1410 1411 1412
4 1410 368 1413 1411
4 1411 1413 81 1414
4 1412 1411 1414 1415
4 1416 1417 1418 1419
4 1417 1409 1412 1418
4 1418 1412 1415 1420
4 1419 1418 1420 1421
4 1422 1423 366 1424
4 1425 1422 1424 368
4 1426 1398 1401 1427
4 1427 1401 365 1428
4 1423 1427 1428 366
4 1429 1419 1421 1430
4 1431 1429 1430 1432
4 1433 1431 1432 1434
4 1435 1433 1434 1436
4 1437 1438 1439 1440
4 1440 1439 369 1441
4 1442 1440 1441 373
4 1438 1443 1444 1439
4 1443 1436 1445 1444
4 1444 1445 370 1446
4 1439 1444 1446 369
4 1447 1448 375 1449
4 1450 1442 373 1451
4 1448 1450 1451 375
4 1452 1449 1453 1454
4 1449 375 1455 1453
4 1453 1455 376 1456
4 1454 1453 1456 1457
4 1458 1459 1460 1461
4 1459 1452 1454 1460
4 1460 1454 1457 1462
4 1461 1460 1462 1463
4 1464 1458 1461 1465
4 1465 1461 1463 1466
4 1467 1465 1466 280
4 1468 1469 1470 1471
4 1469 1472 1473 1470
4 1470 1473 1474 1475
4 1471 1470 1475 1476
4 1477 1468 1471 1478
4 1478 1471 1476 1479
4 1480 1478 1479 1481
4 1482 1480 1481 1483
4 1484 1482 1483 1485
4 1486 1484 1485 1487
4 1488 1489 378 1490
4 1491 1488 1490 377
4 1492 1493 1494 1495
4 1493 377 1496 1494
4 1494 1496 379 1497
4 1495 1494 1497 1498
4 1499 1500 1501 1502
4 1502 1501 380 1503
4 1489 1502 1503 378
4 1500 1504 1505 1501
4 1504 1506 1507 1505
4 1505 1507 381 1508
4 1501 1505 1508 380
4 1509 1510 383 1511
4 1512 1509 1511 387
4 1513 1514 1515 1510
4 1514 1516 1517 1515
4 1515 1517 384 1518
4 1510 1515 1518 383
4 1519 1512 387 1520
4 1521 1520 1522 1523
4 1520 387 1524 1522
4 1522 1524 388 1525
4 1523 1522 1525 1526
4 1387 1527 1528 1388
4 1527 1521 1523 1528
4 1528 1523 1526 1529
4 1388 1528 1529 1390
4 1530 1531 390 1532
4 1533 1530 1532 389
4 1534 1535 1536 1537
4 1535 1492 1495 1536
4 1536 1495 1498 1538
4 1537 1536 1538 1539
4 1540 1537 1539 1541
4 1531 1540 1541 390
4 1516 1542 1543 1517
4 1542 389 1544 1543
4 1543 1544 392 1545
4 1517 1543 1545 384
4 1546 1547 1548 1549
4 1547 395 1550 1548
4 1548 1550 397 1551
4 1549 1548 1551 1552
4 397 1553 1554 1555
4 1553 396 1556 1554
4 1554 1556 1557 1558
4 1555 1554 1558 1559
4 1551 397 1555 1560
4 1561 1562 1563 1564
4 1562 1565 1566 1563
4 1563 1566 1567 1568
4 1565 1569 1570 1566
4 1569 398 1571 1570
4 1570 1571 401 1572
4 1566 1570 1572 1567
4 400 1573 1574 1575
4 1573 403 1576 1574
4 1574 1576 1546 1577
4 1575 1574 1577 1578
4 401 1579 1580 1581
4 1579 400 1575 1580
4 1580 1575 1578 1582
4 1577 1546 1549 1583
4 1584 1585 1586 1587
4 1585 404 1588 1586
4 1586 1588 406 1589
4 1587 1586 1589 1590
4 1590 1589 1591 1592
4 1589 406 1593 1591
4 1591 1593 407 1594
4 1592 1591 1594 1595
4 1594 407 1596 1597
4 1597 1596 409 1598
4 1598 409 1599 1600
4 1600 1599 410 1601
4 1558 1557 1602 1603
4 1557 1604 1605 1602
4 1604 411 1606 1605
4 1605 1606 414 1607
4 1602 1605 1607 1608
4 1607 414 1609 1610
4 1610 1609 416 1611
4 416 1612 1613 1614
4 1612 415 1615 1613
4 1613 1615 1616 1617
4 1614 1613 1617 1618
4 1617 1616 1619 1620
4 1620 1619 1584 1621
4 418 1622 1623 1624
4 1622 421 1625 1623
4 1623 1625 1626 1627
4 1624 1623 1627 422
4 423 1628 1629 1630
4 1628 1631 1632 1629
4 1629 1632 1633 1634
4 1630 1629 1634 424
4 421 1635 1636 1625
4 1635 424 1637 1636
4 1625 1636 1638 1626
4 98 1639 1640 1641
4 1639 422 1642 1640
4 1640 1642 1643 1644
4 1641 1640 1644 428
4 422 1627 1645 1642
4 1627 1626 1646 1645
4 428 1644 1647 1648
4 426 1649 1650 1651
4 1649 428 1648 1650
4 1650 1648 1652 1653
4 1651 1650 1653 429
4 1631 1654 1655 1632
4 1654 1656 1657 1655
4 1632 1655 1658 1633
4 1656 1659 1660 1657
4 1659 718 1661 1660
4 99 1662 1663 1664
4 1662 429 1665 1663
4 1663 1665 1666 1667
4 1664 1663 1667 1668
4 429 1653 1669 1665
4 1668 1667 1670 1671
4 1671 1670 1672 1673
4 431 1674 1675 1676
4 1674 1673 1677 1675
4 1675 1677 1678 1679
4 1676 1675 1679 432
4 432 1679 1680 1681
4 1681 1680 1682 434
4 435 1683 1684 1685
4 1683 434 1686 1684
4 1684 1686 1687 1688
4 1685 1684 1688 1689
4 1689 1688 1690 1691
4 1688 1687 1692 1690
4 1690 1692 1693 1694
4 1691 1690 1694 1695
4 1695 1694 1696 1697
4 1697 1696 1698 1699
4 1699 1698 1700 1701
4 1701 1700 1702 1703
4 1704 1705 1706 1707
4 1708 1704 1707 1709
4 1710 1708 1709 1711
4 1712 1710 1711 1713
4 1714 1715 1716 1717
4 1715 447 1718 1716
4 1716 1718 104 1719
4 1717 1716 1719 1720
4 1721 1722 1723 1705
4 1722 1714 1717 1723
4 1723 1717 1720 1724
4 1705 1723 1724 1706
4 1725 1726 1727 1728
4 1726 1729 1730 1727
4 1727 1730 436 1731
4 1728 1727 1731 440
4 1729 1732 1733 1730
4 1732 1713 1734 1733
4 1733 1734 437 1735
4 1730 1733 1735 436
4 1736 1737 442 1738
4 1739 1728 440 1740
4 1737 1739 1740 442
4 1472 1738 1741 1473
4 1738 442 1742 1741
4 1741 1742 443 1743
4 1473 1741 1743 1474
4 1744 1745 461 1746
4 1747 1744 1746 1748
4 1748 1746 1749 1750
4 1746 461 1751 1749
4 1749 1751 462 1752
4 1750 1749 1752 1753
4 1754 1755 1756 1757
4 1755 1748 1750 1756
4 1756 1750 1753 1758
4 1757 1756 1758 1759
4 1760 1754 1757 1761
4 1761 1757 1759 1762
4 1763 1761 1762 1764
4 1765 1763 1764 1766
4 1767 1765 1766 1768
4 1769 1770 444 1771
4 1772 1769 1771 447
4 1773 1774 1775 1776
4 1776 1775 445 1777
4 1770 1776 1777 444
4 1774 1778 1779 1775
4 1778 1780 1781 1779
4 1779 1781 448 1782
4 1775 1779 1782 445
4 1780 1783 1784 1781
4 1783 1768 1785 1784
4 1784 1785 449 1786
4 1781 1784 1786 448
4 1787 1788 452 1789
4 1790 1787 1789 451
4 1791 1792 1793 1794
4 1792 451 1795 1793
4 1793 1795 454 1796
4 1794 1793 1796 457
4 1797 1798 459 1799
4 1745 1797 1799 461
4 1800 1801 1802 1798
4 1801 1791 1794 1802
4 1802 1794 457 1803
4 1798 1802 1803 459
4 1804 1805 1806 1807
4 1805 1808 1809 1806
4 1806 1809 1810 1811
4 1807 1806 1811 1812
4 1813 1807 1812 1814
4 1788 1813 1814 452
4 1815 1816 464 1817
4 1818 1815 1817 463
4 1808 1819 1820 1809
4 1819 463 1821 1820
4 1820 1821 466 1822
4 1809 1820 1822 1810
4 1823 1824 1825 1826
4 1826 1825 467 1827
4 1816 1826 1827 464
4 1824 1828 1829 1825
4 1825 1829 1830 467
4 467 1830 1831 1832
4 1830 1833 1834 1831
4 1831 1834 1835 1836
4 1832 1831 1836 468
4 471 1837 1838 1839
4 1839 1838 1840 472
4 468 1836 1841 1842
4 1836 1835 1843 1841
4 1841 1843 471 1844
4 1842 1841 1844 469
4 472 1840 1845 1846
4 1846 1845 1847 1848
4 1848 1847 1849 1850
4 1847 1851 1852 1849
4 1849 1852 1853 1854
4 1850 1849 1854 1855
4 1855 1854 1856 1857
4 1854 1853 1858 1856
4 1856 1858 1859 1860
4 1857 1856 1860 1861
4 1862 1863 1864 475
4 1861 1860 1865 1866
4 1860 1859 1862 1865
4 1865 1862 475 1867
4 1866 1865 1867 107
4 475 1864 1868 1869
4 1869 1868 1870 476
4 476 1870 1871 1872
4 1872 1871 1873 478
4 478 1873 1874 1875
4 1873 1876 1877 1874
4 1874 1877 1878 1879
4 1875 1874 1879 479
4 479 1879 1880 1881
4 1879 1878 1882 1880
4 1880 1882 1883 1884
4 1881 1880 1884 481
4 1885 1886 1887 1888
4 1888 1887 1889 1890
4 1890 1889 1891 1892
4 1892 1891 1893 1894
4 1894 1893 1895 1896
4 1896 1895 1897 1898
4 1898 1897 1899 1900
4 1899 1901 1902 1903
4 1900 1899 1903 1904
4 1904 1903 1905 1906
4 1903 1902 1907 1905
4 1905 1907 1908 1909
4 1906 1905 1909 1910
4 1910 1909 1911 1912
4 1909 1908 1913 1911
4 1911 1913 1914 1915
4 1912 1911 1915 1916
4 1916 1915 1917 1918
4 1915 1914 1919 1917
4 1917 1919 1920 1921
4 1918 1917 1921 485
4 485 1921 1922 1923
4 1921 1920 1924 1922
4 1922 1924 1925 1926
4 1923 1922 1926 486
4 486 1926 1927 1928
4 483 1929 1930 1931
4 1929 486 1928 1930
4 1930 1928 1932 1933
4 1931 1930 1933 487
4 114 1934 1935 1936
4 1934 487 1937 1935
4 1935 1937 1938 1939
4 1936 1935 1939 491
4 487 1933 1940 1937
4 491 1939 1941 1942
4 489 1943 1944 1945
4 1943 491 1942 1944
4 1944 1942 1946 1947
4 1945 1944 1947 492
4 493 1948 1949 1950
4 1948 492 1951 1949
4 1949 1951 1952 1953
4 1950 1949 1953 497
4 492 1947 1954 1951
4 497 1953 1955 1956
4 495 1957 1958 1959
4 1957 497 1956 1958
4 1958 1956 1960 1961
4 1959 1958 1961 498
4 118 1962 1963 1964
4 1962 498 1965 1963
4 1963 1965 1966 1967
4 1964 1963 1967 502
4 498 1961 1968 1965
4 502 1967 1969 1970
4 500 1971 1972 1973
4 1971 502 1970 1972
4 1972 1970 1974 1975
4 1973 1972 1975 503
4 504 1976 1977 1978
4 1976 503 1979 1977
4 1977 1979 1980 1981
4 1978 1977 1981 508
4 503 1975 1982 1979
4 508 1981 1983 1984
4 506 1985 1986 1987
4 1985 508 1984 1986
4 1986 1984 1988 1989
4 1987 1986 1989 509
4 122 1990 1991 1992
4 1990 509 1993 1991
4 1991 1993 1994 1995
4 1992 1991 1995 513
4 509 1989 1996 1993
4 513 1995 1997 1998
4 511 1999 2000 2001
4 1999 513 1998 2000
4 2000 1998 2002 2003
4 2001 2000 2003 514
4 514 2003 2004 2005
4 2003 2002 2006 2004
4 2004 2006 518 2007
4 2005 2004 2007 516
4 2006 2008 2009 518
4 2010 2011 2012 520
4 518 2009 2013 2014
4 2009 2015 2010 2013
4 2013 2010 520 2016
4 2014 2013 2016 125
4 520 2012 2017 2018
4 2012 2019 2020 2017
4 2017 2020 523 2021
4 2018 2017 2021 521
4 2020 2022 2023 523
4 2024 2025 2026 526
4 523 2023 2027 2028
4 2023 2029 2024 2027
4 2027 2024 526 2030
4 2028 2027 2030 524
4 526 2026 2031 2032
4 2026 2033 2034 2031
4 2031 2034 529 2035
4 2032 2031 2035 527
4 2034 2036 2037 529
4 2038 2039 2040 531
4 529 2037 2041 2042
4 2037 2043 2038 2041
4 2041 2038 531 2044
4 2042 2041 2044 129
4 531 2040 2045 2046
4 2040 2047 2048 2045
4 2045 2048 534 2049
4 2046 2045 2049 532
4 2048 2050 2051 534
4 2052 2053 2054 537
4 534 2051 2055 2056
4 2051 2057 2052 2055
4 2055 2052 537 2058
4 2056 2055 2058 535
4 537 2054 2059 2060
4 2054 2061 2062 2059
4 2059 2062 540 2063
4 2060 2059 2063 538
4 2062 2064 2065 540
4 2066 2067 2068 542
4 540 2065 2069 2070
4 2065 2071 2066 2069
4 2069 2066 542 2072
4 2070 2069 2072 133
4 542 2068 2073 2074
4 2068 2075 2076 2073
4 2073 2076 545 2077
4 2074 2073 2077 543
4 2076 2078 2079 545
4 545 2079 2080 2081
4 2079 2082 2083 2080
4 2080 2083 2084 2085
4 2081 2080 2085 546
4 546 2085 2086 2087
4 2085 2084 2088 2086
4 2086 2088 2089 2090
4 2087 2086 2090 2091
4 2091 2090 2092 2093
4 2090 2089 2094 2092
4 2092 2094 2095 2096
4 2093 2092 2096 2097
4 2097 2096 2098 2099
4 2096 2095 2100 2098
4 2098 2100 2101 2102
4 2099 2098 2102 2103
4 2103 2102 2104 2105
4 2102 2101 2106 2104
4 2105 2104 2107 2108
4 2108 2107 2109 2110
4 2110 2109 2111 2112
4 2112 2111 2113 2114
4 2114 2113 2115 2116
4 2116 2115 2117 2118
4 2118 2117 2119 2120
4 548 2121 2122 2123
4 2121 2124 2125 2122
4 2122 2125 2126 2127
4 2123 2122 2127 549
4 549 2127 2128 2129
4 2127 2126 2130 2128
4 2128 2130 2131 2132
4 2129 2128 2132 551
4 551 2132 2133 2134
4 2134 2133 2135 552
4 552 2135 2136 2137
4 2137 2136 2138 554
4 140 2139 2140 2141
4 2139 554 2142 2140
4 2140 2142 2143 2144
4 2141 2140 2144 2145
4 554 2138 2146 2142
4 2145 2144 2147 2148
4 2144 2143 2149 2147
4 2147 2149 2150 2151
4 2148 2147 2151 2152
4 2152 2151 2153 2154
4 2151 2150 2155 2153
4 2153 2155 2156 2157
4 2154 2153 2157 2158
4 2158 2157 2159 2160
4 2160 2159 2161 559
4 557 2162 2163 2164
4 2162 560 2165 2163
4 2163 2165 2166 2167
4 2164 2163 2167 561
4 559 2161 2168 2169
4 2169 2168 2170 560
4 561 2167 2171 2172
4 2167 2166 2173 2171
4 2171 2173 2174 2175
4 2172 2171 2175 563
4 563 2175 2176 2177
4 2177 2176 2178 2179
4 564 2180 2181 2182
4 2180 563 2177 2181
4 2181 2177 2179 2183
4 2184 2185 2186 2187
4 2185 565 2188 2186
4 2186 2188 566 2189
4 2187 2186 2189 2190
4 566 2191 2192 2193
4 2191 564 2182 2192
4 577 2194 2195 2196
4 2194 2197 2198 2195
4 2197 2199 2200 2198
4 2199 2184 2187 2200
4 2200 2187 2190 2201
4 2198 2200 2201 2202
4 569 2203 2204 2205
4 2203 572 2206 2204
4 2204 2206 2207 2208
4 2205 2204 2208 2209
4 570 2210 2211 2212
4 2210 569 2205 2211
4 572 2213 2214 2206
4 2213 574 2215 2214
4 2214 2215 578 2216
4 2206 2214 2216 2207
4 578 2217 2218 2219
4 2217 577 2196 2218
4 580 2220 2221 2222
4 2220 582 2223 2221
4 2221 2223 2224 2225
4 2222 2221 2225 2226
4 581 2227 2228 2229
4 2227 580 2222 2228
4 2228 2222 2226 2230
4 2229 2228 2230 2231
4 584 2232 2233 2234
4 2232 581 2229 2233
4 2233 2229 2231 2235
4 585 2236 2237 2238
4 2236 584 2234 2237
4 2224 2239 2240 2241
4 2239 2242 2243 2240
4 2242 2244 2245 2243
4 2244 2246 2247 2245
4 2245 2247 2248 2249
4 2246 2250 2251 2247
4 2250 2252 2253 2251
4 2251 2253 2254 2255
4 2247 2251 2255 2248
4 2252 2256 2257 2253
4 2256 567 2258 2257
4 2257 2258 570 2259
4 2253 2257 2259 2254
4 2254 2259 2260 2261
4 2259 570 2212 2260
4 2262 2263 2264 2265
4 2263 586 2266 2264
4 2264 2266 589 2267
4 2265 2264 2267 2268
4 589 2269 2270 2271
4 2269 588 2272 2270
4 2267 589 2271 2273
4 591 2274 2275 2276
4 2274 593 2277 2275
4 2275 2277 2278 2279
4 2276 2275 2279 2280
4 588 2281 2282 2272
4 2281 591 2276 2282
4 2282 2276 2280 2283
4 2272 2282 2283 2284
4 2285 2286 2287 2288
4 2286 2289 2290 2287
4 2287 2290 2291 2292
4 2288 2287 2292 2293
4 2289 2294 2295 2290
4 2294 145 2296 2295
4 2295 2296 585 2297
4 2290 2295 2297 2291
4 2278 2298 2299 2300
4 2298 2301 2302 2299
4 2301 2303 2304 2302
4 2303 2285 2288 2304
4 1703 1702 2305 2306
4 2306 2305 2307 2308
4 2308 2307 2309 2310
4 2310 2309 2311 2312
4 2312 2311 2313 2314
4 2311 2315 2316 2313
4 2313 2316 2317 2318
4 2314 2313 2318 2319
4 2319 2318 2320 2321
4 2318 2317 2322 2320
4 2320 2322 595 2323
4 2321 2320 2323 594
4 595 2324 2325 2326
4 2326 2325 2327 596
4 596 2327 2328 2329
4 2327 2330 2331 2328
4 2328 2331 2332 2333
4 2329 2328 2333 598
4 2332 2334 2335 2336
4 2336 2335 2337 2338
4 2339 2340 2341 600
4 2338 2337 2342 2343
4 2337 2344 2339 2342
4 2342 2339 600 2345
4 2343 2342 2345 148
4 2346 2347 752 2348
4 2349 2346 2348 2350
4 2351 2352 2353 2354
4 2353 2349 2350 2355
4 2354 2353 2355 2356
4 2357 2358 2359 2360
4 2361 2357 2360 2362
4 2363 2361 2362 2364
4 600 2341 2365 2366
4 2341 2367 2368 2365
4 2365 2368 603 2369
4 2366 2365 2369 601
4 2368 2370 2371 603
4 2372 2373 2374 609
4 603 2371 2375 2376
4 2371 2377 2372 2375
4 2375 2372 609 2378
4 2376 2375 2378 151
4 2379 2380 2381 2382
4 2381 2383 606 2384
4 2382 2381 2384 605
4 2383 2385 2386 606
4 606 2386 2387 2388
4 2386 2351 2354 2387
4 2387 2354 2356 2389
4 2388 2387 2389 607
4 609 2374 2390 2391
4 2374 2379 2382 2390
4 2390 2382 605 2392
4 2391 2390 2392 610
4 2393 2394 2395 2396
4 2396 2395 2397 2398
4 2399 2398 2400 2401
4 2398 2397 2402 2400
4 2400 2402 2403 2404
4 2401 2400 2404 2405
4 2406 2405 2407 2408
4 2408 2407 613 2409
4 2405 2404 2410 2407
4 2404 2403 2411 2410
4 2410 2411 614 2412
4 2407 2410 2412 613
4 2413 2409 2414 2415
4 2409 613 2416 2414
4 2414 2416 616 2417
4 2415 2414 2417 2418
4 2419 2415 2418 2420
4 1601 410 2421 2422
4 2422 2421 618 2423
4 2423 618 2424 2425
4 2425 2424 619 2426
4 2427 2426 2428 2429
4 2426 619 2430 2428
4 2428 2430 621 2431
4 2429 2428 2431 2432
4 2432 2431 2433 2434
4 2431 621 2435 2433
4 2433 2435 622 2436
4 2434 2433 2436 2394
4 2437 2438 2439 2440
4 2441 2442 2443 2444
4 2444 2443 623 2445
4 2446 2444 2445 627
4 2442 2440 2447 2443
4 2440 2439 2448 2447
4 2447 2448 624 2449
4 2443 2447 2449 623
4 2450 2446 627 2451
4 2452 2451 2453 2454
4 2451 627 2455 2453
4 2453 2455 628 2456
4 2454 2453 2456 2457
4 2458 2452 2454 2459
4 2459 2454 2457 2460
4 2358 2459 2460 2359
4 2461 2462 629 2463
4 2464 2420 2465 2462
4 2420 2418 2466 2465
4 2465 2466 630 2467
4 2462 2465 2467 629
4 2468 2463 2469 2438
4 2463 629 2470 2469
4 2469 2470 631 2471
4 2438 2469 2471 2439
4 635 2472 2473 2474
4 2472 634 2475 2473
4 2473 2475 639 2476
4 2474 2473 2476 2477
4 638 2478 2479 2480
4 2478 2481 2482 2479
4 2481 2483 2484 2482
4 2483 2485 2486 2484
4 2484 2486 2487 2488
4 2482 2484 2488 2489
4 639 2490 2491 2492
4 2490 638 2480 2491
4 2493 2494 2495 2496
4 2494 2497 2498 2495
4 2495 2498 2499 2500
4 2496 2495 2500 2501
4 2497 2502 2503 2498
4 2502 640 2504 2503
4 2503 2504 643 2505
4 2498 2503 2505 2499
4 2505 643 2506 2507
4 642 2508 2509 2510
4 2508 635 2474 2509
4 2509 2474 2477 2511
4 2510 2509 2511 2512
4 643 2513 2514 2506
4 2513 642 2510 2514
4 645 2515 2516 2517
4 2515 647 2518 2516
4 2516 2518 2519 2520
4 2517 2516 2520 2521
4 646 2522 2523 2524
4 2522 645 2517 2523
4 2523 2517 2521 2525
4 2485 2526 2527 2486
4 2526 648 2528 2527
4 2527 2528 649 2529
4 2486 2527 2529 2487
4 649 2530 2531 2532
4 2530 646 2524 2531
4 2533 2534 2535 2536
4 2534 2537 2538 2535
4 2537 2539 2540 2538
4 2539 2541 2542 2540
4 2541 2543 2544 2542
4 2542 2544 2545 2546
4 2543 2547 2548 2544
4 2547 2262 2265 2548
4 2548 2265 2268 2549
4 2544 2548 2549 2545
4 318 2550 2551 2552
4 2550 2553 2554 2551
4 2551 2554 2555 2556
4 2553 2557 2558 2554
4 2557 2559 2560 2558
4 2558 2560 2561 2562
4 2554 2558 2562 2555
4 2559 2563 2564 2560
4 2563 650 2565 2564
4 2564 2565 653 2566
4 2560 2564 2566 2561
4 653 2567 2568 2569
4 2567 652 2570 2568
4 2566 653 2569 2571
4 655 2572 2573 2574
4 2572 657 2575 2573
4 2573 2575 2576 2577
4 2574 2573 2577 2578
4 652 2579 2580 2570
4 2579 655 2574 2580
4 2580 2574 2578 2581
4 2576 2582 2583 2584
4 2582 2585 2586 2583
4 2585 2587 2588 2586
4 2587 2589 2590 2588
4 659 2591 2592 2593
4 2591 661 2594 2592
4 2592 2594 2595 2596
4 660 2597 2598 2599
4 2597 659 2593 2598
4 2589 2600 2601 2590
4 2600 2602 2603 2601
4 2601 2603 2604 2605
4 2590 2601 2605 2606
4 2602 2607 2608 2603
4 2607 167 2609 2608
4 2608 2609 660 2610
4 2603 2608 2610 2604
4 663 2611 2612 2613
4 2611 664 2614 2612
4 2612 2614 2615 2616
4 2613 2612 2616 2617
4 661 2618 2619 2594
4 2618 663 2613 2619
4 2619 2613 2617 2620
4 2594 2619 2620 2595
4 2615 2621 2622 2623
4 2621 2624 2625 2622
4 2624 2626 2627 2625
4 2626 2493 2496 2627
4 2627 2496 2501 2628
4 2629 2630 834 839
4 834 830 2631 233
4 830 828 2632 2631
4 2631 2632 667 2633
4 233 2631 2633 234
4 828 240 2634 2632
4 240 35 2635 2634
4 2634 2635 38 2636
4 2632 2634 2636 667
4 872 868 2637 249
4 868 865 2638 2637
4 2637 2638 40 2639
4 249 2637 2639 39
4 913 908 2640 2641
4 908 45 2642 2640
4 2640 2642 46 2643
4 2641 2640 2643 2644
4 934 923 2645 256
4 923 913 2641 2645
4 2645 2641 2644 2646
4 256 2645 2646 257
4 1008 275 2647 2648
4 275 50 2649 2647
4 2647 2649 0 2650
4 2648 2647 2650 2651
4 983 1010 2652 264
4 1010 1008 2648 2652
4 2652 2648 2651 2653
4 264 2652 2653 265
4 1090 1102 2654 2655
4 1102 55 2656 2654
4 2654 2656 56 2657
4 2655 2654 2657 2658
4 1042 1093 2659 285
4 1093 1090 2655 2659
4 2659 2655 2658 2660
4 285 2659 2660 286
4 312 2661 2662 313
4 2661 2663 2664 2662
4 2662 2664 1107 1121
4 313 2662 1121 1175
4 2663 2665 2666 2664
4 2665 57 2667 2666
4 2666 2667 60 1111
4 2664 2666 1111 1107
4 333 2668 2669 334
4 2668 2670 2671 2669
4 2669 2671 1195 1209
4 334 2669 1209 1205
4 2670 2672 2673 2671
4 2672 7 2674 2673
4 2673 2674 65 323
4 2671 2673 323 1195
4 257 2646 2675 338
4 2646 2644 2676 2675
4 2675 2676 1288 1283
4 338 2675 1283 1276
4 2644 2643 2677 2676
4 2643 46 2678 2677
4 2677 2678 68 1299
4 2676 2677 1299 1288
4 69 2679 2680 345
4 2679 70 2681 2680
4 2680 2681 1318 1343
4 345 2680 1343 1311
4 692 2682 2683 2684
4 2682 71 2685 2683
4 2683 2685 74 356
4 2684 2683 356 1357
4 360 2686 2687 361
4 2686 692 2684 2687
4 2687 2684 1357 1380
4 361 2687 1380 1371
4 1373 1371 2688 2689
4 1397 1393 2690 363
4 1393 1390 2691 2690
4 2690 2691 76 2692
4 363 2690 2692 75
4 1421 1415 2693 2694
4 1415 81 2695 2693
4 2693 2695 82 2696
4 2694 2693 2696 713
4 1436 1432 2697 370
4 1432 1421 2694 2697
4 2697 2694 713 2698
4 370 2697 2698 371
4 1498 379 2699 2700
4 379 83 2701 2699
4 2699 2701 85 2702
4 2700 2699 2702 698
4 390 1539 2703 391
4 1539 1498 2700 2703
4 2703 2700 698 2704
4 391 2703 2704 393
4 402 2705 2706 403
4 2705 86 2707 2706
4 2706 2707 89 395
4 403 2706 395 1546
4 89 2708 2709 396
4 2708 88 2710 2709
4 2709 2710 412 411
4 396 2709 411 1557
4 718 2711 2712 2713
4 2 2714 2715 2716
4 2714 99 1668 2715
4 2715 1668 1673 431
4 2716 2715 431 430
4 1706 1720 2717 2718
4 1720 104 2719 2717
4 2717 2719 105 2720
4 2718 2717 2720 2721
4 1713 1709 2722 437
4 1709 1706 2718 2722
4 2722 2718 2721 2723
4 437 2722 2723 438
4 1810 466 2724 2725
4 466 465 470 2724
4 2724 470 474 2726
4 2725 2724 2726 2727
4 452 1812 2728 453
4 1812 1810 2725 2728
4 2728 2725 2727 2729
4 453 2728 2729 455
4 474 473 2730 2731
4 473 472 1848 2730
4 2730 1848 1855 2732
4 2731 2730 2732 2733
4 2733 2732 2734 2735
4 2732 1855 1861 2734
4 2734 1861 107 2736
4 2735 2734 2736 106
4 141 2737 2738 2739
4 2737 140 2145 2738
4 2738 2145 2152 2740
4 2739 2738 2740 2741
4 2741 2740 2742 2743
4 2740 2152 2158 2742
4 2742 2158 559 556
4 2743 2742 556 555
4 575 2744 2745 576
4 2744 2746 2747 2745
4 2745 2747 2184 2197
4 576 2745 2197 577
4 2746 2748 2749 2747
4 2748 555 558 2749
4 2749 558 562 565
4 2747 2749 565 2184
4 592 2750 2751 593
4 2750 2752 2753 2751
4 2751 2753 2285 2301
4 593 2751 2301 2278
4 2752 2754 2755 2753
4 2754 142 2756 2755
4 2755 2756 145 2289
4 2753 2755 2289 2285
4 599 598 2757 2758
4 598 2332 2338 2757
4 2757 2338 148 2759
4 2758 2757 2759 5
4 2760 2761 2762 752
4 2418 616 2763 630
4 616 615 2764 2763
4 2763 2764 158 2765
4 630 2763 2765 157
4 2439 631 2766 624
4 631 157 2767 2766
4 2766 2767 160 2768
4 624 2766 2768 625
4 636 2769 2770 637
4 2769 771 2771 2770
4 2770 2771 2485 2481
4 637 2770 2481 638
4 771 2772 2773 2771
4 2772 161 2774 2773
4 2773 2774 163 648
4 2771 2773 648 2485
4 656 2775 2776 657
4 2775 755 2777 2776
4 2776 2777 2589 2585
4 657 2776 2585 2576
4 755 2778 2779 2777
4 2778 164 2780 2779
4 2779 2780 167 2602
4 2777 2779 2602 2589
4 169 2781 2782 664
4 2781 171 2783 2782
4 2782 2783 2493 2624
4 664 2782 2624 2615
4 865 886 2784 2638
4 886 247 2785 2784
4 2784 2785 672 2786
4 2638 2784 2786 40
4 2787 2788 956 2789
4 980 976 2790 297
4 976 971 2791 2790
4 2790 2791 679 2792
4 297 2790 2792 52
4 971 965 2793 2791
4 965 272 2794 2793
4 2793 2794 675 2795
4 2791 2793 2795 679
4 682 2796 2797 2798
4 2796 684 2799 2797
4 2797 2799 325 1248
4 2798 2797 1248 1242
4 62 2800 2801 302
4 2800 682 2798 2801
4 2801 2798 1242 1238
4 302 2801 1238 1130
4 2789 956 2802 2803
4 70 2804 2805 2681
4 2804 688 2806 2805
4 2805 2806 346 1322
4 2681 2805 1322 1318
4 1506 1485 2807 381
4 1485 1481 2808 2807
4 2807 2808 693 2809
4 381 2807 2809 84
4 1481 1476 2810 2808
4 1476 1474 2811 2810
4 2810 2811 694 2812
4 2808 2810 2812 693
4 1390 1526 2813 2691
4 1526 388 2814 2813
4 2813 2814 702 2815
4 2691 2813 2815 76
4 705 2816 2817 2818
4 2816 704 2819 2817
4 2817 2819 398 1565
4 2818 2817 1565 1561
4 415 2820 2821 1616
4 2820 708 2822 2821
4 2821 2822 90 404
4 1616 2821 404 1584
4 280 1463 2823 281
4 1463 1457 2824 2823
4 2823 2824 710 2825
4 281 2823 2825 48
4 1457 376 2826 2824
4 376 374 2827 2826
4 2826 2827 711 2828
4 2824 2826 2828 710
4 712 2829 2830 2831
4 2829 714 2832 2830
4 2830 2832 1631 423
4 2831 2830 423 420
4 714 2833 2834 2832
4 2833 715 2835 2834
4 2834 2835 718 1656
4 2832 2834 1656 1631
4 2836 1561 2837 2838
4 2839 2840 1768 1780
4 1768 1764 2841 449
4 1764 1759 2842 2841
4 2841 2842 719 2843
4 449 2841 2843 101
4 1759 1753 2844 2842
4 1753 462 2845 2844
4 2844 2845 720 2846
4 2842 2844 2846 719
4 110 481 2847 2848
4 481 1883 1885 2847
4 2847 1885 1890 2849
4 2848 2847 2849 725
4 725 2849 2850 2851
4 2849 1890 1894 2850
4 2850 1894 1898 2852
4 2851 2850 2852 727
4 727 2852 2853 2854
4 2852 1898 1904 2853
4 2853 1904 1910 2855
4 2854 2853 2855 728
4 728 2855 2856 2857
4 2855 1910 1916 2856
4 2856 1916 485 482
4 2857 2856 482 113
4 134 547 2858 2859
4 547 546 2091 2858
4 2858 2091 2097 2860
4 2859 2858 2860 736
4 736 2860 2861 2862
4 2860 2097 2103 2861
4 2861 2103 2108 2863
4 2862 2861 2863 738
4 738 2863 2864 2865
4 2863 2108 2112 2864
4 2864 2112 2116 2866
4 2865 2864 2866 739
4 739 2866 2867 2868
4 2866 2116 2120 2867
4 2867 2120 2124 548
4 2868 2867 548 137
4 746 2869 2870 2871
4 2869 743 2872 2870
4 2870 2872 567 2252
4 2871 2870 2252 2246
4 147 2873 2874 582
4 2873 746 2871 2874
4 2874 2871 2246 2242
4 582 2874 2242 2224
4 2226 2224 2875 2876
4 748 2362 2877 2878
4 2362 2359 2879 2877
4 2877 2879 751 2880
4 2878 2877 2880 749
4 2356 2350 2881 2882
4 2350 752 2883 2881
4 2881 2883 753 2884
4 2882 2881 2884 754
4 608 607 2885 2886
4 607 2356 2882 2885
4 2885 2882 754 2887
4 2886 2885 2887 756
4 758 2888 2889 2890
4 2888 757 2891 2889
4 2889 2891 651 650
4 2890 2889 650 2559
4 66 2892 2893 317
4 2892 758 2890 2893
4 2893 2890 2559 2553
4 317 2893 2553 318
4 2394 622 2894 2397
4 622 156 2895 2894
4 2894 2895 760 2896
4 2397 2894 2896 2403
4 2403 2896 2897 614
4 2896 760 2898 2897
4 2897 2898 761 2899
4 614 2897 2899 615
4 2359 2457 2900 2879
4 2457 628 2901 2900
4 2900 2901 763 2902
4 2879 2900 2902 751
4 171 2903 2904 2783
4 2903 766 2905 2904
4 2904 2905 640 2497
4 2783 2904 2497 2493
4 773 2906 2907 2908
4 2906 774 2909 2907
4 2907 2909 2262 2543
4 2908 2907 2543 2539
4 162 2910 2911 647
4 2910 773 2908 2911
4 2911 2908 2539 2534
4 647 2911 2534 2519
4 778 2912 2913 2914
4 2912 435 1689 2913
4 2913 1689 1695 2915
4 2914 2913 2915 779
4 779 2915 2916 2917
4 2915 1695 1699 2916
4 2916 1699 1703 2918
4 2917 2916 2918 781
4 860 1070 2919 242
4 1070 1066 2920 2919
4 2919 2920 782 2921
4 242 2919 2921 36
4 1066 1061 2922 2920
4 1061 1055 2923 2922
4 2922 2923 783 2924
4 2920 2922 2924 782
4 1055 291 2925 2923
4 291 289 2926 2925
4 2925 2926 786 2927
4 2923 2925 2927 783
4 790 2928 2929 2930
4 2928 789 2931 2929
4 2929 2931 307 306
4 2930 2929 306 1158
4 793 2932 2933 2934
4 2932 790 2930 2933
4 2933 2930 1158 1152
4 2934 2933 1152 1148
4 73 2935 2936 355
4 2935 793 2934 2936
4 2936 2934 1148 1144
4 355 2936 1144 1351
4 781 2918 2937 2938
4 2918 1703 2308 2937
4 2937 2308 2312 2939
4 2938 2937 2939 794
4 794 2939 2940 2941
4 2939 2312 2319 2940
4 2940 2319 594 2942
4 2941 2940 2942 796
4 1474 443 2943 2811
4 443 441 2944 2943
4 2943 2944 801 2945
4 2811 2943 2945 694
4 774 2946 2947 2909
4 2946 810 2948 2947
4 2947 2948 587 586
4 2909 2947 586 2262
4 2949 2950 280 279
4 319 318 2951 2952
4 667 38 2953 668
4 38 37 2954 2953
4 2953 2954 185 2955
4 668 2953 2955 669
4 265 2651 2956 676
4 2651 0 2957 2956
4 2956 2957 3 2958
4 676 2956 2958 172
4 192 2959 2960 687
4 2959 4 2961 2960
4 2960 2961 7 2670
4 687 2960 2670 333
4 669 2955 2962 691
4 2955 185 2963 2962
4 2962 2963 72 71
4 691 2962 71 692
4 698 85 2964 699
4 85 8 2965 2964
4 2964 2965 11 2966
4 699 2964 2966 193
4 701 700 2967 706
4 700 193 2968 2967
4 2967 2968 87 86
4 706 2967 86 402
4 80 78 2969 716
4 78 77 705 2969
4 2969 705 1561 2970
4 716 2969 2970 717
4 455 2727 2971 723
4 2727 474 2733 2971
4 2971 2733 106 2972
4 723 2971 2972 203
4 215 2973 2974 744
4 2973 141 2741 2974
4 2974 2741 555 2746
4 744 2974 2746 575
4 625 160 2975 762
4 160 159 2976 2975
4 2975 2976 224 768
4 762 2975 768 764
4 224 2977 2978 770
4 2977 22 2979 2978
4 2978 2979 25 161
4 770 2978 161 771
4 286 2658 2980 785
4 2658 56 2981 2980
4 2980 2981 178 2982
4 785 2980 2982 181
4 187 2983 2984 791
4 2983 188 2985 2984
4 2984 2985 57 2663
4 791 2984 2663 312
4 87 2986 2987 88
4 2986 194 2988 2987
4 2987 2988 12 707
4 88 2987 707 412
4 438 2721 2989 800
4 2721 105 2990 2989
4 2989 2990 197 2991
4 800 2989 2991 201
4 218 2992 2993 811
4 2992 219 2994 2993
4 2993 2994 142 2752
4 811 2993 2752 592
4 615 761 2995 158
4 761 21 2996 2995
4 2995 2996 223 2997
4 158 2995 2997 159

CELL_TYPES 2114
 9 9 9 9 9 9 9 9 9 9 9 9 9 9 9 9 9 9 9 9 9 9 9 9 9 9 9 9 9 9
 9 9 9 9 9 9 9 9 9 9 9 9 9 9 9 9 9 9 9 9 9 9 9 9 9 9 9 9 9 9
 9 9 9 9 9 9 9 9 9 9 9 9 9 9 9 9 9 9 9 9 9 9 9 9 9 9 9 9 9 9
 9 9 9 9 9 9 9 9 9 9 9 9 9 9 9 9 9 9 9 9 9 9 9 9 9 9 9 9 9 9
 9 9 9 9 9 9 9 9 9 9 9 9 9 9 9 9 9 9 9 9 9 9 9 9 9 9 9 9 9 9
 9 9 9 9 9 9 9 9 9 9 9 9 9 9 9 9 9 9 9 9 9 9 9 9 9 9 9 9 9 9
 9 9 9 9 9 9 9 9 9 9 9 9 9 9 9 9 9 9 9 9 9 9 9 9 9 9 9 9 9 9
 9 9 9 9 9 9 9 9 9 9 9 9 9 9 9 9 9 9 9 9 9 9 9 9 9 9 9 9 9 9
 9 9 9 9 9 9 9 9 9 9 9 9 9 9 9 9 9 9 9 9 9 9 9 9 9 9 9 9 9 9
 9 9 9 9 9 9 9 9 9 9 9 9 9 9 9 9 9 9 9 9 9 9 9 9 9 9 9 9 9 9
 9 9 9 9 9 9 9 9 9 9 9 9 9 9 9 9 9 9 9 9 9 9 9 9 9 9 9 9 9 9
 9 9 9 9 9 9 9 9 9 9 9 9 9 9 9 9 9 9 9 9 9 9 9 9 9 9 9 9 9 9
 9 9 9 9 9 9 9 9 9 9 9 9 9 9 9 9 9 9 9 9 9 9 9 9 9 9 9 9 9 9
 9 9 9 9 9 9 9 9 9 9 9 9 9 9 9 9 9 9 9 9 9 9 9 9 9 9 9 9 9 9
 9 9 9 9 9 9 9 9 9 9 9 9 9 9 9 9 9 9 9 9 9 9 9 9 9 9 9 9 9 9
 9 9 9 9 9 9 9 9 9 9 9 9 9 9 9 9 9 9 9 9 9 9 9 9 9 9 9 9 9 9
 9 9 9 9 9 9 9 9 9 9 9 9 9 9 9 9 9 9 9 9 9 9 9 9 9 9 9 9 9 9
 9 9 9 9 9 9 9 9 9 9 9 9 9 9 9 9 9 9 9 9 9 9 9 9 9 9 9 9 9 9
 9 9 9 9 9 9 9 9 9 9 9 9 9 9 9 9 9 9 9 9 9 9 9 9 9 9 9 9 9 9
 9 9 9 9 9 9 9 9 9 9 9 9 9 9 9 9 9 9 9 9 9 9 9 9 9 9 9 9 9 9
 9 9 9 9 9 9 9 9 9 9 9 9 9 9 9 9 9 9 9 9 9 9 9 9 9 9 9 9 9 9
 9 9 9 9 9 9 9 9 9 9 9 9 9 9 9 9 9 9 9 9 9 9 9 9 9 9 9 9 9 9
 9 9 9 9 9 9 9 9 9 9 9 9 9 9 9 9 9 9 9 9 9 9 9 9 9 9 9 9 9 9
 9 9 9 9 9 9 9 9 9 9 9 9 9 9 9 9 9 9 9 9 9 9 9 9 9 9 9 9 9 9
 9 9 9 9 9 9 9 9 9 9 9 9 9 9 9 9 9 9 9 9 9 9 9 9 9 9 9 9 9 9
 9 9 9 9 9 9 9 9 9 9 9 9 9 9 9 9 9 9 9 9 9 9 9 9 9 9 9 9 9 9
 9 9 9 9 9 9 9 9 9 9 9 9 9 9 9 9 9 9 9 9 9 9 9 9 9 9 9 9 9 9
 9 9 9 9 9 9 9 9 9 9 9 9 9 9 9 9 9 9 9 9 9 9 9 9 9 9 9 9 9 9
 9 9 9 9 9 9 9 9 9 9 9 9 9 9 9 9 9 9 9 9 9 9 9 9 9 9 9 9 9 9
 9 9 9 9 9 9 9 9 9 9 9 9 9 9 9 9 9 9 9 9 9 9 9 9 9 9 9 9 9 9
 9 9 9 9 9 9 9 9 9 9 9 9 9 9 9 9 9 9 9 9 9 9 9 9 9 9 9 9 9 9
 9 9 9 9 9 9 9 9 9 9 9 9 9 9 9 9 9 9 9 9 9 9 9 9 9 9 9 9 9 9
 9 9 9 9 9 9 9 9 9 9 9 9 9 9 9 9 9 9 9 9 9 9 9 9 9 9 9 9 9 9
 9 9 9 9 9 9 9 9 9 9 9 9 9 9 9 9 9 9 9 9 9 9 9 9 9 9 9 9 9 9
 9 9 9 9 9 9 9 9 9 9 9 9 9 9 9 9 9 9 9 9 9 9 9 9 9 9 9 9 9 9
 9 9 9 9 9 9 9 9 9 9 9 9 9 9 9 9 9 9 9 9 9 9 9 9 9 9 9 9 9 9
 9 9 9 9 9 9 9 9 9 9 9 9 9 9 9 9 9 9 9 9 9 9 9 9 9 9 9 9 9 9
 9 9 9 9 9 9 9 9 9 9 9 9 9 9 9 9 9 9 9 9 9 9 9 9 9 9 9 9 9 9
 9 9 9 9 9 9 9 9 9 9 9 9 9 9 9 9 9 9 9 9 9 9 9 9 9 9 9 9 9 9
 9 9 9 9 9 9 9 9 9 9 9 9 9 9 9 9 9 9 9 9 9 9 9 9 9 9 9 9 9 9
 9 9 9 9 9 9 9 9 9 9 9 9 9 9 9 9 9 9 9 9 9 9 9 9 9 9 9 9 9 9
 9 9 9 9 9 9 9 9 9 9 9 9 9 9 9 9 9 9 9 9 9 9 9 9 9 9 9 9 9 9
 9 9 9 9 9 9 9 9 9 9 9 9 9 9 9 9 9 9 9 9 9 9 9 9 9 9 9 9 9 9
 9 9 9 9 9 9 9 9 9 9 9 9 9 9 9 9 9 9 9 9 9 9 9 9 9 9 9 9 9 9
 9 9 9 9 9 9 9 9 9 9 9 9 9 9 9 9 9 9 9 9 9 9 9 9 9 9 9 9 9 9
 9 9 9 9 9 9 9 9 9 9 9 9 9 9 9 9 9 9 9 9 9 9 9 9 9 9 9 9 9 9
 9 9 9 9 9 9 9 9 9 9 9 9 9 9 9 9 9 9 9 9 9 9 9 9 9 9 9 9 9 9
 9 9 9 9 9 9 9 9 9 9 9 9 9 9 9 9 9 9 9 9 9 9 9 9 9 9 9 9 9 9
 9 9 9 9 9 9 9 9 9 9 9 9 9 9 9 9 9 9 9 9 9 9 9 9 9 9 9 9 9 9
 9 9 9 9 9 9 9 9 9 9 9 9 9 9 9 9 9 9 9 9 9 9 9 9 9 9 9 9 9 9
 9 9 9 9 9 9 9 9 9 9 9 9 9 9 9 9 9 9 9 9 9 9 9 9 9 9 9 9 9 9
 9 9 9 9 9 9 9 9 9 9 9 9 9 9 9 9 9 9 9 9 9 9 9 9 9 9 9 9 9 9
 9 9 9 9 9 9 9 9 9 9 9 9 9 9 9 9 9 9 9 9 9 9 9 9 9 9 9 9 9 9
 9 9 9 9 9 9 9 9 9 9 9 9 9 9 9 9 9 9 9 9 9 9 9 9 9 9 9 9 9 9
 9 9 9 9 9 9 9 9 9 9 9 9 9 9 9 9 9 9 9 9 9 9 9 9 9 9 9 9 9 9
 9 9 9 9 9 9 9 9 9 9 9 9 9 9 9 9 9 9 9 9 9 9 9 9 9 9 9 9 9 9
 9 9 9 9 9 9 9 9 9 9 9 9 9 9 9 9 9 9 9 9 9 9 9 9 9 9 9 9 9 9
 9 9 9 9 9 9 9 9 9 9 9 9 9 9 9 9 9 9 9 9 9 9 9 9 9 9 9 9 9 9
 9 9 9 9 9 9 9 9 9 9 9 9 9 9 9 9 9 9 9 9 9 9 9 9 9 9 9 9 9 9
 9 9 9 9 9 9 9 9 9 9 9 9 9 9 9 9 9 9 9 9 9 9 9 9 9 9 9 9 9 9
 9 9 9 9 9 9 9 9 9 9 9 9 9 9 9 9 9 9 9 9 9 9 9 9 9 9 9 9 9 9
 9 9 9 9 9 9 9 9 9 9 9 9 9 9 9 9 9 9 9 9 9 9 9 9 9 9 9 9 9 9
 9 9 9 9 9 9 9 9 9 9 9 9 9 9 9 9 9 9 9 9 9 9 9 9 9 9 9 9 9 9
 9 9 9 9 9 9 9 9 9 9 9 9 9 9 9 9 9 9 9 9 9 9 9 9 9 9 9 9 9 9
 9 9 9 9 9 9 9 9 9 9 9 9 9 9 9 9 9 9 9 9 9 9 9 9 9 9 9 9 9 9
 9 9 9 9 9 9 9 9 9 9 9 9 9 9 9 9 9 9 9 9 9 9 9 9 9 9 9 9 9 9
 9 9 9 9 9 9 9 9 9 9 9 9 9 9 9 9 9 9 9 9 9 9 9 9 9 9 9 9 9 9
 9 9 9 9 9 9 9 9 9 9 9 9 9 9 9 9 9 9 9 9 9 9 9 9 9 9 9 9 9 9
 9 9 9 9 9 9 9 9 9 9 9 9 9 9 9 9 9 9 9 9 9 9 9 9 9 9 9 9 9 9
 9 9 9 9 9 9 9 9 9 9 9 9 9 9 9 9 9 9 9 9 9 9 9 9 9 9 9 9 9 9
 9 9 9 9 9 9 9 9 9 9 9 9 9 9
CELL_DATA 2114
SCALARS elemType int 1
LOOKUP_TABLE my_color
 1 1 1 1 1 1 1 1 1 1 1 1 1 1 1 1 1 1 1 1 1 1 1 1 1 1 1 1 1 1
 1 1 1 1 1 1 1 1 1 1 1 1 1 1 1 1 1 1 1 1 1 1 1 1 1 1 1 1 1 1
 1 1 1 1 1 1 1 1 1 1 1 1 1 1 1 1 1 1 1 1 1 1 1 1 1 1 1 1 1 1
 1 1 1 1 1 1 1 1 1 1 1 1 1 1 1 1 1 1 1 1 1 1 1 1 1 1 1 1 1 1
 1 1 1 1 1 1 1 1 1 1 1 1 1 1 1 1 1 1 1 1 1 1 1 1 1 1 1 1 1 1
 1 1 1 1 1 1 1 1 1 1 1 1 1 1 1 1 1 1 1 1 1 1 1 1 1 1 1 1 1 1
 1 1 1 1 1 1 1 1 1 1 1 1 1 1 1 1 1 1 1 1 1 1 1 1 1 1 1 1 1 1
 1 1 1 1 1 1 1 1 1 1 1 1 1 1 1 1 1 1 1 1 1 1 1 1 1 1 1 1 1 1
 1 1 1 1 1 1 1 1 1 1 1 1 1 1 1 1 1 1 1 1 1 1 1 1 1 1 1 1 1 1
 1 1 1 1 1 1 1 1 1 1 1 1 1 1 1 1 1 1 1 1 1 1 1 1 1 1 1 1 1 1
 1 1 1 1 1 1 1 1 1 1 1 1 1 1 1 1 1 1 1 1 1 1 1 1 1 1 1 1 1 1
 1 1 1 1 1 1 1 1 1 1 1 1 1 1 1 1 1 1 1 1 1 1 1 1 1 1 1 1 1 1
 1 1 1 1 1 1 1 1 1 1 1 1 1 1 1 1 1 1 1 1 1 1 1 1 1 1 1 1 1 1
 1 1 1 1 1 1 1 1 1 1 1 1 1 1 1 1 1 1 1 1 1 1 1 1 1 1 1 1 1 1
 1 1 1 1 1 1 1 1 1 1 1 1 1 1 1 1 1 1 1 1 1 1 1 1 1 1 1 1 1 1
 1 1 1 1 1 1 1 1 1 1 1 1 1 1 1 1 1 1 1 1 1 1 1 1 1 1 1 1 1 1
 1 1 1 1 1 1 1 1 1 1 1 1 1 1 1 1 1 1 1 1 1 1 1 1 1 1 1 1 1 1
 1 1 1 1 1 1 1 1 1 1 1 1 1 1 1 1 1 1 1 1 1 1 1 1 1 1 1 1 1 1
 1 1 1 1 1 1 1 1 1 1 1 1 1 1 1 1 1 1 1 1 1 1 1 1 1 1 1 1 1 1
 1 1 1 1 1 1 1 1 1 1 1 1 1 1 1 1 1 1 1 1 1 1 1 1 1 1 1 1 1 1
 1 1 1 1 1 1 1 1 1 1 1 1 1 1 1 1 1 1 1 1 1 1 1 1 1 1 1 1 1 1
 1 1 1 1 1 1 1 1 1 1 1 1 1 1 1 1 1 1 1 1 1 1 1 1 1 1 1 1 1 1
 1 1 1 1 1 1 1 1 1 1 1 1 1 1 1 1 1 1 1 1 1 1 1 1 1 1 1 1 1 1
 1 1 1 1 1 1 1 1 1 1 1 1 1 1 1 1 1 1 1 1 1 1 1 1 1 1 1 1 1 1
 1 1 1 1 1 1 1 1 1 1 1 1 1 1 1 1 1 1 1 1 1 1 1 1 1 1 1 1 1 1
 1 1 1 1 1 1 1 1 1 1 1 1 1 1 1 1 1 1 1 1 1 1 1 1 1 1 1 1 1 1
 1 1 1 1 1 1 1 1 1 1 1 1 1 1 1 1 1 1 1 1 1 1 1 1 1 1 1 1 1 1
 1 1 1 1 1 1 1 1 1 1 1 1 1 1 1 1 1 1 1 1 1 1 1 1 1 1 1 1 1 1
 1 1 1 1 1 1 1 1 1 1 1 1 1 1 1 1 1 1 1 1 1 1 1 1 1 1 1 1 1 1
 1 1 1 1 1 1 1 1 1 1 1 1 1 1 1 1 1 1 1 1 1 1 1 1 1 1 1 1 1 1
 1 1 1 1 1 1 1 1 1 1 1 1 1 1 1 1 1 1 1 1 1 1 1 1 1 1 1 1 1 1
 1 1 1 1 1 1 1 1 1 1 1 1 1 1 1 1 1 1 1 1 1 1 1 1 1 1 1 1 1 1
 1 1 1 1 1 1 1 1 1 1 1 1 1 1 1 1 1 1 1 1 1 1 1 1 1 1 1 1 1 1
 1 1 1 1 1 1 1 1 1 1 1 1 1 1 1 1 1 1 1 1 1 1 1 1 1 1 1 1 1 1
 1 1 1 1 1 1 1 1 1 1 1 1 1 1 1 1 1 1 1 1 1 1 1 1 1 1 1 1 1 1
 1 1 1 1 1 1 1 1 1 1 1 1 1 1 1 1 1 1 1 1 1 1 1 1 1 1 1 1 1 1
 1 1 1 1 1 1 1 1 1 1 1 1 1 1 1 1 1 1 1 1 1 1 1 1 1 1 1 1 1 1
 1 1 1 1 1 1 1 1 1 1 1 1 1 1 1 1 1 1 1 1 1 1 1 1 1 1 1 1 1 1
 1 1 1 1 1 1 1 1 1 1 1 1 1 1 1 1 1 1 1 1 1 1 1 1 1 1 1 1 1 1
 1 1 1 1 1 1 1 1 1 1 1 1 1 1 1 1 1 1 1 1 1 1 1 1 1 1 1 1 1 1
 1 1 1 1 1 1 1 1 1 1 1 1 1 1 1 1 1 1 1 1 1 1 1 1 1 1 1 1 1 1
 1 1 1 1 1 1 1 1 1 1 1 1 1 1 1 1 1 1 1 1 1 1 1 1 1 1 1 1 1 1
 1 1 1 1 1 1 1 1 1 1 1 1 1 1 1 1 1 1 1 1 1 1 1 1 1 1 1 1 1 1
 1 1 1 1 1 1 1 1 1 1 1 1 1 1 1 1 1 1 1 1 1 1 1 1 1 1 1 1 1 1
 1 1 1 1 1 1 1 1 1 1 1 1 1 1 1 1 1 1 1 1 1 1 1 1 1 1 1 1 1 1
 1 1 1 1 1 1 1 1 1 1 1 1 1 1 1 1 1 1 1 1 1 1 1 1 1 1 1 1 1 1
 1 1 1 1 1 1 1 1 1 1 1 1 1 1 1 1 1 1 1 1 1 1 1 1 1 1 1 1 1 1
 1 1 1 1 1 1 1 1 1 1 1 1 1 1 1 1 1 1 1 1 1 1 1 1 1 1 1 1 1 1
 1 1 1 1 1 1 1 1 1 1 1 1 1 1 1 1 1 1 1 1 1 1 1 1 1 1 1 1 1 1
 1 1 1 1 1 1 1 1 1 1 1 1 1 1 1 1 1 1 1 1 1 1 1 1 1 1 1 1 1 1
 1 1 1 1 1 1 1 1 1 1 1 1 1 1 1 1 1 1 1 1 1 1 1 1 1 1 1 1 1 1
 1 1 1 1 1 1 1 1 1 1 1 1 1 1 1 1 1 1 1 1 1 1 1 1 1 1 1 1 1 1
 1 1 1 1 1 1 1 1 1 1 1 1 1 1 1 1 1 1 1 1 1 1 1 1 1 1 1 1 1 1
 1 1 1 1 1 1 1 1 1 1 1 1 1 1 1 1 1 1 1 1 1 1 1 1 1 1 1 1 1 1
 1 1 1 1 1 1 1 1 1 1 1 1 1 1 1 1 1 1 1 1 1 1 1 1 1 1 1 1 1 1
 1 1 1 1 1 1 1 1 1 1 1 1 1 1 1 1 1 1 1 1 1 1 1 1 1 1 1 1 1 1
 1 1 1 1 1 1 1 1 1 1 1 1 1 1 1 1 1 1 1 1 1 1 1 1 1 1 1 1 1 1
 1 1 1 1 1 1 1 1 1 1 1 1 1 1 1 1 1 1 1 1 1 1 1 1 1 1 1 1 1 1
 1 1 1 1 1 1 1 1 1 1 1 1 1 1 1 1 1 1 1 1 1 1 1 1 1 1 1 1 1 1
 1 1 1 1 1 1 1 1 1 1 1 1 1 1 1 1 1 1 1 1 1 1 1 1 1 1 1 1 1 1
 1 1 1 1 1 1 1 1 1 1 1 1 1 1 1 1 1 1 1 1 1 1 1 1 1 1 1 1 1 1
 1 1 1 1 1 1 1 1 1 1 1 1 1 1 1 1 1 1 1 1 1 1 1 1 1 1 1 1 1 1
 1 1 1 1 1 1 1 1 1 1 1 1 1 1 1 1 1 1 1 1 1 1 1 1 1 1 1 1 1 1
 1 1 1 1 1 1 1 1 1 1 1 1 1 1 1 1 1 1 1 1 1 1 1 1 1 1 1 1 1 1
 1 1 1 1 1 1 1 1 1 1 1 1 1 1 1 1 1 1 1 1 1 1 1 1 1 1 1 1 1 1
 1 1 1 1 1 1 1 1 1 1 1 1 1 1 1 1 1 1 1 1 1 1 1 1 1 1 1 1 1 1
 1 1 1 1 1 1 1 1 1 1 1 1 1 1 1 1 1 1 1 1 1 1 1 1 1 1 1 1 1 1
 1 1 1 1 1 1 1 1 1 1 1 1 1 1 1 1 1 1 1 1 1 1 1 1 1 1 1 1 1 1
 1 1 1 1 1 1 1 1 1 1 1 1 1 1 1 1 1 1 1 1 1 1 1 1 1 1 1 1 1 1
 1 1 1 1 1 1 1 1 1 1 1 1 1 1 1 1 1 1 1 1 1 1 1 1 1 1 1 1 1 1
 1 1 1 1 1 1 1 1 1 1 1 1 1 1
LOOKUP_TABLE my_color 2
1.0 0.0 1.0 1.0
0.0 1.0 1.0 1.0
