# vtk DataFile Version 2.0
vtk file: 2D Unstructured Grid outputN8A7_tusqh
ASCII

DATASET UNSTRUCTURED_GRID
POINTS 4379 float
 -2.50966679E-02 -2.61407235E-01 +0.00000000E+00 +4.97717803E-01 -2.61407235E-01 +0.00000000E+00
 +1.02053227E+00 -2.61407235E-01 +0.00000000E+00 -2.50966679E-02 +2.61407235E-01 +0.00000000E+00
 +4.97717803E-01 +2.61407235E-01 +0.00000000E+00 +1.02053227E+00 +2.61407235E-01 +0.00000000E+00
 +2.36310568E-01 -2.61407235E-01 +0.00000000E+00 +4.97717803E-01 +0.00000000E+00 +0.00000000E+00
 +2.36310568E-01 +2.61407235E-01 +0.00000000E+00 -2.50966679E-02 +0.00000000E+00 +0.00000000E+00
 +2.36310568E-01 +0.00000000E+00 +0.00000000E+00 +7.59125038E-01 -2.61407235E-01 +0.00000000E+00
 +1.02053227E+00 +0.00000000E+00 +0.00000000E+00 +7.59125038E-01 +2.61407235E-01 +0.00000000E+00
 +7.59125038E-01 +0.00000000E+00 +0.00000000E+00 +1.05606950E-01 -2.61407235E-01 +0.00000000E+00
 +2.36310568E-01 -1.30703618E-01 +0.00000000E+00 +1.05606950E-01 +0.00000000E+00 +0.00000000E+00
 -2.50966679E-02 -1.30703618E-01 +0.00000000E+00 +1.05606950E-01 -1.30703618E-01 +0.00000000E+00
 +3.67014185E-01 -2.61407235E-01 +0.00000000E+00 +4.97717803E-01 -1.30703618E-01 +0.00000000E+00
 +3.67014185E-01 +0.00000000E+00 +0.00000000E+00 +3.67014185E-01 -1.30703618E-01 +0.00000000E+00
 +4.97717803E-01 +1.30703618E-01 +0.00000000E+00 +3.67014185E-01 +2.61407235E-01 +0.00000000E+00
 +2.36310568E-01 +1.30703618E-01 +0.00000000E+00 +3.67014185E-01 +1.30703618E-01 +0.00000000E+00
 +1.05606950E-01 +2.61407235E-01 +0.00000000E+00 -2.50966679E-02 +1.30703618E-01 +0.00000000E+00
 +1.05606950E-01 +1.30703618E-01 +0.00000000E+00 +6.28421421E-01 -2.61407235E-01 +0.00000000E+00
 +7.59125038E-01 -1.30703618E-01 +0.00000000E+00 +6.28421421E-01 +0.00000000E+00 +0.00000000E+00
 +6.28421421E-01 -1.30703618E-01 +0.00000000E+00 +8.89828656E-01 -2.61407235E-01 +0.00000000E+00
 +1.02053227E+00 -1.30703618E-01 +0.00000000E+00 +8.89828656E-01 +0.00000000E+00 +0.00000000E+00
 +8.89828656E-01 -1.30703618E-01 +0.00000000E+00 +1.02053227E+00 +1.30703618E-01 +0.00000000E+00
 +8.89828656E-01 +2.61407235E-01 +0.00000000E+00 +7.59125038E-01 +1.30703618E-01 +0.00000000E+00
 +8.89828656E-01 +1.30703618E-01 +0.00000000E+00 +6.28421421E-01 +2.61407235E-01 +0.00000000E+00
 +6.28421421E-01 +1.30703618E-01 +0.00000000E+00 +1.70958759E-01 -1.30703618E-01 +0.00000000E+00
 +2.36310568E-01 -6.53518089E-02 +0.00000000E+00 +1.70958759E-01 +0.00000000E+00 +0.00000000E+00
 +1.05606950E-01 -6.53518089E-02 +0.00000000E+00 +1.70958759E-01 -6.53518089E-02 +0.00000000E+00
 +4.02551410E-02 -1.30703618E-01 +0.00000000E+00 +4.02551410E-02 +0.00000000E+00 +0.00000000E+00
 -2.50966679E-02 -6.53518089E-02 +0.00000000E+00 +4.02551410E-02 -6.53518089E-02 +0.00000000E+00
 +4.32365994E-01 -1.30703618E-01 +0.00000000E+00 +4.97717803E-01 -6.53518089E-02 +0.00000000E+00
 +4.32365994E-01 +0.00000000E+00 +0.00000000E+00 +3.67014185E-01 -6.53518089E-02 +0.00000000E+00
 +4.32365994E-01 -6.53518089E-02 +0.00000000E+00 +3.01662376E-01 -1.30703618E-01 +0.00000000E+00
 +3.01662376E-01 +0.00000000E+00 +0.00000000E+00 +3.01662376E-01 -6.53518089E-02 +0.00000000E+00
 +3.67014185E-01 +6.53518089E-02 +0.00000000E+00 +3.01662376E-01 +1.30703618E-01 +0.00000000E+00
 +2.36310568E-01 +6.53518089E-02 +0.00000000E+00 +3.01662376E-01 +6.53518089E-02 +0.00000000E+00
 +4.97717803E-01 +6.53518089E-02 +0.00000000E+00 +4.32365994E-01 +1.30703618E-01 +0.00000000E+00
 +4.32365994E-01 +6.53518089E-02 +0.00000000E+00 +1.05606950E-01 +6.53518089E-02 +0.00000000E+00
 +4.02551410E-02 +1.30703618E-01 +0.00000000E+00 -2.50966679E-02 +6.53518089E-02 +0.00000000E+00
 +4.02551410E-02 +6.53518089E-02 +0.00000000E+00 +1.70958759E-01 +1.30703618E-01 +0.00000000E+00
 +1.70958759E-01 +6.53518089E-02 +0.00000000E+00 +5.63069612E-01 -2.61407235E-01 +0.00000000E+00
 +6.28421421E-01 -1.96055427E-01 +0.00000000E+00 +5.63069612E-01 -1.30703618E-01 +0.00000000E+00
 +4.97717803E-01 -1.96055427E-01 +0.00000000E+00 +5.63069612E-01 -1.96055427E-01 +0.00000000E+00
 +6.93773230E-01 -2.61407235E-01 +0.00000000E+00 +7.59125038E-01 -1.96055427E-01 +0.00000000E+00
 +6.93773230E-01 -1.30703618E-01 +0.00000000E+00 +6.93773230E-01 -1.96055427E-01 +0.00000000E+00
 +7.59125038E-01 -6.53518089E-02 +0.00000000E+00 +6.93773230E-01 +0.00000000E+00 +0.00000000E+00
 +6.28421421E-01 -6.53518089E-02 +0.00000000E+00 +6.93773230E-01 -6.53518089E-02 +0.00000000E+00
 +5.63069612E-01 +0.00000000E+00 +0.00000000E+00 +5.63069612E-01 -6.53518089E-02 +0.00000000E+00
 +8.24476847E-01 -2.61407235E-01 +0.00000000E+00 +8.89828656E-01 -1.96055427E-01 +0.00000000E+00
 +8.24476847E-01 -1.30703618E-01 +0.00000000E+00 +8.24476847E-01 -1.96055427E-01 +0.00000000E+00
 +9.55180465E-01 -2.61407235E-01 +0.00000000E+00 +1.02053227E+00 -1.96055427E-01 +0.00000000E+00
 +9.55180465E-01 -1.30703618E-01 +0.00000000E+00 +9.55180465E-01 -1.96055427E-01 +0.00000000E+00
 +1.02053227E+00 -6.53518089E-02 +0.00000000E+00 +9.55180465E-01 +0.00000000E+00 +0.00000000E+00
 +8.89828656E-01 -6.53518089E-02 +0.00000000E+00 +9.55180465E-01 -6.53518089E-02 +0.00000000E+00
 +1.02053227E+00 +6.53518089E-02 +0.00000000E+00 +9.55180465E-01 +1.30703618E-01 +0.00000000E+00
 +8.89828656E-01 +6.53518089E-02 +0.00000000E+00 +9.55180465E-01 +6.53518089E-02 +0.00000000E+00
 +1.02053227E+00 +1.96055427E-01 +0.00000000E+00 +9.55180465E-01 +2.61407235E-01 +0.00000000E+00
 +8.89828656E-01 +1.96055427E-01 +0.00000000E+00 +9.55180465E-01 +1.96055427E-01 +0.00000000E+00
 +8.24476847E-01 +1.30703618E-01 +0.00000000E+00 +8.24476847E-01 +2.61407235E-01 +0.00000000E+00
 +7.59125038E-01 +1.96055427E-01 +0.00000000E+00 +8.24476847E-01 +1.96055427E-01 +0.00000000E+00
 +6.28421421E-01 +6.53518089E-02 +0.00000000E+00 +5.63069612E-01 +1.30703618E-01 +0.00000000E+00
 +5.63069612E-01 +6.53518089E-02 +0.00000000E+00 +7.59125038E-01 +6.53518089E-02 +0.00000000E+00
 +6.93773230E-01 +1.30703618E-01 +0.00000000E+00 +6.93773230E-01 +6.53518089E-02 +0.00000000E+00
 +6.93773230E-01 +2.61407235E-01 +0.00000000E+00 +6.28421421E-01 +1.96055427E-01 +0.00000000E+00
 +6.93773230E-01 +1.96055427E-01 +0.00000000E+00 +5.63069612E-01 +2.61407235E-01 +0.00000000E+00
 +4.97717803E-01 +1.96055427E-01 +0.00000000E+00 +5.63069612E-01 +1.96055427E-01 +0.00000000E+00
 +2.03634663E-01 -6.53518089E-02 +0.00000000E+00 +2.36310568E-01 -3.26759044E-02 +0.00000000E+00
 +2.03634663E-01 +0.00000000E+00 +0.00000000E+00 +1.70958759E-01 -3.26759044E-02 +0.00000000E+00
 +2.03634663E-01 -3.26759044E-02 +0.00000000E+00 +1.38282854E-01 -6.53518089E-02 +0.00000000E+00
 +1.38282854E-01 +0.00000000E+00 +0.00000000E+00 +1.05606950E-01 -3.26759044E-02 +0.00000000E+00
 +1.38282854E-01 -3.26759044E-02 +0.00000000E+00 +7.29310454E-02 -6.53518089E-02 +0.00000000E+00
 +7.29310454E-02 +0.00000000E+00 +0.00000000E+00 +4.02551410E-02 -3.26759044E-02 +0.00000000E+00
 +7.29310454E-02 -3.26759044E-02 +0.00000000E+00 +7.57923653E-03 -6.53518089E-02 +0.00000000E+00
 +7.57923653E-03 +0.00000000E+00 +0.00000000E+00 -2.50966679E-02 -3.26759044E-02 +0.00000000E+00
 +7.57923653E-03 -3.26759044E-02 +0.00000000E+00 +3.99690090E-01 -1.30703618E-01 +0.00000000E+00
 +4.32365994E-01 -9.80277133E-02 +0.00000000E+00 +3.99690090E-01 -6.53518089E-02 +0.00000000E+00
 +3.67014185E-01 -9.80277133E-02 +0.00000000E+00 +3.99690090E-01 -9.80277133E-02 +0.00000000E+00
 +4.65041899E-01 -1.30703618E-01 +0.00000000E+00 +4.97717803E-01 -9.80277133E-02 +0.00000000E+00
 +4.65041899E-01 -6.53518089E-02 +0.00000000E+00 +4.65041899E-01 -9.80277133E-02 +0.00000000E+00
 +2.68986472E-01 -1.30703618E-01 +0.00000000E+00 +3.01662376E-01 -9.80277133E-02 +0.00000000E+00
 +2.68986472E-01 -6.53518089E-02 +0.00000000E+00 +2.36310568E-01 -9.80277133E-02 +0.00000000E+00
 +2.68986472E-01 -9.80277133E-02 +0.00000000E+00 +3.34338281E-01 -1.30703618E-01 +0.00000000E+00
 +3.34338281E-01 -6.53518089E-02 +0.00000000E+00 +3.34338281E-01 -9.80277133E-02 +0.00000000E+00
 +3.34338281E-01 +6.53518089E-02 +0.00000000E+00 +3.67014185E-01 +9.80277133E-02 +0.00000000E+00
 +3.34338281E-01 +1.30703618E-01 +0.00000000E+00 +3.01662376E-01 +9.80277133E-02 +0.00000000E+00
 +3.34338281E-01 +9.80277133E-02 +0.00000000E+00 +2.68986472E-01 +6.53518089E-02 +0.00000000E+00
 +2.68986472E-01 +1.30703618E-01 +0.00000000E+00 +2.36310568E-01 +9.80277133E-02 +0.00000000E+00
 +2.68986472E-01 +9.80277133E-02 +0.00000000E+00 +4.65041899E-01 +6.53518089E-02 +0.00000000E+00
 +4.97717803E-01 +9.80277133E-02 +0.00000000E+00 +4.65041899E-01 +1.30703618E-01 +0.00000000E+00
 +4.32365994E-01 +9.80277133E-02 +0.00000000E+00 +4.65041899E-01 +9.80277133E-02 +0.00000000E+00
 +3.99690090E-01 +6.53518089E-02 +0.00000000E+00 +3.99690090E-01 +1.30703618E-01 +0.00000000E+00
 +3.99690090E-01 +9.80277133E-02 +0.00000000E+00 +4.02551410E-02 +3.26759044E-02 +0.00000000E+00
 +7.57923653E-03 +6.53518089E-02 +0.00000000E+00 -2.50966679E-02 +3.26759044E-02 +0.00000000E+00
 +7.57923653E-03 +3.26759044E-02 +0.00000000E+00 +1.05606950E-01 +3.26759044E-02 +0.00000000E+00
 +7.29310454E-02 +6.53518089E-02 +0.00000000E+00 +7.29310454E-02 +3.26759044E-02 +0.00000000E+00
 +1.70958759E-01 +3.26759044E-02 +0.00000000E+00 +1.38282854E-01 +6.53518089E-02 +0.00000000E+00
 +1.38282854E-01 +3.26759044E-02 +0.00000000E+00 +2.36310568E-01 +3.26759044E-02 +0.00000000E+00
 +2.03634663E-01 +6.53518089E-02 +0.00000000E+00 +2.03634663E-01 +3.26759044E-02 +0.00000000E+00
 +5.95745516E-01 -1.96055427E-01 +0.00000000E+00 +6.28421421E-01 -1.63379522E-01 +0.00000000E+00
 +5.95745516E-01 -1.30703618E-01 +0.00000000E+00 +5.63069612E-01 -1.63379522E-01 +0.00000000E+00
 +5.95745516E-01 -1.63379522E-01 +0.00000000E+00 +5.30393707E-01 -1.96055427E-01 +0.00000000E+00
 +5.30393707E-01 -1.30703618E-01 +0.00000000E+00 +4.97717803E-01 -1.63379522E-01 +0.00000000E+00
 +5.30393707E-01 -1.63379522E-01 +0.00000000E+00 +7.26449134E-01 -2.61407235E-01 +0.00000000E+00
 +7.59125038E-01 -2.28731331E-01 +0.00000000E+00 +7.26449134E-01 -1.96055427E-01 +0.00000000E+00
 +6.93773230E-01 -2.28731331E-01 +0.00000000E+00 +7.26449134E-01 -2.28731331E-01 +0.00000000E+00
 +7.59125038E-01 -1.63379522E-01 +0.00000000E+00 +7.26449134E-01 -1.30703618E-01 +0.00000000E+00
 +6.93773230E-01 -1.63379522E-01 +0.00000000E+00 +7.26449134E-01 -1.63379522E-01 +0.00000000E+00
 +6.61097325E-01 -1.96055427E-01 +0.00000000E+00 +6.61097325E-01 -1.30703618E-01 +0.00000000E+00
 +6.61097325E-01 -1.63379522E-01 +0.00000000E+00 +6.93773230E-01 -9.80277133E-02 +0.00000000E+00
 +6.61097325E-01 -6.53518089E-02 +0.00000000E+00 +6.28421421E-01 -9.80277133E-02 +0.00000000E+00
 +6.61097325E-01 -9.80277133E-02 +0.00000000E+00 +7.26449134E-01 -6.53518089E-02 +0.00000000E+00
 +7.59125038E-01 -3.26759044E-02 +0.00000000E+00 +7.26449134E-01 +0.00000000E+00 +0.00000000E+00
 +6.93773230E-01 -3.26759044E-02 +0.00000000E+00 +7.26449134E-01 -3.26759044E-02 +0.00000000E+00
 +6.61097325E-01 +0.00000000E+00 +0.00000000E+00 +6.28421421E-01 -3.26759044E-02 +0.00000000E+00
 +6.61097325E-01 -3.26759044E-02 +0.00000000E+00 +5.63069612E-01 -9.80277133E-02 +0.00000000E+00
 +5.30393707E-01 -6.53518089E-02 +0.00000000E+00 +5.30393707E-01 -9.80277133E-02 +0.00000000E+00
 +5.95745516E-01 -6.53518089E-02 +0.00000000E+00 +5.95745516E-01 -9.80277133E-02 +0.00000000E+00
 +5.63069612E-01 -3.26759044E-02 +0.00000000E+00 +5.30393707E-01 +0.00000000E+00 +0.00000000E+00
 +4.97717803E-01 -3.26759044E-02 +0.00000000E+00 +5.30393707E-01 -3.26759044E-02 +0.00000000E+00
 +7.91800943E-01 -2.61407235E-01 +0.00000000E+00 +8.24476847E-01 -2.28731331E-01 +0.00000000E+00
 +7.91800943E-01 -1.96055427E-01 +0.00000000E+00 +7.91800943E-01 -2.28731331E-01 +0.00000000E+00
 +8.57152752E-01 -2.61407235E-01 +0.00000000E+00 +8.89828656E-01 -2.28731331E-01 +0.00000000E+00
 +8.57152752E-01 -1.96055427E-01 +0.00000000E+00 +8.57152752E-01 -2.28731331E-01 +0.00000000E+00
 +9.22504561E-01 -2.61407235E-01 +0.00000000E+00 +9.55180465E-01 -2.28731331E-01 +0.00000000E+00
 +9.22504561E-01 -1.96055427E-01 +0.00000000E+00 +9.22504561E-01 -2.28731331E-01 +0.00000000E+00
 +9.87856369E-01 -2.61407235E-01 +0.00000000E+00 +1.02053227E+00 -2.28731331E-01 +0.00000000E+00
 +9.87856369E-01 -1.96055427E-01 +0.00000000E+00 +9.87856369E-01 -2.28731331E-01 +0.00000000E+00
 +1.02053227E+00 -1.63379522E-01 +0.00000000E+00 +9.87856369E-01 -1.30703618E-01 +0.00000000E+00
 +9.55180465E-01 -1.63379522E-01 +0.00000000E+00 +9.87856369E-01 -1.63379522E-01 +0.00000000E+00
 +1.02053227E+00 -9.80277133E-02 +0.00000000E+00 +9.87856369E-01 -6.53518089E-02 +0.00000000E+00
 +9.55180465E-01 -9.80277133E-02 +0.00000000E+00 +9.87856369E-01 -9.80277133E-02 +0.00000000E+00
 +1.02053227E+00 -3.26759044E-02 +0.00000000E+00 +9.87856369E-01 +0.00000000E+00 +0.00000000E+00
 +9.55180465E-01 -3.26759044E-02 +0.00000000E+00 +9.87856369E-01 -3.26759044E-02 +0.00000000E+00
 +9.22504561E-01 -6.53518089E-02 +0.00000000E+00 +9.22504561E-01 +0.00000000E+00 +0.00000000E+00
 +8.89828656E-01 -3.26759044E-02 +0.00000000E+00 +9.22504561E-01 -3.26759044E-02 +0.00000000E+00
 +9.55180465E-01 +3.26759044E-02 +0.00000000E+00 +9.22504561E-01 +6.53518089E-02 +0.00000000E+00
 +8.89828656E-01 +3.26759044E-02 +0.00000000E+00 +9.22504561E-01 +3.26759044E-02 +0.00000000E+00
 +1.02053227E+00 +3.26759044E-02 +0.00000000E+00 +9.87856369E-01 +6.53518089E-02 +0.00000000E+00
 +9.87856369E-01 +3.26759044E-02 +0.00000000E+00 +1.02053227E+00 +9.80277133E-02 +0.00000000E+00
 +9.87856369E-01 +1.30703618E-01 +0.00000000E+00 +9.55180465E-01 +9.80277133E-02 +0.00000000E+00
 +9.87856369E-01 +9.80277133E-02 +0.00000000E+00 +1.02053227E+00 +1.63379522E-01 +0.00000000E+00
 +9.87856369E-01 +1.96055427E-01 +0.00000000E+00 +9.55180465E-01 +1.63379522E-01 +0.00000000E+00
 +9.87856369E-01 +1.63379522E-01 +0.00000000E+00 +1.02053227E+00 +2.28731331E-01 +0.00000000E+00
 +9.87856369E-01 +2.61407235E-01 +0.00000000E+00 +9.55180465E-01 +2.28731331E-01 +0.00000000E+00
 +9.87856369E-01 +2.28731331E-01 +0.00000000E+00 +9.22504561E-01 +1.96055427E-01 +0.00000000E+00
 +9.22504561E-01 +2.61407235E-01 +0.00000000E+00 +8.89828656E-01 +2.28731331E-01 +0.00000000E+00
 +9.22504561E-01 +2.28731331E-01 +0.00000000E+00 +8.57152752E-01 +1.96055427E-01 +0.00000000E+00
 +8.57152752E-01 +2.61407235E-01 +0.00000000E+00 +8.24476847E-01 +2.28731331E-01 +0.00000000E+00
 +8.57152752E-01 +2.28731331E-01 +0.00000000E+00 +7.91800943E-01 +1.96055427E-01 +0.00000000E+00
 +7.91800943E-01 +2.61407235E-01 +0.00000000E+00 +7.59125038E-01 +2.28731331E-01 +0.00000000E+00
 +7.91800943E-01 +2.28731331E-01 +0.00000000E+00 +5.63069612E-01 +3.26759044E-02 +0.00000000E+00
 +5.30393707E-01 +6.53518089E-02 +0.00000000E+00 +4.97717803E-01 +3.26759044E-02 +0.00000000E+00
 +5.30393707E-01 +3.26759044E-02 +0.00000000E+00 +5.95745516E-01 +6.53518089E-02 +0.00000000E+00
 +6.28421421E-01 +9.80277133E-02 +0.00000000E+00 +5.95745516E-01 +1.30703618E-01 +0.00000000E+00
 +5.63069612E-01 +9.80277133E-02 +0.00000000E+00 +5.95745516E-01 +9.80277133E-02 +0.00000000E+00
 +5.30393707E-01 +1.30703618E-01 +0.00000000E+00 +5.30393707E-01 +9.80277133E-02 +0.00000000E+00
 +6.93773230E-01 +3.26759044E-02 +0.00000000E+00 +6.61097325E-01 +6.53518089E-02 +0.00000000E+00
 +6.28421421E-01 +3.26759044E-02 +0.00000000E+00 +6.61097325E-01 +3.26759044E-02 +0.00000000E+00
 +7.59125038E-01 +3.26759044E-02 +0.00000000E+00 +7.26449134E-01 +6.53518089E-02 +0.00000000E+00
 +7.26449134E-01 +3.26759044E-02 +0.00000000E+00 +6.93773230E-01 +9.80277133E-02 +0.00000000E+00
 +6.61097325E-01 +1.30703618E-01 +0.00000000E+00 +6.61097325E-01 +9.80277133E-02 +0.00000000E+00
 +6.93773230E-01 +1.63379522E-01 +0.00000000E+00 +6.61097325E-01 +1.96055427E-01 +0.00000000E+00
 +6.28421421E-01 +1.63379522E-01 +0.00000000E+00 +6.61097325E-01 +1.63379522E-01 +0.00000000E+00
 +7.26449134E-01 +1.30703618E-01 +0.00000000E+00 +7.59125038E-01 +1.63379522E-01 +0.00000000E+00
 +7.26449134E-01 +1.96055427E-01 +0.00000000E+00 +7.26449134E-01 +1.63379522E-01 +0.00000000E+00
 +7.26449134E-01 +2.61407235E-01 +0.00000000E+00 +6.93773230E-01 +2.28731331E-01 +0.00000000E+00
 +7.26449134E-01 +2.28731331E-01 +0.00000000E+00 +5.63069612E-01 +1.63379522E-01 +0.00000000E+00
 +5.30393707E-01 +1.96055427E-01 +0.00000000E+00 +4.97717803E-01 +1.63379522E-01 +0.00000000E+00
 +5.30393707E-01 +1.63379522E-01 +0.00000000E+00 +5.95745516E-01 +1.96055427E-01 +0.00000000E+00
 +5.95745516E-01 +1.63379522E-01 +0.00000000E+00 +3.01662376E-01 -2.61407235E-01 +0.00000000E+00
 +3.67014185E-01 -1.96055427E-01 +0.00000000E+00 +2.36310568E-01 -1.96055427E-01 +0.00000000E+00
 +3.01662376E-01 -1.96055427E-01 +0.00000000E+00 +4.32365994E-01 -2.61407235E-01 +0.00000000E+00
 +4.32365994E-01 -1.96055427E-01 +0.00000000E+00 +4.32365994E-01 +2.61407235E-01 +0.00000000E+00
 +3.67014185E-01 +1.96055427E-01 +0.00000000E+00 +4.32365994E-01 +1.96055427E-01 +0.00000000E+00
 +3.01662376E-01 +2.61407235E-01 +0.00000000E+00 +2.36310568E-01 +1.96055427E-01 +0.00000000E+00
 +3.01662376E-01 +1.96055427E-01 +0.00000000E+00 +8.24476847E-01 +0.00000000E+00 +0.00000000E+00
 +8.24476847E-01 -6.53518089E-02 +0.00000000E+00 +8.24476847E-01 +6.53518089E-02 +0.00000000E+00
 +1.87296711E-01 -6.53518089E-02 +0.00000000E+00 +2.03634663E-01 -4.90138566E-02 +0.00000000E+00
 +1.87296711E-01 -3.26759044E-02 +0.00000000E+00 +1.70958759E-01 -4.90138566E-02 +0.00000000E+00
 +1.87296711E-01 -4.90138566E-02 +0.00000000E+00 +2.19972615E-01 -6.53518089E-02 +0.00000000E+00
 +2.36310568E-01 -4.90138566E-02 +0.00000000E+00 +2.19972615E-01 -3.26759044E-02 +0.00000000E+00
 +2.19972615E-01 -4.90138566E-02 +0.00000000E+00 +1.21944902E-01 -6.53518089E-02 +0.00000000E+00
 +1.38282854E-01 -4.90138566E-02 +0.00000000E+00 +1.21944902E-01 -3.26759044E-02 +0.00000000E+00
 +1.05606950E-01 -4.90138566E-02 +0.00000000E+00 +1.21944902E-01 -4.90138566E-02 +0.00000000E+00
 +1.54620806E-01 -6.53518089E-02 +0.00000000E+00 +1.54620806E-01 -3.26759044E-02 +0.00000000E+00
 +1.54620806E-01 -4.90138566E-02 +0.00000000E+00 +1.38282854E-01 -1.63379522E-02 +0.00000000E+00
 +1.21944902E-01 +0.00000000E+00 +0.00000000E+00 +1.05606950E-01 -1.63379522E-02 +0.00000000E+00
 +1.21944902E-01 -1.63379522E-02 +0.00000000E+00 +8.92689976E-02 -3.26759044E-02 +0.00000000E+00
 +8.92689976E-02 +0.00000000E+00 +0.00000000E+00 +7.29310454E-02 -1.63379522E-02 +0.00000000E+00
 +8.92689976E-02 -1.63379522E-02 +0.00000000E+00 +5.65930932E-02 -3.26759044E-02 +0.00000000E+00
 +5.65930932E-02 +0.00000000E+00 +0.00000000E+00 +4.02551410E-02 -1.63379522E-02 +0.00000000E+00
 +5.65930932E-02 -1.63379522E-02 +0.00000000E+00 +2.39171887E-02 -3.26759044E-02 +0.00000000E+00
 +2.39171887E-02 +0.00000000E+00 +0.00000000E+00 +7.57923653E-03 -1.63379522E-02 +0.00000000E+00
 +2.39171887E-02 -1.63379522E-02 +0.00000000E+00 +3.83352137E-01 -1.30703618E-01 +0.00000000E+00
 +3.99690090E-01 -1.14365666E-01 +0.00000000E+00 +3.83352137E-01 -9.80277133E-02 +0.00000000E+00
 +3.67014185E-01 -1.14365666E-01 +0.00000000E+00 +3.83352137E-01 -1.14365666E-01 +0.00000000E+00
 +4.16028042E-01 -1.30703618E-01 +0.00000000E+00 +4.32365994E-01 -1.14365666E-01 +0.00000000E+00
 +4.16028042E-01 -9.80277133E-02 +0.00000000E+00 +4.16028042E-01 -1.14365666E-01 +0.00000000E+00
 +4.48703946E-01 -1.30703618E-01 +0.00000000E+00 +4.65041899E-01 -1.14365666E-01 +0.00000000E+00
 +4.48703946E-01 -9.80277133E-02 +0.00000000E+00 +4.48703946E-01 -1.14365666E-01 +0.00000000E+00
 +4.81379851E-01 -1.30703618E-01 +0.00000000E+00 +4.97717803E-01 -1.14365666E-01 +0.00000000E+00
 +4.81379851E-01 -9.80277133E-02 +0.00000000E+00 +4.81379851E-01 -1.14365666E-01 +0.00000000E+00
 +2.85324424E-01 -9.80277133E-02 +0.00000000E+00 +3.01662376E-01 -8.16897611E-02 +0.00000000E+00
 +2.85324424E-01 -6.53518089E-02 +0.00000000E+00 +2.68986472E-01 -8.16897611E-02 +0.00000000E+00
 +2.85324424E-01 -8.16897611E-02 +0.00000000E+00 +2.52648520E-01 -9.80277133E-02 +0.00000000E+00
 +2.52648520E-01 -6.53518089E-02 +0.00000000E+00 +2.36310568E-01 -8.16897611E-02 +0.00000000E+00
 +2.52648520E-01 -8.16897611E-02 +0.00000000E+00 +3.50676233E-01 -9.80277133E-02 +0.00000000E+00
 +3.67014185E-01 -8.16897611E-02 +0.00000000E+00 +3.50676233E-01 -6.53518089E-02 +0.00000000E+00
 +3.34338281E-01 -8.16897611E-02 +0.00000000E+00 +3.50676233E-01 -8.16897611E-02 +0.00000000E+00
 +3.18000329E-01 -9.80277133E-02 +0.00000000E+00 +3.18000329E-01 -6.53518089E-02 +0.00000000E+00
 +3.18000329E-01 -8.16897611E-02 +0.00000000E+00 +3.18000329E-01 +6.53518089E-02 +0.00000000E+00
 +3.34338281E-01 +8.16897611E-02 +0.00000000E+00 +3.18000329E-01 +9.80277133E-02 +0.00000000E+00
 +3.01662376E-01 +8.16897611E-02 +0.00000000E+00 +3.18000329E-01 +8.16897611E-02 +0.00000000E+00
 +3.50676233E-01 +6.53518089E-02 +0.00000000E+00 +3.67014185E-01 +8.16897611E-02 +0.00000000E+00
 +3.50676233E-01 +9.80277133E-02 +0.00000000E+00 +3.50676233E-01 +8.16897611E-02 +0.00000000E+00
 +2.52648520E-01 +6.53518089E-02 +0.00000000E+00 +2.68986472E-01 +8.16897611E-02 +0.00000000E+00
 +2.52648520E-01 +9.80277133E-02 +0.00000000E+00 +2.36310568E-01 +8.16897611E-02 +0.00000000E+00
 +2.52648520E-01 +8.16897611E-02 +0.00000000E+00 +2.85324424E-01 +6.53518089E-02 +0.00000000E+00
 +2.85324424E-01 +9.80277133E-02 +0.00000000E+00 +2.85324424E-01 +8.16897611E-02 +0.00000000E+00
 +4.81379851E-01 +9.80277133E-02 +0.00000000E+00 +4.97717803E-01 +1.14365666E-01 +0.00000000E+00
 +4.81379851E-01 +1.30703618E-01 +0.00000000E+00 +4.65041899E-01 +1.14365666E-01 +0.00000000E+00
 +4.81379851E-01 +1.14365666E-01 +0.00000000E+00 +4.48703946E-01 +9.80277133E-02 +0.00000000E+00
 +4.48703946E-01 +1.30703618E-01 +0.00000000E+00 +4.32365994E-01 +1.14365666E-01 +0.00000000E+00
 +4.48703946E-01 +1.14365666E-01 +0.00000000E+00 +4.16028042E-01 +9.80277133E-02 +0.00000000E+00
 +4.16028042E-01 +1.30703618E-01 +0.00000000E+00 +3.99690090E-01 +1.14365666E-01 +0.00000000E+00
 +4.16028042E-01 +1.14365666E-01 +0.00000000E+00 +3.83352137E-01 +9.80277133E-02 +0.00000000E+00
 +3.83352137E-01 +1.30703618E-01 +0.00000000E+00 +3.67014185E-01 +1.14365666E-01 +0.00000000E+00
 +3.83352137E-01 +1.14365666E-01 +0.00000000E+00 +4.02551410E-02 +1.63379522E-02 +0.00000000E+00
 +2.39171887E-02 +3.26759044E-02 +0.00000000E+00 +7.57923653E-03 +1.63379522E-02 +0.00000000E+00
 +2.39171887E-02 +1.63379522E-02 +0.00000000E+00 +7.29310454E-02 +1.63379522E-02 +0.00000000E+00
 +5.65930932E-02 +3.26759044E-02 +0.00000000E+00 +5.65930932E-02 +1.63379522E-02 +0.00000000E+00
 +1.05606950E-01 +1.63379522E-02 +0.00000000E+00 +8.92689976E-02 +3.26759044E-02 +0.00000000E+00
 +8.92689976E-02 +1.63379522E-02 +0.00000000E+00 +1.38282854E-01 +1.63379522E-02 +0.00000000E+00
 +1.21944902E-01 +3.26759044E-02 +0.00000000E+00 +1.21944902E-01 +1.63379522E-02 +0.00000000E+00
 +1.54620806E-01 +3.26759044E-02 +0.00000000E+00 +1.70958759E-01 +4.90138566E-02 +0.00000000E+00
 +1.54620806E-01 +6.53518089E-02 +0.00000000E+00 +1.38282854E-01 +4.90138566E-02 +0.00000000E+00
 +1.54620806E-01 +4.90138566E-02 +0.00000000E+00 +1.21944902E-01 +6.53518089E-02 +0.00000000E+00
 +1.05606950E-01 +4.90138566E-02 +0.00000000E+00 +1.21944902E-01 +4.90138566E-02 +0.00000000E+00
 +2.19972615E-01 +3.26759044E-02 +0.00000000E+00 +2.36310568E-01 +4.90138566E-02 +0.00000000E+00
 +2.19972615E-01 +6.53518089E-02 +0.00000000E+00 +2.03634663E-01 +4.90138566E-02 +0.00000000E+00
 +2.19972615E-01 +4.90138566E-02 +0.00000000E+00 +1.87296711E-01 +3.26759044E-02 +0.00000000E+00
 +1.87296711E-01 +6.53518089E-02 +0.00000000E+00 +1.87296711E-01 +4.90138566E-02 +0.00000000E+00
 +6.12083469E-01 -1.96055427E-01 +0.00000000E+00 +6.28421421E-01 -1.79717474E-01 +0.00000000E+00
 +6.12083469E-01 -1.63379522E-01 +0.00000000E+00 +5.95745516E-01 -1.79717474E-01 +0.00000000E+00
 +6.12083469E-01 -1.79717474E-01 +0.00000000E+00 +6.28421421E-01 -1.47041570E-01 +0.00000000E+00
 +6.12083469E-01 -1.30703618E-01 +0.00000000E+00 +5.95745516E-01 -1.47041570E-01 +0.00000000E+00
 +6.12083469E-01 -1.47041570E-01 +0.00000000E+00 +5.79407564E-01 -1.63379522E-01 +0.00000000E+00
 +5.79407564E-01 -1.30703618E-01 +0.00000000E+00 +5.63069612E-01 -1.47041570E-01 +0.00000000E+00
 +5.79407564E-01 -1.47041570E-01 +0.00000000E+00 +5.46731660E-01 -1.63379522E-01 +0.00000000E+00
 +5.46731660E-01 -1.30703618E-01 +0.00000000E+00 +5.30393707E-01 -1.47041570E-01 +0.00000000E+00
 +5.46731660E-01 -1.47041570E-01 +0.00000000E+00 +5.14055755E-01 -1.63379522E-01 +0.00000000E+00
 +5.14055755E-01 -1.30703618E-01 +0.00000000E+00 +4.97717803E-01 -1.47041570E-01 +0.00000000E+00
 +5.14055755E-01 -1.47041570E-01 +0.00000000E+00 +7.42787086E-01 -2.28731331E-01 +0.00000000E+00
 +7.59125038E-01 -2.12393379E-01 +0.00000000E+00 +7.42787086E-01 -1.96055427E-01 +0.00000000E+00
 +7.26449134E-01 -2.12393379E-01 +0.00000000E+00 +7.42787086E-01 -2.12393379E-01 +0.00000000E+00
 +7.10111182E-01 -1.96055427E-01 +0.00000000E+00 +7.26449134E-01 -1.79717474E-01 +0.00000000E+00
 +7.10111182E-01 -1.63379522E-01 +0.00000000E+00 +6.93773230E-01 -1.79717474E-01 +0.00000000E+00
 +7.10111182E-01 -1.79717474E-01 +0.00000000E+00 +6.44759373E-01 -1.96055427E-01 +0.00000000E+00
 +6.61097325E-01 -1.79717474E-01 +0.00000000E+00 +6.44759373E-01 -1.63379522E-01 +0.00000000E+00
 +6.44759373E-01 -1.79717474E-01 +0.00000000E+00 +6.77435277E-01 -1.96055427E-01 +0.00000000E+00
 +6.77435277E-01 -1.63379522E-01 +0.00000000E+00 +6.77435277E-01 -1.79717474E-01 +0.00000000E+00
 +6.77435277E-01 -9.80277133E-02 +0.00000000E+00 +6.93773230E-01 -8.16897611E-02 +0.00000000E+00
 +6.77435277E-01 -6.53518089E-02 +0.00000000E+00 +6.61097325E-01 -8.16897611E-02 +0.00000000E+00
 +6.77435277E-01 -8.16897611E-02 +0.00000000E+00 +6.44759373E-01 -9.80277133E-02 +0.00000000E+00
 +6.44759373E-01 -6.53518089E-02 +0.00000000E+00 +6.28421421E-01 -8.16897611E-02 +0.00000000E+00
 +6.44759373E-01 -8.16897611E-02 +0.00000000E+00 +7.10111182E-01 -3.26759044E-02 +0.00000000E+00
 +7.26449134E-01 -1.63379522E-02 +0.00000000E+00 +7.10111182E-01 +0.00000000E+00 +0.00000000E+00
 +6.93773230E-01 -1.63379522E-02 +0.00000000E+00 +7.10111182E-01 -1.63379522E-02 +0.00000000E+00
 +6.93773230E-01 -4.90138566E-02 +0.00000000E+00 +6.77435277E-01 -3.26759044E-02 +0.00000000E+00
 +6.61097325E-01 -4.90138566E-02 +0.00000000E+00 +6.77435277E-01 -4.90138566E-02 +0.00000000E+00
 +5.46731660E-01 -9.80277133E-02 +0.00000000E+00 +5.63069612E-01 -8.16897611E-02 +0.00000000E+00
 +5.46731660E-01 -6.53518089E-02 +0.00000000E+00 +5.30393707E-01 -8.16897611E-02 +0.00000000E+00
 +5.46731660E-01 -8.16897611E-02 +0.00000000E+00 +5.14055755E-01 -9.80277133E-02 +0.00000000E+00
 +5.14055755E-01 -6.53518089E-02 +0.00000000E+00 +4.97717803E-01 -8.16897611E-02 +0.00000000E+00
 +5.14055755E-01 -8.16897611E-02 +0.00000000E+00 +5.79407564E-01 -9.80277133E-02 +0.00000000E+00
 +5.95745516E-01 -8.16897611E-02 +0.00000000E+00 +5.79407564E-01 -6.53518089E-02 +0.00000000E+00
 +5.79407564E-01 -8.16897611E-02 +0.00000000E+00 +5.30393707E-01 -4.90138566E-02 +0.00000000E+00
 +5.14055755E-01 -3.26759044E-02 +0.00000000E+00 +4.97717803E-01 -4.90138566E-02 +0.00000000E+00
 +5.14055755E-01 -4.90138566E-02 +0.00000000E+00 +5.30393707E-01 -1.63379522E-02 +0.00000000E+00
 +5.14055755E-01 +0.00000000E+00 +0.00000000E+00 +4.97717803E-01 -1.63379522E-02 +0.00000000E+00
 +5.14055755E-01 -1.63379522E-02 +0.00000000E+00 +8.08138895E-01 -2.28731331E-01 +0.00000000E+00
 +8.24476847E-01 -2.12393379E-01 +0.00000000E+00 +8.08138895E-01 -1.96055427E-01 +0.00000000E+00
 +7.91800943E-01 -2.12393379E-01 +0.00000000E+00 +8.08138895E-01 -2.12393379E-01 +0.00000000E+00
 +7.75462991E-01 -2.28731331E-01 +0.00000000E+00 +7.75462991E-01 -1.96055427E-01 +0.00000000E+00
 +7.75462991E-01 -2.12393379E-01 +0.00000000E+00 +8.73490704E-01 -2.61407235E-01 +0.00000000E+00
 +8.89828656E-01 -2.45069283E-01 +0.00000000E+00 +8.73490704E-01 -2.28731331E-01 +0.00000000E+00
 +8.57152752E-01 -2.45069283E-01 +0.00000000E+00 +8.73490704E-01 -2.45069283E-01 +0.00000000E+00
 +8.40814800E-01 -2.28731331E-01 +0.00000000E+00 +8.57152752E-01 -2.12393379E-01 +0.00000000E+00
 +8.40814800E-01 -1.96055427E-01 +0.00000000E+00 +8.40814800E-01 -2.12393379E-01 +0.00000000E+00
 +9.06166608E-01 -2.61407235E-01 +0.00000000E+00 +9.22504561E-01 -2.45069283E-01 +0.00000000E+00
 +9.06166608E-01 -2.28731331E-01 +0.00000000E+00 +9.06166608E-01 -2.45069283E-01 +0.00000000E+00
 +9.38842513E-01 -2.61407235E-01 +0.00000000E+00 +9.55180465E-01 -2.45069283E-01 +0.00000000E+00
 +9.38842513E-01 -2.28731331E-01 +0.00000000E+00 +9.38842513E-01 -2.45069283E-01 +0.00000000E+00
 +9.71518417E-01 -2.61407235E-01 +0.00000000E+00 +9.87856369E-01 -2.45069283E-01 +0.00000000E+00
 +9.71518417E-01 -2.28731331E-01 +0.00000000E+00 +9.71518417E-01 -2.45069283E-01 +0.00000000E+00
 +9.87856369E-01 -2.12393379E-01 +0.00000000E+00 +9.71518417E-01 -1.96055427E-01 +0.00000000E+00
 +9.55180465E-01 -2.12393379E-01 +0.00000000E+00 +9.71518417E-01 -2.12393379E-01 +0.00000000E+00
 +9.87856369E-01 -1.79717474E-01 +0.00000000E+00 +9.71518417E-01 -1.63379522E-01 +0.00000000E+00
 +9.55180465E-01 -1.79717474E-01 +0.00000000E+00 +9.71518417E-01 -1.79717474E-01 +0.00000000E+00
 +1.00419432E+00 -1.63379522E-01 +0.00000000E+00 +1.02053227E+00 -1.47041570E-01 +0.00000000E+00
 +1.00419432E+00 -1.30703618E-01 +0.00000000E+00 +9.87856369E-01 -1.47041570E-01 +0.00000000E+00
 +1.00419432E+00 -1.47041570E-01 +0.00000000E+00 +1.02053227E+00 -1.14365666E-01 +0.00000000E+00
 +1.00419432E+00 -9.80277133E-02 +0.00000000E+00 +9.87856369E-01 -1.14365666E-01 +0.00000000E+00
 +1.00419432E+00 -1.14365666E-01 +0.00000000E+00 +1.02053227E+00 -8.16897611E-02 +0.00000000E+00
 +1.00419432E+00 -6.53518089E-02 +0.00000000E+00 +9.87856369E-01 -8.16897611E-02 +0.00000000E+00
 +1.00419432E+00 -8.16897611E-02 +0.00000000E+00 +9.71518417E-01 -9.80277133E-02 +0.00000000E+00
 +9.71518417E-01 -6.53518089E-02 +0.00000000E+00 +9.55180465E-01 -8.16897611E-02 +0.00000000E+00
 +9.71518417E-01 -8.16897611E-02 +0.00000000E+00 +9.87856369E-01 -4.90138566E-02 +0.00000000E+00
 +9.71518417E-01 -3.26759044E-02 +0.00000000E+00 +9.55180465E-01 -4.90138566E-02 +0.00000000E+00
 +9.71518417E-01 -4.90138566E-02 +0.00000000E+00 +9.38842513E-01 -6.53518089E-02 +0.00000000E+00
 +9.38842513E-01 -3.26759044E-02 +0.00000000E+00 +9.22504561E-01 -4.90138566E-02 +0.00000000E+00
 +9.38842513E-01 -4.90138566E-02 +0.00000000E+00 +9.55180465E-01 -1.63379522E-02 +0.00000000E+00
 +9.38842513E-01 +0.00000000E+00 +0.00000000E+00 +9.22504561E-01 -1.63379522E-02 +0.00000000E+00
 +9.38842513E-01 -1.63379522E-02 +0.00000000E+00 +9.06166608E-01 -3.26759044E-02 +0.00000000E+00
 +9.06166608E-01 +0.00000000E+00 +0.00000000E+00 +8.89828656E-01 -1.63379522E-02 +0.00000000E+00
 +9.06166608E-01 -1.63379522E-02 +0.00000000E+00 +9.22504561E-01 +1.63379522E-02 +0.00000000E+00
 +9.06166608E-01 +3.26759044E-02 +0.00000000E+00 +8.89828656E-01 +1.63379522E-02 +0.00000000E+00
 +9.06166608E-01 +1.63379522E-02 +0.00000000E+00 +9.55180465E-01 +1.63379522E-02 +0.00000000E+00
 +9.38842513E-01 +3.26759044E-02 +0.00000000E+00 +9.38842513E-01 +1.63379522E-02 +0.00000000E+00
 +9.55180465E-01 +4.90138566E-02 +0.00000000E+00 +9.38842513E-01 +6.53518089E-02 +0.00000000E+00
 +9.22504561E-01 +4.90138566E-02 +0.00000000E+00 +9.38842513E-01 +4.90138566E-02 +0.00000000E+00
 +9.71518417E-01 +3.26759044E-02 +0.00000000E+00 +9.87856369E-01 +4.90138566E-02 +0.00000000E+00
 +9.71518417E-01 +6.53518089E-02 +0.00000000E+00 +9.71518417E-01 +4.90138566E-02 +0.00000000E+00
 +9.87856369E-01 +8.16897611E-02 +0.00000000E+00 +9.71518417E-01 +9.80277133E-02 +0.00000000E+00
 +9.55180465E-01 +8.16897611E-02 +0.00000000E+00 +9.71518417E-01 +8.16897611E-02 +0.00000000E+00
 +1.00419432E+00 +6.53518089E-02 +0.00000000E+00 +1.02053227E+00 +8.16897611E-02 +0.00000000E+00
 +1.00419432E+00 +9.80277133E-02 +0.00000000E+00 +1.00419432E+00 +8.16897611E-02 +0.00000000E+00
 +1.02053227E+00 +1.14365666E-01 +0.00000000E+00 +1.00419432E+00 +1.30703618E-01 +0.00000000E+00
 +9.87856369E-01 +1.14365666E-01 +0.00000000E+00 +1.00419432E+00 +1.14365666E-01 +0.00000000E+00
 +1.02053227E+00 +1.47041570E-01 +0.00000000E+00 +1.00419432E+00 +1.63379522E-01 +0.00000000E+00
 +9.87856369E-01 +1.47041570E-01 +0.00000000E+00 +1.00419432E+00 +1.47041570E-01 +0.00000000E+00
 +9.71518417E-01 +1.63379522E-01 +0.00000000E+00 +9.87856369E-01 +1.79717474E-01 +0.00000000E+00
 +9.71518417E-01 +1.96055427E-01 +0.00000000E+00 +9.55180465E-01 +1.79717474E-01 +0.00000000E+00
 +9.71518417E-01 +1.79717474E-01 +0.00000000E+00 +9.87856369E-01 +2.12393379E-01 +0.00000000E+00
 +9.71518417E-01 +2.28731331E-01 +0.00000000E+00 +9.55180465E-01 +2.12393379E-01 +0.00000000E+00
 +9.71518417E-01 +2.12393379E-01 +0.00000000E+00 +9.87856369E-01 +2.45069283E-01 +0.00000000E+00
 +9.71518417E-01 +2.61407235E-01 +0.00000000E+00 +9.55180465E-01 +2.45069283E-01 +0.00000000E+00
 +9.71518417E-01 +2.45069283E-01 +0.00000000E+00 +9.38842513E-01 +2.28731331E-01 +0.00000000E+00
 +9.38842513E-01 +2.61407235E-01 +0.00000000E+00 +9.22504561E-01 +2.45069283E-01 +0.00000000E+00
 +9.38842513E-01 +2.45069283E-01 +0.00000000E+00 +9.06166608E-01 +2.28731331E-01 +0.00000000E+00
 +9.06166608E-01 +2.61407235E-01 +0.00000000E+00 +8.89828656E-01 +2.45069283E-01 +0.00000000E+00
 +9.06166608E-01 +2.45069283E-01 +0.00000000E+00 +8.40814800E-01 +1.96055427E-01 +0.00000000E+00
 +8.57152752E-01 +2.12393379E-01 +0.00000000E+00 +8.40814800E-01 +2.28731331E-01 +0.00000000E+00
 +8.24476847E-01 +2.12393379E-01 +0.00000000E+00 +8.40814800E-01 +2.12393379E-01 +0.00000000E+00
 +8.73490704E-01 +2.28731331E-01 +0.00000000E+00 +8.73490704E-01 +2.61407235E-01 +0.00000000E+00
 +8.57152752E-01 +2.45069283E-01 +0.00000000E+00 +8.73490704E-01 +2.45069283E-01 +0.00000000E+00
 +7.75462991E-01 +1.96055427E-01 +0.00000000E+00 +7.91800943E-01 +2.12393379E-01 +0.00000000E+00
 +7.75462991E-01 +2.28731331E-01 +0.00000000E+00 +7.59125038E-01 +2.12393379E-01 +0.00000000E+00
 +7.75462991E-01 +2.12393379E-01 +0.00000000E+00 +8.08138895E-01 +1.96055427E-01 +0.00000000E+00
 +8.08138895E-01 +2.28731331E-01 +0.00000000E+00 +8.08138895E-01 +2.12393379E-01 +0.00000000E+00
 +5.30393707E-01 +1.63379522E-02 +0.00000000E+00 +5.14055755E-01 +3.26759044E-02 +0.00000000E+00
 +4.97717803E-01 +1.63379522E-02 +0.00000000E+00 +5.14055755E-01 +1.63379522E-02 +0.00000000E+00
 +5.30393707E-01 +4.90138566E-02 +0.00000000E+00 +5.14055755E-01 +6.53518089E-02 +0.00000000E+00
 +4.97717803E-01 +4.90138566E-02 +0.00000000E+00 +5.14055755E-01 +4.90138566E-02 +0.00000000E+00
 +5.79407564E-01 +6.53518089E-02 +0.00000000E+00 +5.95745516E-01 +8.16897611E-02 +0.00000000E+00
 +5.79407564E-01 +9.80277133E-02 +0.00000000E+00 +5.63069612E-01 +8.16897611E-02 +0.00000000E+00
 +5.79407564E-01 +8.16897611E-02 +0.00000000E+00 +6.12083469E-01 +6.53518089E-02 +0.00000000E+00
 +6.28421421E-01 +8.16897611E-02 +0.00000000E+00 +6.12083469E-01 +9.80277133E-02 +0.00000000E+00
 +6.12083469E-01 +8.16897611E-02 +0.00000000E+00 +5.30393707E-01 +8.16897611E-02 +0.00000000E+00
 +5.14055755E-01 +9.80277133E-02 +0.00000000E+00 +4.97717803E-01 +8.16897611E-02 +0.00000000E+00
 +5.14055755E-01 +8.16897611E-02 +0.00000000E+00 +5.46731660E-01 +6.53518089E-02 +0.00000000E+00
 +5.46731660E-01 +9.80277133E-02 +0.00000000E+00 +5.46731660E-01 +8.16897611E-02 +0.00000000E+00
 +6.77435277E-01 +3.26759044E-02 +0.00000000E+00 +6.93773230E-01 +4.90138566E-02 +0.00000000E+00
 +6.77435277E-01 +6.53518089E-02 +0.00000000E+00 +6.61097325E-01 +4.90138566E-02 +0.00000000E+00
 +6.77435277E-01 +4.90138566E-02 +0.00000000E+00 +7.26449134E-01 +1.63379522E-02 +0.00000000E+00
 +7.10111182E-01 +3.26759044E-02 +0.00000000E+00 +6.93773230E-01 +1.63379522E-02 +0.00000000E+00
 +7.10111182E-01 +1.63379522E-02 +0.00000000E+00 +6.44759373E-01 +6.53518089E-02 +0.00000000E+00
 +6.61097325E-01 +8.16897611E-02 +0.00000000E+00 +6.44759373E-01 +9.80277133E-02 +0.00000000E+00
 +6.44759373E-01 +8.16897611E-02 +0.00000000E+00 +6.93773230E-01 +8.16897611E-02 +0.00000000E+00
 +6.77435277E-01 +9.80277133E-02 +0.00000000E+00 +6.77435277E-01 +8.16897611E-02 +0.00000000E+00
 +6.77435277E-01 +1.63379522E-01 +0.00000000E+00 +6.93773230E-01 +1.79717474E-01 +0.00000000E+00
 +6.77435277E-01 +1.96055427E-01 +0.00000000E+00 +6.61097325E-01 +1.79717474E-01 +0.00000000E+00
 +6.77435277E-01 +1.79717474E-01 +0.00000000E+00 +6.44759373E-01 +1.63379522E-01 +0.00000000E+00
 +6.44759373E-01 +1.96055427E-01 +0.00000000E+00 +6.28421421E-01 +1.79717474E-01 +0.00000000E+00
 +6.44759373E-01 +1.79717474E-01 +0.00000000E+00 +7.10111182E-01 +1.63379522E-01 +0.00000000E+00
 +7.26449134E-01 +1.79717474E-01 +0.00000000E+00 +7.10111182E-01 +1.96055427E-01 +0.00000000E+00
 +7.10111182E-01 +1.79717474E-01 +0.00000000E+00 +7.42787086E-01 +1.96055427E-01 +0.00000000E+00
 +7.42787086E-01 +2.28731331E-01 +0.00000000E+00 +7.26449134E-01 +2.12393379E-01 +0.00000000E+00
 +7.42787086E-01 +2.12393379E-01 +0.00000000E+00 +5.14055755E-01 +1.30703618E-01 +0.00000000E+00
 +5.30393707E-01 +1.47041570E-01 +0.00000000E+00 +5.14055755E-01 +1.63379522E-01 +0.00000000E+00
 +4.97717803E-01 +1.47041570E-01 +0.00000000E+00 +5.14055755E-01 +1.47041570E-01 +0.00000000E+00
 +5.46731660E-01 +1.30703618E-01 +0.00000000E+00 +5.63069612E-01 +1.47041570E-01 +0.00000000E+00
 +5.46731660E-01 +1.63379522E-01 +0.00000000E+00 +5.46731660E-01 +1.47041570E-01 +0.00000000E+00
 +5.79407564E-01 +1.30703618E-01 +0.00000000E+00 +5.95745516E-01 +1.47041570E-01 +0.00000000E+00
 +5.79407564E-01 +1.63379522E-01 +0.00000000E+00 +5.79407564E-01 +1.47041570E-01 +0.00000000E+00
 +6.12083469E-01 +1.30703618E-01 +0.00000000E+00 +6.28421421E-01 +1.47041570E-01 +0.00000000E+00
 +6.12083469E-01 +1.63379522E-01 +0.00000000E+00 +6.12083469E-01 +1.47041570E-01 +0.00000000E+00
 +6.12083469E-01 +1.96055427E-01 +0.00000000E+00 +5.95745516E-01 +1.79717474E-01 +0.00000000E+00
 +6.12083469E-01 +1.79717474E-01 +0.00000000E+00 +1.38282854E-01 -1.30703618E-01 +0.00000000E+00
 +1.70958759E-01 -9.80277133E-02 +0.00000000E+00 +1.05606950E-01 -9.80277133E-02 +0.00000000E+00
 +1.38282854E-01 -9.80277133E-02 +0.00000000E+00 +2.03634663E-01 -1.30703618E-01 +0.00000000E+00
 +2.03634663E-01 -9.80277133E-02 +0.00000000E+00 +4.65041899E-01 +0.00000000E+00 +0.00000000E+00
 +4.32365994E-01 -3.26759044E-02 +0.00000000E+00 +4.65041899E-01 -3.26759044E-02 +0.00000000E+00
 +3.67014185E-01 -3.26759044E-02 +0.00000000E+00 +3.34338281E-01 +0.00000000E+00 +0.00000000E+00
 +3.01662376E-01 -3.26759044E-02 +0.00000000E+00 +3.34338281E-01 -3.26759044E-02 +0.00000000E+00
 +2.68986472E-01 +0.00000000E+00 +0.00000000E+00 +2.68986472E-01 -3.26759044E-02 +0.00000000E+00
 +3.01662376E-01 +3.26759044E-02 +0.00000000E+00 +2.68986472E-01 +3.26759044E-02 +0.00000000E+00
 +3.67014185E-01 +3.26759044E-02 +0.00000000E+00 +3.34338281E-01 +3.26759044E-02 +0.00000000E+00
 +4.32365994E-01 +3.26759044E-02 +0.00000000E+00 +4.65041899E-01 +3.26759044E-02 +0.00000000E+00
 +2.03634663E-01 +1.30703618E-01 +0.00000000E+00 +1.70958759E-01 +9.80277133E-02 +0.00000000E+00
 +2.03634663E-01 +9.80277133E-02 +0.00000000E+00 +1.38282854E-01 +1.30703618E-01 +0.00000000E+00
 +1.05606950E-01 +9.80277133E-02 +0.00000000E+00 +1.38282854E-01 +9.80277133E-02 +0.00000000E+00
 +5.95745516E-01 -2.61407235E-01 +0.00000000E+00 +6.28421421E-01 -2.28731331E-01 +0.00000000E+00
 +5.63069612E-01 -2.28731331E-01 +0.00000000E+00 +5.95745516E-01 -2.28731331E-01 +0.00000000E+00
 +6.61097325E-01 -2.61407235E-01 +0.00000000E+00 +6.61097325E-01 -2.28731331E-01 +0.00000000E+00
 +7.59125038E-01 -9.80277133E-02 +0.00000000E+00 +7.26449134E-01 -9.80277133E-02 +0.00000000E+00
 +5.95745516E-01 +0.00000000E+00 +0.00000000E+00 +5.95745516E-01 -3.26759044E-02 +0.00000000E+00
 +8.89828656E-01 -1.63379522E-01 +0.00000000E+00 +8.57152752E-01 -1.30703618E-01 +0.00000000E+00
 +8.24476847E-01 -1.63379522E-01 +0.00000000E+00 +8.57152752E-01 -1.63379522E-01 +0.00000000E+00
 +7.91800943E-01 -1.30703618E-01 +0.00000000E+00 +7.91800943E-01 -1.63379522E-01 +0.00000000E+00
 +9.22504561E-01 -1.30703618E-01 +0.00000000E+00 +9.22504561E-01 -1.63379522E-01 +0.00000000E+00
 +8.89828656E-01 -9.80277133E-02 +0.00000000E+00 +9.22504561E-01 -9.80277133E-02 +0.00000000E+00
 +9.22504561E-01 +1.30703618E-01 +0.00000000E+00 +8.89828656E-01 +9.80277133E-02 +0.00000000E+00
 +9.22504561E-01 +9.80277133E-02 +0.00000000E+00 +8.89828656E-01 +1.63379522E-01 +0.00000000E+00
 +9.22504561E-01 +1.63379522E-01 +0.00000000E+00 +7.91800943E-01 +1.30703618E-01 +0.00000000E+00
 +8.24476847E-01 +1.63379522E-01 +0.00000000E+00 +7.91800943E-01 +1.63379522E-01 +0.00000000E+00
 +8.57152752E-01 +1.30703618E-01 +0.00000000E+00 +8.57152752E-01 +1.63379522E-01 +0.00000000E+00
 +5.95745516E-01 +3.26759044E-02 +0.00000000E+00 +7.59125038E-01 +9.80277133E-02 +0.00000000E+00
 +7.26449134E-01 +9.80277133E-02 +0.00000000E+00 +6.61097325E-01 +2.61407235E-01 +0.00000000E+00
 +6.28421421E-01 +2.28731331E-01 +0.00000000E+00 +6.61097325E-01 +2.28731331E-01 +0.00000000E+00
 +5.95745516E-01 +2.61407235E-01 +0.00000000E+00 +5.63069612E-01 +2.28731331E-01 +0.00000000E+00
 +5.95745516E-01 +2.28731331E-01 +0.00000000E+00 +4.65041899E-01 -1.96055427E-01 +0.00000000E+00
 +4.32365994E-01 -1.63379522E-01 +0.00000000E+00 +4.65041899E-01 -1.63379522E-01 +0.00000000E+00
 +3.99690090E-01 -1.96055427E-01 +0.00000000E+00 +3.67014185E-01 -1.63379522E-01 +0.00000000E+00
 +3.99690090E-01 -1.63379522E-01 +0.00000000E+00 +4.32365994E-01 +1.63379522E-01 +0.00000000E+00
 +3.99690090E-01 +1.96055427E-01 +0.00000000E+00 +3.67014185E-01 +1.63379522E-01 +0.00000000E+00
 +3.99690090E-01 +1.63379522E-01 +0.00000000E+00 +4.65041899E-01 +1.96055427E-01 +0.00000000E+00
 +4.65041899E-01 +1.63379522E-01 +0.00000000E+00 +8.57152752E-01 -6.53518089E-02 +0.00000000E+00
 +8.57152752E-01 +0.00000000E+00 +0.00000000E+00 +8.24476847E-01 -3.26759044E-02 +0.00000000E+00
 +8.57152752E-01 -3.26759044E-02 +0.00000000E+00 +8.57152752E-01 +6.53518089E-02 +0.00000000E+00
 +8.24476847E-01 +3.26759044E-02 +0.00000000E+00 +8.57152752E-01 +3.26759044E-02 +0.00000000E+00
 +1.70958759E-01 -2.61407235E-01 +0.00000000E+00 +1.05606950E-01 -1.96055427E-01 +0.00000000E+00
 +1.70958759E-01 -1.96055427E-01 +0.00000000E+00 +1.70958759E-01 +2.61407235E-01 +0.00000000E+00
 +1.05606950E-01 +1.96055427E-01 +0.00000000E+00 +1.70958759E-01 +1.96055427E-01 +0.00000000E+00
 +1.95465687E-01 -6.53518089E-02 +0.00000000E+00 +2.03634663E-01 -5.71828328E-02 +0.00000000E+00
 +1.95465687E-01 -4.90138566E-02 +0.00000000E+00 +1.87296711E-01 -5.71828328E-02 +0.00000000E+00
 +1.95465687E-01 -5.71828328E-02 +0.00000000E+00 +1.79127735E-01 -4.90138566E-02 +0.00000000E+00
 +1.87296711E-01 -4.08448805E-02 +0.00000000E+00 +1.79127735E-01 -3.26759044E-02 +0.00000000E+00
 +1.70958759E-01 -4.08448805E-02 +0.00000000E+00 +1.79127735E-01 -4.08448805E-02 +0.00000000E+00
 +2.11803639E-01 -6.53518089E-02 +0.00000000E+00 +2.19972615E-01 -5.71828328E-02 +0.00000000E+00
 +2.11803639E-01 -4.90138566E-02 +0.00000000E+00 +2.11803639E-01 -5.71828328E-02 +0.00000000E+00
 +2.28141591E-01 -6.53518089E-02 +0.00000000E+00 +2.36310568E-01 -5.71828328E-02 +0.00000000E+00
 +2.28141591E-01 -4.90138566E-02 +0.00000000E+00 +2.28141591E-01 -5.71828328E-02 +0.00000000E+00
 +1.30113878E-01 -4.90138566E-02 +0.00000000E+00 +1.38282854E-01 -4.08448805E-02 +0.00000000E+00
 +1.30113878E-01 -3.26759044E-02 +0.00000000E+00 +1.21944902E-01 -4.08448805E-02 +0.00000000E+00
 +1.30113878E-01 -4.08448805E-02 +0.00000000E+00 +1.62789783E-01 -4.90138566E-02 +0.00000000E+00
 +1.62789783E-01 -3.26759044E-02 +0.00000000E+00 +1.54620806E-01 -4.08448805E-02 +0.00000000E+00
 +1.62789783E-01 -4.08448805E-02 +0.00000000E+00 +1.46451830E-01 -4.90138566E-02 +0.00000000E+00
 +1.46451830E-01 -3.26759044E-02 +0.00000000E+00 +1.46451830E-01 -4.08448805E-02 +0.00000000E+00
 +1.13775926E-01 -3.26759044E-02 +0.00000000E+00 +1.21944902E-01 -2.45069283E-02 +0.00000000E+00
 +1.13775926E-01 -1.63379522E-02 +0.00000000E+00 +1.05606950E-01 -2.45069283E-02 +0.00000000E+00
 +1.13775926E-01 -2.45069283E-02 +0.00000000E+00 +8.11000215E-02 -3.26759044E-02 +0.00000000E+00
 +8.92689976E-02 -2.45069283E-02 +0.00000000E+00 +8.11000215E-02 -1.63379522E-02 +0.00000000E+00
 +7.29310454E-02 -2.45069283E-02 +0.00000000E+00 +8.11000215E-02 -2.45069283E-02 +0.00000000E+00
 +9.74379737E-02 -3.26759044E-02 +0.00000000E+00 +9.74379737E-02 -1.63379522E-02 +0.00000000E+00
 +9.74379737E-02 -2.45069283E-02 +0.00000000E+00 +6.47620693E-02 -3.26759044E-02 +0.00000000E+00
 +6.47620693E-02 -1.63379522E-02 +0.00000000E+00 +5.65930932E-02 -2.45069283E-02 +0.00000000E+00
 +6.47620693E-02 -2.45069283E-02 +0.00000000E+00 +4.84241171E-02 -1.63379522E-02 +0.00000000E+00
 +5.65930932E-02 -8.16897611E-03 +0.00000000E+00 +4.84241171E-02 +0.00000000E+00 +0.00000000E+00
 +4.02551410E-02 -8.16897611E-03 +0.00000000E+00 +4.84241171E-02 -8.16897611E-03 +0.00000000E+00
 +3.20861649E-02 -1.63379522E-02 +0.00000000E+00 +3.20861649E-02 +0.00000000E+00 +0.00000000E+00
 +2.39171887E-02 -8.16897611E-03 +0.00000000E+00 +3.20861649E-02 -8.16897611E-03 +0.00000000E+00
 +1.57482126E-02 -1.63379522E-02 +0.00000000E+00 +1.57482126E-02 +0.00000000E+00 +0.00000000E+00
 +7.57923653E-03 -8.16897611E-03 +0.00000000E+00 +1.57482126E-02 -8.16897611E-03 +0.00000000E+00
 +3.91521114E-01 -1.14365666E-01 +0.00000000E+00 +3.99690090E-01 -1.06196689E-01 +0.00000000E+00
 +3.91521114E-01 -9.80277133E-02 +0.00000000E+00 +3.83352137E-01 -1.06196689E-01 +0.00000000E+00
 +3.91521114E-01 -1.06196689E-01 +0.00000000E+00 +3.75183161E-01 -1.14365666E-01 +0.00000000E+00
 +3.75183161E-01 -9.80277133E-02 +0.00000000E+00 +3.67014185E-01 -1.06196689E-01 +0.00000000E+00
 +3.75183161E-01 -1.06196689E-01 +0.00000000E+00 +4.24197018E-01 -1.30703618E-01 +0.00000000E+00
 +4.32365994E-01 -1.22534642E-01 +0.00000000E+00 +4.24197018E-01 -1.14365666E-01 +0.00000000E+00
 +4.16028042E-01 -1.22534642E-01 +0.00000000E+00 +4.24197018E-01 -1.22534642E-01 +0.00000000E+00
 +4.32365994E-01 -1.06196689E-01 +0.00000000E+00 +4.24197018E-01 -9.80277133E-02 +0.00000000E+00
 +4.16028042E-01 -1.06196689E-01 +0.00000000E+00 +4.24197018E-01 -1.06196689E-01 +0.00000000E+00
 +4.07859066E-01 -1.14365666E-01 +0.00000000E+00 +4.07859066E-01 -9.80277133E-02 +0.00000000E+00
 +4.07859066E-01 -1.06196689E-01 +0.00000000E+00 +4.40534970E-01 -1.30703618E-01 +0.00000000E+00
 +4.48703946E-01 -1.22534642E-01 +0.00000000E+00 +4.40534970E-01 -1.14365666E-01 +0.00000000E+00
 +4.40534970E-01 -1.22534642E-01 +0.00000000E+00 +4.56872922E-01 -1.30703618E-01 +0.00000000E+00
 +4.65041899E-01 -1.22534642E-01 +0.00000000E+00 +4.56872922E-01 -1.14365666E-01 +0.00000000E+00
 +4.56872922E-01 -1.22534642E-01 +0.00000000E+00 +4.73210875E-01 -1.30703618E-01 +0.00000000E+00
 +4.81379851E-01 -1.22534642E-01 +0.00000000E+00 +4.73210875E-01 -1.14365666E-01 +0.00000000E+00
 +4.73210875E-01 -1.22534642E-01 +0.00000000E+00 +4.89548827E-01 -1.30703618E-01 +0.00000000E+00
 +4.97717803E-01 -1.22534642E-01 +0.00000000E+00 +4.89548827E-01 -1.14365666E-01 +0.00000000E+00
 +4.89548827E-01 -1.22534642E-01 +0.00000000E+00 +2.93493400E-01 -8.16897611E-02 +0.00000000E+00
 +3.01662376E-01 -7.35207850E-02 +0.00000000E+00 +2.93493400E-01 -6.53518089E-02 +0.00000000E+00
 +2.85324424E-01 -7.35207850E-02 +0.00000000E+00 +2.93493400E-01 -7.35207850E-02 +0.00000000E+00
 +2.77155448E-01 -8.16897611E-02 +0.00000000E+00 +2.77155448E-01 -6.53518089E-02 +0.00000000E+00
 +2.68986472E-01 -7.35207850E-02 +0.00000000E+00 +2.77155448E-01 -7.35207850E-02 +0.00000000E+00
 +2.60817496E-01 -8.16897611E-02 +0.00000000E+00 +2.60817496E-01 -6.53518089E-02 +0.00000000E+00
 +2.52648520E-01 -7.35207850E-02 +0.00000000E+00 +2.60817496E-01 -7.35207850E-02 +0.00000000E+00
 +2.44479544E-01 -8.16897611E-02 +0.00000000E+00 +2.44479544E-01 -6.53518089E-02 +0.00000000E+00
 +2.36310568E-01 -7.35207850E-02 +0.00000000E+00 +2.44479544E-01 -7.35207850E-02 +0.00000000E+00
 +3.42507257E-01 -9.80277133E-02 +0.00000000E+00 +3.50676233E-01 -8.98587372E-02 +0.00000000E+00
 +3.42507257E-01 -8.16897611E-02 +0.00000000E+00 +3.34338281E-01 -8.98587372E-02 +0.00000000E+00
 +3.42507257E-01 -8.98587372E-02 +0.00000000E+00 +3.58845209E-01 -9.80277133E-02 +0.00000000E+00
 +3.67014185E-01 -8.98587372E-02 +0.00000000E+00 +3.58845209E-01 -8.16897611E-02 +0.00000000E+00
 +3.58845209E-01 -8.98587372E-02 +0.00000000E+00 +3.09831353E-01 -9.80277133E-02 +0.00000000E+00
 +3.18000329E-01 -8.98587372E-02 +0.00000000E+00 +3.09831353E-01 -8.16897611E-02 +0.00000000E+00
 +3.01662376E-01 -8.98587372E-02 +0.00000000E+00 +3.09831353E-01 -8.98587372E-02 +0.00000000E+00
 +3.26169305E-01 -9.80277133E-02 +0.00000000E+00 +3.26169305E-01 -8.16897611E-02 +0.00000000E+00
 +3.26169305E-01 -8.98587372E-02 +0.00000000E+00 +3.26169305E-01 +8.16897611E-02 +0.00000000E+00
 +3.34338281E-01 +8.98587372E-02 +0.00000000E+00 +3.26169305E-01 +9.80277133E-02 +0.00000000E+00
 +3.18000329E-01 +8.98587372E-02 +0.00000000E+00 +3.26169305E-01 +8.98587372E-02 +0.00000000E+00
 +3.09831353E-01 +8.16897611E-02 +0.00000000E+00 +3.09831353E-01 +9.80277133E-02 +0.00000000E+00
 +3.01662376E-01 +8.98587372E-02 +0.00000000E+00 +3.09831353E-01 +8.98587372E-02 +0.00000000E+00
 +3.58845209E-01 +8.16897611E-02 +0.00000000E+00 +3.67014185E-01 +8.98587372E-02 +0.00000000E+00
 +3.58845209E-01 +9.80277133E-02 +0.00000000E+00 +3.50676233E-01 +8.98587372E-02 +0.00000000E+00
 +3.58845209E-01 +8.98587372E-02 +0.00000000E+00 +3.42507257E-01 +8.16897611E-02 +0.00000000E+00
 +3.42507257E-01 +9.80277133E-02 +0.00000000E+00 +3.42507257E-01 +8.98587372E-02 +0.00000000E+00
 +2.44479544E-01 +6.53518089E-02 +0.00000000E+00 +2.52648520E-01 +7.35207850E-02 +0.00000000E+00
 +2.44479544E-01 +8.16897611E-02 +0.00000000E+00 +2.36310568E-01 +7.35207850E-02 +0.00000000E+00
 +2.44479544E-01 +7.35207850E-02 +0.00000000E+00 +2.60817496E-01 +6.53518089E-02 +0.00000000E+00
 +2.68986472E-01 +7.35207850E-02 +0.00000000E+00 +2.60817496E-01 +8.16897611E-02 +0.00000000E+00
 +2.60817496E-01 +7.35207850E-02 +0.00000000E+00 +2.77155448E-01 +6.53518089E-02 +0.00000000E+00
 +2.85324424E-01 +7.35207850E-02 +0.00000000E+00 +2.77155448E-01 +8.16897611E-02 +0.00000000E+00
 +2.77155448E-01 +7.35207850E-02 +0.00000000E+00 +2.93493400E-01 +6.53518089E-02 +0.00000000E+00
 +3.01662376E-01 +7.35207850E-02 +0.00000000E+00 +2.93493400E-01 +8.16897611E-02 +0.00000000E+00
 +2.93493400E-01 +7.35207850E-02 +0.00000000E+00 +4.89548827E-01 +1.14365666E-01 +0.00000000E+00
 +4.97717803E-01 +1.22534642E-01 +0.00000000E+00 +4.89548827E-01 +1.30703618E-01 +0.00000000E+00
 +4.81379851E-01 +1.22534642E-01 +0.00000000E+00 +4.89548827E-01 +1.22534642E-01 +0.00000000E+00
 +4.73210875E-01 +1.14365666E-01 +0.00000000E+00 +4.73210875E-01 +1.30703618E-01 +0.00000000E+00
 +4.65041899E-01 +1.22534642E-01 +0.00000000E+00 +4.73210875E-01 +1.22534642E-01 +0.00000000E+00
 +4.56872922E-01 +1.14365666E-01 +0.00000000E+00 +4.56872922E-01 +1.30703618E-01 +0.00000000E+00
 +4.48703946E-01 +1.22534642E-01 +0.00000000E+00 +4.56872922E-01 +1.22534642E-01 +0.00000000E+00
 +4.40534970E-01 +1.14365666E-01 +0.00000000E+00 +4.40534970E-01 +1.30703618E-01 +0.00000000E+00
 +4.32365994E-01 +1.22534642E-01 +0.00000000E+00 +4.40534970E-01 +1.22534642E-01 +0.00000000E+00
 +4.07859066E-01 +9.80277133E-02 +0.00000000E+00 +4.16028042E-01 +1.06196689E-01 +0.00000000E+00
 +4.07859066E-01 +1.14365666E-01 +0.00000000E+00 +3.99690090E-01 +1.06196689E-01 +0.00000000E+00
 +4.07859066E-01 +1.06196689E-01 +0.00000000E+00 +4.24197018E-01 +9.80277133E-02 +0.00000000E+00
 +4.32365994E-01 +1.06196689E-01 +0.00000000E+00 +4.24197018E-01 +1.14365666E-01 +0.00000000E+00
 +4.24197018E-01 +1.06196689E-01 +0.00000000E+00 +4.24197018E-01 +1.30703618E-01 +0.00000000E+00
 +4.16028042E-01 +1.22534642E-01 +0.00000000E+00 +4.24197018E-01 +1.22534642E-01 +0.00000000E+00
 +3.75183161E-01 +9.80277133E-02 +0.00000000E+00 +3.83352137E-01 +1.06196689E-01 +0.00000000E+00
 +3.75183161E-01 +1.14365666E-01 +0.00000000E+00 +3.67014185E-01 +1.06196689E-01 +0.00000000E+00
 +3.75183161E-01 +1.06196689E-01 +0.00000000E+00 +3.91521114E-01 +9.80277133E-02 +0.00000000E+00
 +3.91521114E-01 +1.14365666E-01 +0.00000000E+00 +3.91521114E-01 +1.06196689E-01 +0.00000000E+00
 +2.39171887E-02 +8.16897611E-03 +0.00000000E+00 +1.57482126E-02 +1.63379522E-02 +0.00000000E+00
 +7.57923653E-03 +8.16897611E-03 +0.00000000E+00 +1.57482126E-02 +8.16897611E-03 +0.00000000E+00
 +4.02551410E-02 +8.16897611E-03 +0.00000000E+00 +3.20861649E-02 +1.63379522E-02 +0.00000000E+00
 +3.20861649E-02 +8.16897611E-03 +0.00000000E+00 +5.65930932E-02 +8.16897611E-03 +0.00000000E+00
 +4.84241171E-02 +1.63379522E-02 +0.00000000E+00 +4.84241171E-02 +8.16897611E-03 +0.00000000E+00
 +6.47620693E-02 +1.63379522E-02 +0.00000000E+00 +7.29310454E-02 +2.45069283E-02 +0.00000000E+00
 +6.47620693E-02 +3.26759044E-02 +0.00000000E+00 +5.65930932E-02 +2.45069283E-02 +0.00000000E+00
 +6.47620693E-02 +2.45069283E-02 +0.00000000E+00 +9.74379737E-02 +1.63379522E-02 +0.00000000E+00
 +1.05606950E-01 +2.45069283E-02 +0.00000000E+00 +9.74379737E-02 +3.26759044E-02 +0.00000000E+00
 +8.92689976E-02 +2.45069283E-02 +0.00000000E+00 +9.74379737E-02 +2.45069283E-02 +0.00000000E+00
 +8.11000215E-02 +1.63379522E-02 +0.00000000E+00 +8.11000215E-02 +3.26759044E-02 +0.00000000E+00
 +8.11000215E-02 +2.45069283E-02 +0.00000000E+00 +1.13775926E-01 +1.63379522E-02 +0.00000000E+00
 +1.21944902E-01 +2.45069283E-02 +0.00000000E+00 +1.13775926E-01 +3.26759044E-02 +0.00000000E+00
 +1.13775926E-01 +2.45069283E-02 +0.00000000E+00 +1.46451830E-01 +3.26759044E-02 +0.00000000E+00
 +1.54620806E-01 +4.08448805E-02 +0.00000000E+00 +1.46451830E-01 +4.90138566E-02 +0.00000000E+00
 +1.38282854E-01 +4.08448805E-02 +0.00000000E+00 +1.46451830E-01 +4.08448805E-02 +0.00000000E+00
 +1.62789783E-01 +3.26759044E-02 +0.00000000E+00 +1.70958759E-01 +4.08448805E-02 +0.00000000E+00
 +1.62789783E-01 +4.90138566E-02 +0.00000000E+00 +1.62789783E-01 +4.08448805E-02 +0.00000000E+00
 +1.30113878E-01 +3.26759044E-02 +0.00000000E+00 +1.30113878E-01 +4.90138566E-02 +0.00000000E+00
 +1.21944902E-01 +4.08448805E-02 +0.00000000E+00 +1.30113878E-01 +4.08448805E-02 +0.00000000E+00
 +2.28141591E-01 +4.90138566E-02 +0.00000000E+00 +2.36310568E-01 +5.71828328E-02 +0.00000000E+00
 +2.28141591E-01 +6.53518089E-02 +0.00000000E+00 +2.19972615E-01 +5.71828328E-02 +0.00000000E+00
 +2.28141591E-01 +5.71828328E-02 +0.00000000E+00 +2.11803639E-01 +4.90138566E-02 +0.00000000E+00
 +2.11803639E-01 +6.53518089E-02 +0.00000000E+00 +2.03634663E-01 +5.71828328E-02 +0.00000000E+00
 +2.11803639E-01 +5.71828328E-02 +0.00000000E+00 +1.79127735E-01 +3.26759044E-02 +0.00000000E+00
 +1.87296711E-01 +4.08448805E-02 +0.00000000E+00 +1.79127735E-01 +4.90138566E-02 +0.00000000E+00
 +1.79127735E-01 +4.08448805E-02 +0.00000000E+00 +1.95465687E-01 +4.90138566E-02 +0.00000000E+00
 +1.95465687E-01 +6.53518089E-02 +0.00000000E+00 +1.87296711E-01 +5.71828328E-02 +0.00000000E+00
 +1.95465687E-01 +5.71828328E-02 +0.00000000E+00 +6.20252445E-01 -1.79717474E-01 +0.00000000E+00
 +6.28421421E-01 -1.71548498E-01 +0.00000000E+00 +6.20252445E-01 -1.63379522E-01 +0.00000000E+00
 +6.12083469E-01 -1.71548498E-01 +0.00000000E+00 +6.20252445E-01 -1.71548498E-01 +0.00000000E+00
 +6.03914492E-01 -1.63379522E-01 +0.00000000E+00 +6.12083469E-01 -1.55210546E-01 +0.00000000E+00
 +6.03914492E-01 -1.47041570E-01 +0.00000000E+00 +5.95745516E-01 -1.55210546E-01 +0.00000000E+00
 +6.03914492E-01 -1.55210546E-01 +0.00000000E+00 +5.71238588E-01 -1.63379522E-01 +0.00000000E+00
 +5.79407564E-01 -1.55210546E-01 +0.00000000E+00 +5.71238588E-01 -1.47041570E-01 +0.00000000E+00
 +5.63069612E-01 -1.55210546E-01 +0.00000000E+00 +5.71238588E-01 -1.55210546E-01 +0.00000000E+00
 +5.87576540E-01 -1.63379522E-01 +0.00000000E+00 +5.87576540E-01 -1.47041570E-01 +0.00000000E+00
 +5.87576540E-01 -1.55210546E-01 +0.00000000E+00 +5.54900636E-01 -1.63379522E-01 +0.00000000E+00
 +5.54900636E-01 -1.47041570E-01 +0.00000000E+00 +5.46731660E-01 -1.55210546E-01 +0.00000000E+00
 +5.54900636E-01 -1.55210546E-01 +0.00000000E+00 +5.38562684E-01 -1.47041570E-01 +0.00000000E+00
 +5.46731660E-01 -1.38872594E-01 +0.00000000E+00 +5.38562684E-01 -1.30703618E-01 +0.00000000E+00
 +5.30393707E-01 -1.38872594E-01 +0.00000000E+00 +5.38562684E-01 -1.38872594E-01 +0.00000000E+00
 +5.22224731E-01 -1.47041570E-01 +0.00000000E+00 +5.22224731E-01 -1.30703618E-01 +0.00000000E+00
 +5.14055755E-01 -1.38872594E-01 +0.00000000E+00 +5.22224731E-01 -1.38872594E-01 +0.00000000E+00
 +5.05886779E-01 -1.47041570E-01 +0.00000000E+00 +5.05886779E-01 -1.30703618E-01 +0.00000000E+00
 +4.97717803E-01 -1.38872594E-01 +0.00000000E+00 +5.05886779E-01 -1.38872594E-01 +0.00000000E+00
 +7.50956062E-01 -2.12393379E-01 +0.00000000E+00 +7.59125038E-01 -2.04224403E-01 +0.00000000E+00
 +7.50956062E-01 -1.96055427E-01 +0.00000000E+00 +7.42787086E-01 -2.04224403E-01 +0.00000000E+00
 +7.50956062E-01 -2.04224403E-01 +0.00000000E+00 +7.34618110E-01 -2.12393379E-01 +0.00000000E+00
 +7.34618110E-01 -1.96055427E-01 +0.00000000E+00 +7.26449134E-01 -2.04224403E-01 +0.00000000E+00
 +7.34618110E-01 -2.04224403E-01 +0.00000000E+00 +7.01942206E-01 -1.96055427E-01 +0.00000000E+00
 +7.10111182E-01 -1.87886450E-01 +0.00000000E+00 +7.01942206E-01 -1.79717474E-01 +0.00000000E+00
 +6.93773230E-01 -1.87886450E-01 +0.00000000E+00 +7.01942206E-01 -1.87886450E-01 +0.00000000E+00
 +7.18280158E-01 -1.96055427E-01 +0.00000000E+00 +7.26449134E-01 -1.87886450E-01 +0.00000000E+00
 +7.18280158E-01 -1.79717474E-01 +0.00000000E+00 +7.18280158E-01 -1.87886450E-01 +0.00000000E+00
 +6.52928349E-01 -1.79717474E-01 +0.00000000E+00 +6.61097325E-01 -1.71548498E-01 +0.00000000E+00
 +6.52928349E-01 -1.63379522E-01 +0.00000000E+00 +6.44759373E-01 -1.71548498E-01 +0.00000000E+00
 +6.52928349E-01 -1.71548498E-01 +0.00000000E+00 +6.36590397E-01 -1.79717474E-01 +0.00000000E+00
 +6.36590397E-01 -1.63379522E-01 +0.00000000E+00 +6.36590397E-01 -1.71548498E-01 +0.00000000E+00
 +6.69266301E-01 -1.96055427E-01 +0.00000000E+00 +6.77435277E-01 -1.87886450E-01 +0.00000000E+00
 +6.69266301E-01 -1.79717474E-01 +0.00000000E+00 +6.61097325E-01 -1.87886450E-01 +0.00000000E+00
 +6.69266301E-01 -1.87886450E-01 +0.00000000E+00 +6.85604253E-01 -1.96055427E-01 +0.00000000E+00
 +6.85604253E-01 -1.79717474E-01 +0.00000000E+00 +6.85604253E-01 -1.87886450E-01 +0.00000000E+00
 +6.77435277E-01 -1.71548498E-01 +0.00000000E+00 +6.69266301E-01 -1.63379522E-01 +0.00000000E+00
 +6.69266301E-01 -1.71548498E-01 +0.00000000E+00 +6.69266301E-01 -8.16897611E-02 +0.00000000E+00
 +6.77435277E-01 -7.35207850E-02 +0.00000000E+00 +6.69266301E-01 -6.53518089E-02 +0.00000000E+00
 +6.61097325E-01 -7.35207850E-02 +0.00000000E+00 +6.69266301E-01 -7.35207850E-02 +0.00000000E+00
 +6.36590397E-01 -9.80277133E-02 +0.00000000E+00 +6.44759373E-01 -8.98587372E-02 +0.00000000E+00
 +6.36590397E-01 -8.16897611E-02 +0.00000000E+00 +6.28421421E-01 -8.98587372E-02 +0.00000000E+00
 +6.36590397E-01 -8.98587372E-02 +0.00000000E+00 +6.52928349E-01 -9.80277133E-02 +0.00000000E+00
 +6.61097325E-01 -8.98587372E-02 +0.00000000E+00 +6.52928349E-01 -8.16897611E-02 +0.00000000E+00
 +6.52928349E-01 -8.98587372E-02 +0.00000000E+00 +6.52928349E-01 -6.53518089E-02 +0.00000000E+00
 +6.44759373E-01 -7.35207850E-02 +0.00000000E+00 +6.52928349E-01 -7.35207850E-02 +0.00000000E+00
 +7.01942206E-01 -3.26759044E-02 +0.00000000E+00 +7.10111182E-01 -2.45069283E-02 +0.00000000E+00
 +7.01942206E-01 -1.63379522E-02 +0.00000000E+00 +6.93773230E-01 -2.45069283E-02 +0.00000000E+00
 +7.01942206E-01 -2.45069283E-02 +0.00000000E+00 +7.10111182E-01 -8.16897611E-03 +0.00000000E+00
 +7.01942206E-01 +0.00000000E+00 +0.00000000E+00 +6.93773230E-01 -8.16897611E-03 +0.00000000E+00
 +7.01942206E-01 -8.16897611E-03 +0.00000000E+00 +6.77435277E-01 -5.71828328E-02 +0.00000000E+00
 +6.69266301E-01 -4.90138566E-02 +0.00000000E+00 +6.61097325E-01 -5.71828328E-02 +0.00000000E+00
 +6.69266301E-01 -5.71828328E-02 +0.00000000E+00 +6.85604253E-01 -6.53518089E-02 +0.00000000E+00
 +6.93773230E-01 -5.71828328E-02 +0.00000000E+00 +6.85604253E-01 -4.90138566E-02 +0.00000000E+00
 +6.85604253E-01 -5.71828328E-02 +0.00000000E+00 +6.93773230E-01 -4.08448805E-02 +0.00000000E+00
 +6.85604253E-01 -3.26759044E-02 +0.00000000E+00 +6.77435277E-01 -4.08448805E-02 +0.00000000E+00
 +6.85604253E-01 -4.08448805E-02 +0.00000000E+00 +5.38562684E-01 -9.80277133E-02 +0.00000000E+00
 +5.46731660E-01 -8.98587372E-02 +0.00000000E+00 +5.38562684E-01 -8.16897611E-02 +0.00000000E+00
 +5.30393707E-01 -8.98587372E-02 +0.00000000E+00 +5.38562684E-01 -8.98587372E-02 +0.00000000E+00
 +5.54900636E-01 -9.80277133E-02 +0.00000000E+00 +5.63069612E-01 -8.98587372E-02 +0.00000000E+00
 +5.54900636E-01 -8.16897611E-02 +0.00000000E+00 +5.54900636E-01 -8.98587372E-02 +0.00000000E+00
 +5.46731660E-01 -7.35207850E-02 +0.00000000E+00 +5.38562684E-01 -6.53518089E-02 +0.00000000E+00
 +5.30393707E-01 -7.35207850E-02 +0.00000000E+00 +5.38562684E-01 -7.35207850E-02 +0.00000000E+00
 +5.22224731E-01 -8.16897611E-02 +0.00000000E+00 +5.22224731E-01 -6.53518089E-02 +0.00000000E+00
 +5.14055755E-01 -7.35207850E-02 +0.00000000E+00 +5.22224731E-01 -7.35207850E-02 +0.00000000E+00
 +5.71238588E-01 -9.80277133E-02 +0.00000000E+00 +5.79407564E-01 -8.98587372E-02 +0.00000000E+00
 +5.71238588E-01 -8.16897611E-02 +0.00000000E+00 +5.71238588E-01 -8.98587372E-02 +0.00000000E+00
 +5.30393707E-01 -5.71828328E-02 +0.00000000E+00 +5.22224731E-01 -4.90138566E-02 +0.00000000E+00
 +5.14055755E-01 -5.71828328E-02 +0.00000000E+00 +5.22224731E-01 -5.71828328E-02 +0.00000000E+00
 +5.05886779E-01 -4.90138566E-02 +0.00000000E+00 +5.14055755E-01 -4.08448805E-02 +0.00000000E+00
 +5.05886779E-01 -3.26759044E-02 +0.00000000E+00 +4.97717803E-01 -4.08448805E-02 +0.00000000E+00
 +5.05886779E-01 -4.08448805E-02 +0.00000000E+00 +5.14055755E-01 -2.45069283E-02 +0.00000000E+00
 +5.05886779E-01 -1.63379522E-02 +0.00000000E+00 +4.97717803E-01 -2.45069283E-02 +0.00000000E+00
 +5.05886779E-01 -2.45069283E-02 +0.00000000E+00 +5.14055755E-01 -8.16897611E-03 +0.00000000E+00
 +5.05886779E-01 +0.00000000E+00 +0.00000000E+00 +4.97717803E-01 -8.16897611E-03 +0.00000000E+00
 +5.05886779E-01 -8.16897611E-03 +0.00000000E+00 +7.99969919E-01 -2.28731331E-01 +0.00000000E+00
 +8.08138895E-01 -2.20562355E-01 +0.00000000E+00 +7.99969919E-01 -2.12393379E-01 +0.00000000E+00
 +7.91800943E-01 -2.20562355E-01 +0.00000000E+00 +7.99969919E-01 -2.20562355E-01 +0.00000000E+00
 +8.16307871E-01 -2.28731331E-01 +0.00000000E+00 +8.24476847E-01 -2.20562355E-01 +0.00000000E+00
 +8.16307871E-01 -2.12393379E-01 +0.00000000E+00 +8.16307871E-01 -2.20562355E-01 +0.00000000E+00
 +7.83631967E-01 -2.12393379E-01 +0.00000000E+00 +7.91800943E-01 -2.04224403E-01 +0.00000000E+00
 +7.83631967E-01 -1.96055427E-01 +0.00000000E+00 +7.75462991E-01 -2.04224403E-01 +0.00000000E+00
 +7.83631967E-01 -2.04224403E-01 +0.00000000E+00 +7.67294015E-01 -2.12393379E-01 +0.00000000E+00
 +7.67294015E-01 -1.96055427E-01 +0.00000000E+00 +7.67294015E-01 -2.04224403E-01 +0.00000000E+00
 +8.81659680E-01 -2.45069283E-01 +0.00000000E+00 +8.89828656E-01 -2.36900307E-01 +0.00000000E+00
 +8.81659680E-01 -2.28731331E-01 +0.00000000E+00 +8.73490704E-01 -2.36900307E-01 +0.00000000E+00
 +8.81659680E-01 -2.36900307E-01 +0.00000000E+00 +8.65321728E-01 -2.45069283E-01 +0.00000000E+00
 +8.65321728E-01 -2.28731331E-01 +0.00000000E+00 +8.57152752E-01 -2.36900307E-01 +0.00000000E+00
 +8.65321728E-01 -2.36900307E-01 +0.00000000E+00 +8.32645823E-01 -2.28731331E-01 +0.00000000E+00
 +8.40814800E-01 -2.20562355E-01 +0.00000000E+00 +8.32645823E-01 -2.12393379E-01 +0.00000000E+00
 +8.32645823E-01 -2.20562355E-01 +0.00000000E+00 +8.48983776E-01 -2.28731331E-01 +0.00000000E+00
 +8.57152752E-01 -2.20562355E-01 +0.00000000E+00 +8.48983776E-01 -2.12393379E-01 +0.00000000E+00
 +8.48983776E-01 -2.20562355E-01 +0.00000000E+00 +9.14335584E-01 -2.61407235E-01 +0.00000000E+00
 +9.22504561E-01 -2.53238259E-01 +0.00000000E+00 +9.14335584E-01 -2.45069283E-01 +0.00000000E+00
 +9.06166608E-01 -2.53238259E-01 +0.00000000E+00 +9.14335584E-01 -2.53238259E-01 +0.00000000E+00
 +9.22504561E-01 -2.36900307E-01 +0.00000000E+00 +9.14335584E-01 -2.28731331E-01 +0.00000000E+00
 +9.06166608E-01 -2.36900307E-01 +0.00000000E+00 +9.14335584E-01 -2.36900307E-01 +0.00000000E+00
 +8.97997632E-01 -2.45069283E-01 +0.00000000E+00 +8.97997632E-01 -2.28731331E-01 +0.00000000E+00
 +8.97997632E-01 -2.36900307E-01 +0.00000000E+00 +9.30673537E-01 -2.61407235E-01 +0.00000000E+00
 +9.38842513E-01 -2.53238259E-01 +0.00000000E+00 +9.30673537E-01 -2.45069283E-01 +0.00000000E+00
 +9.30673537E-01 -2.53238259E-01 +0.00000000E+00 +9.47011489E-01 -2.61407235E-01 +0.00000000E+00
 +9.55180465E-01 -2.53238259E-01 +0.00000000E+00 +9.47011489E-01 -2.45069283E-01 +0.00000000E+00
 +9.47011489E-01 -2.53238259E-01 +0.00000000E+00 +9.63349441E-01 -2.61407235E-01 +0.00000000E+00
 +9.71518417E-01 -2.53238259E-01 +0.00000000E+00 +9.63349441E-01 -2.45069283E-01 +0.00000000E+00
 +9.63349441E-01 -2.53238259E-01 +0.00000000E+00 +9.79687393E-01 -2.45069283E-01 +0.00000000E+00
 +9.87856369E-01 -2.36900307E-01 +0.00000000E+00 +9.79687393E-01 -2.28731331E-01 +0.00000000E+00
 +9.71518417E-01 -2.36900307E-01 +0.00000000E+00 +9.79687393E-01 -2.36900307E-01 +0.00000000E+00
 +9.63349441E-01 -2.28731331E-01 +0.00000000E+00 +9.55180465E-01 -2.36900307E-01 +0.00000000E+00
 +9.63349441E-01 -2.36900307E-01 +0.00000000E+00 +9.87856369E-01 -2.20562355E-01 +0.00000000E+00
 +9.79687393E-01 -2.12393379E-01 +0.00000000E+00 +9.71518417E-01 -2.20562355E-01 +0.00000000E+00
 +9.79687393E-01 -2.20562355E-01 +0.00000000E+00 +9.87856369E-01 -2.04224403E-01 +0.00000000E+00
 +9.79687393E-01 -1.96055427E-01 +0.00000000E+00 +9.71518417E-01 -2.04224403E-01 +0.00000000E+00
 +9.79687393E-01 -2.04224403E-01 +0.00000000E+00 +9.87856369E-01 -1.87886450E-01 +0.00000000E+00
 +9.79687393E-01 -1.79717474E-01 +0.00000000E+00 +9.71518417E-01 -1.87886450E-01 +0.00000000E+00
 +9.79687393E-01 -1.87886450E-01 +0.00000000E+00 +9.87856369E-01 -1.71548498E-01 +0.00000000E+00
 +9.79687393E-01 -1.63379522E-01 +0.00000000E+00 +9.71518417E-01 -1.71548498E-01 +0.00000000E+00
 +9.79687393E-01 -1.71548498E-01 +0.00000000E+00 +9.96025346E-01 -1.63379522E-01 +0.00000000E+00
 +1.00419432E+00 -1.55210546E-01 +0.00000000E+00 +9.96025346E-01 -1.47041570E-01 +0.00000000E+00
 +9.87856369E-01 -1.55210546E-01 +0.00000000E+00 +9.96025346E-01 -1.55210546E-01 +0.00000000E+00
 +1.00419432E+00 -1.38872594E-01 +0.00000000E+00 +9.96025346E-01 -1.30703618E-01 +0.00000000E+00
 +9.87856369E-01 -1.38872594E-01 +0.00000000E+00 +9.96025346E-01 -1.38872594E-01 +0.00000000E+00
 +1.00419432E+00 -1.22534642E-01 +0.00000000E+00 +9.96025346E-01 -1.14365666E-01 +0.00000000E+00
 +9.87856369E-01 -1.22534642E-01 +0.00000000E+00 +9.96025346E-01 -1.22534642E-01 +0.00000000E+00
 +1.00419432E+00 -1.06196689E-01 +0.00000000E+00 +9.96025346E-01 -9.80277133E-02 +0.00000000E+00
 +9.87856369E-01 -1.06196689E-01 +0.00000000E+00 +9.96025346E-01 -1.06196689E-01 +0.00000000E+00
 +1.00419432E+00 -8.98587372E-02 +0.00000000E+00 +9.96025346E-01 -8.16897611E-02 +0.00000000E+00
 +9.87856369E-01 -8.98587372E-02 +0.00000000E+00 +9.96025346E-01 -8.98587372E-02 +0.00000000E+00
 +9.79687393E-01 -9.80277133E-02 +0.00000000E+00 +9.79687393E-01 -8.16897611E-02 +0.00000000E+00
 +9.71518417E-01 -8.98587372E-02 +0.00000000E+00 +9.79687393E-01 -8.98587372E-02 +0.00000000E+00
 +9.87856369E-01 -7.35207850E-02 +0.00000000E+00 +9.79687393E-01 -6.53518089E-02 +0.00000000E+00
 +9.71518417E-01 -7.35207850E-02 +0.00000000E+00 +9.79687393E-01 -7.35207850E-02 +0.00000000E+00
 +9.63349441E-01 -8.16897611E-02 +0.00000000E+00 +9.63349441E-01 -6.53518089E-02 +0.00000000E+00
 +9.55180465E-01 -7.35207850E-02 +0.00000000E+00 +9.63349441E-01 -7.35207850E-02 +0.00000000E+00
 +9.71518417E-01 -5.71828328E-02 +0.00000000E+00 +9.63349441E-01 -4.90138566E-02 +0.00000000E+00
 +9.55180465E-01 -5.71828328E-02 +0.00000000E+00 +9.63349441E-01 -5.71828328E-02 +0.00000000E+00
 +9.47011489E-01 -6.53518089E-02 +0.00000000E+00 +9.47011489E-01 -4.90138566E-02 +0.00000000E+00
 +9.38842513E-01 -5.71828328E-02 +0.00000000E+00 +9.47011489E-01 -5.71828328E-02 +0.00000000E+00
 +9.55180465E-01 -4.08448805E-02 +0.00000000E+00 +9.47011489E-01 -3.26759044E-02 +0.00000000E+00
 +9.38842513E-01 -4.08448805E-02 +0.00000000E+00 +9.47011489E-01 -4.08448805E-02 +0.00000000E+00
 +9.30673537E-01 -4.90138566E-02 +0.00000000E+00 +9.30673537E-01 -3.26759044E-02 +0.00000000E+00
 +9.22504561E-01 -4.08448805E-02 +0.00000000E+00 +9.30673537E-01 -4.08448805E-02 +0.00000000E+00
 +9.38842513E-01 -2.45069283E-02 +0.00000000E+00 +9.30673537E-01 -1.63379522E-02 +0.00000000E+00
 +9.22504561E-01 -2.45069283E-02 +0.00000000E+00 +9.30673537E-01 -2.45069283E-02 +0.00000000E+00
 +9.14335584E-01 -3.26759044E-02 +0.00000000E+00 +9.14335584E-01 -1.63379522E-02 +0.00000000E+00
 +9.06166608E-01 -2.45069283E-02 +0.00000000E+00 +9.14335584E-01 -2.45069283E-02 +0.00000000E+00
 +9.22504561E-01 -8.16897611E-03 +0.00000000E+00 +9.14335584E-01 +0.00000000E+00 +0.00000000E+00
 +9.06166608E-01 -8.16897611E-03 +0.00000000E+00 +9.14335584E-01 -8.16897611E-03 +0.00000000E+00
 +8.97997632E-01 -1.63379522E-02 +0.00000000E+00 +8.97997632E-01 +0.00000000E+00 +0.00000000E+00
 +8.89828656E-01 -8.16897611E-03 +0.00000000E+00 +8.97997632E-01 -8.16897611E-03 +0.00000000E+00
 +9.06166608E-01 +8.16897611E-03 +0.00000000E+00 +8.97997632E-01 +1.63379522E-02 +0.00000000E+00
 +8.89828656E-01 +8.16897611E-03 +0.00000000E+00 +8.97997632E-01 +8.16897611E-03 +0.00000000E+00
 +9.22504561E-01 +8.16897611E-03 +0.00000000E+00 +9.14335584E-01 +1.63379522E-02 +0.00000000E+00
 +9.14335584E-01 +8.16897611E-03 +0.00000000E+00 +9.22504561E-01 +2.45069283E-02 +0.00000000E+00
 +9.14335584E-01 +3.26759044E-02 +0.00000000E+00 +9.06166608E-01 +2.45069283E-02 +0.00000000E+00
 +9.14335584E-01 +2.45069283E-02 +0.00000000E+00 +9.30673537E-01 +1.63379522E-02 +0.00000000E+00
 +9.38842513E-01 +2.45069283E-02 +0.00000000E+00 +9.30673537E-01 +3.26759044E-02 +0.00000000E+00
 +9.30673537E-01 +2.45069283E-02 +0.00000000E+00 +9.38842513E-01 +4.08448805E-02 +0.00000000E+00
 +9.30673537E-01 +4.90138566E-02 +0.00000000E+00 +9.22504561E-01 +4.08448805E-02 +0.00000000E+00
 +9.30673537E-01 +4.08448805E-02 +0.00000000E+00 +9.47011489E-01 +3.26759044E-02 +0.00000000E+00
 +9.55180465E-01 +4.08448805E-02 +0.00000000E+00 +9.47011489E-01 +4.90138566E-02 +0.00000000E+00
 +9.47011489E-01 +4.08448805E-02 +0.00000000E+00 +9.55180465E-01 +5.71828328E-02 +0.00000000E+00
 +9.47011489E-01 +6.53518089E-02 +0.00000000E+00 +9.38842513E-01 +5.71828328E-02 +0.00000000E+00
 +9.47011489E-01 +5.71828328E-02 +0.00000000E+00 +9.63349441E-01 +4.90138566E-02 +0.00000000E+00
 +9.71518417E-01 +5.71828328E-02 +0.00000000E+00 +9.63349441E-01 +6.53518089E-02 +0.00000000E+00
 +9.63349441E-01 +5.71828328E-02 +0.00000000E+00 +9.71518417E-01 +7.35207850E-02 +0.00000000E+00
 +9.63349441E-01 +8.16897611E-02 +0.00000000E+00 +9.55180465E-01 +7.35207850E-02 +0.00000000E+00
 +9.63349441E-01 +7.35207850E-02 +0.00000000E+00 +9.79687393E-01 +6.53518089E-02 +0.00000000E+00
 +9.87856369E-01 +7.35207850E-02 +0.00000000E+00 +9.79687393E-01 +8.16897611E-02 +0.00000000E+00
 +9.79687393E-01 +7.35207850E-02 +0.00000000E+00 +9.87856369E-01 +8.98587372E-02 +0.00000000E+00
 +9.79687393E-01 +9.80277133E-02 +0.00000000E+00 +9.71518417E-01 +8.98587372E-02 +0.00000000E+00
 +9.79687393E-01 +8.98587372E-02 +0.00000000E+00 +9.96025346E-01 +8.16897611E-02 +0.00000000E+00
 +1.00419432E+00 +8.98587372E-02 +0.00000000E+00 +9.96025346E-01 +9.80277133E-02 +0.00000000E+00
 +9.96025346E-01 +8.98587372E-02 +0.00000000E+00 +1.00419432E+00 +1.06196689E-01 +0.00000000E+00
 +9.96025346E-01 +1.14365666E-01 +0.00000000E+00 +9.87856369E-01 +1.06196689E-01 +0.00000000E+00
 +9.96025346E-01 +1.06196689E-01 +0.00000000E+00 +1.00419432E+00 +1.22534642E-01 +0.00000000E+00
 +9.96025346E-01 +1.30703618E-01 +0.00000000E+00 +9.87856369E-01 +1.22534642E-01 +0.00000000E+00
 +9.96025346E-01 +1.22534642E-01 +0.00000000E+00 +1.00419432E+00 +1.38872594E-01 +0.00000000E+00
 +9.96025346E-01 +1.47041570E-01 +0.00000000E+00 +9.87856369E-01 +1.38872594E-01 +0.00000000E+00
 +9.96025346E-01 +1.38872594E-01 +0.00000000E+00 +1.00419432E+00 +1.55210546E-01 +0.00000000E+00
 +9.96025346E-01 +1.63379522E-01 +0.00000000E+00 +9.87856369E-01 +1.55210546E-01 +0.00000000E+00
 +9.96025346E-01 +1.55210546E-01 +0.00000000E+00 +9.79687393E-01 +1.63379522E-01 +0.00000000E+00
 +9.87856369E-01 +1.71548498E-01 +0.00000000E+00 +9.79687393E-01 +1.79717474E-01 +0.00000000E+00
 +9.71518417E-01 +1.71548498E-01 +0.00000000E+00 +9.79687393E-01 +1.71548498E-01 +0.00000000E+00
 +9.87856369E-01 +1.87886450E-01 +0.00000000E+00 +9.79687393E-01 +1.96055427E-01 +0.00000000E+00
 +9.71518417E-01 +1.87886450E-01 +0.00000000E+00 +9.79687393E-01 +1.87886450E-01 +0.00000000E+00
 +9.87856369E-01 +2.04224403E-01 +0.00000000E+00 +9.79687393E-01 +2.12393379E-01 +0.00000000E+00
 +9.71518417E-01 +2.04224403E-01 +0.00000000E+00 +9.79687393E-01 +2.04224403E-01 +0.00000000E+00
 +9.87856369E-01 +2.20562355E-01 +0.00000000E+00 +9.79687393E-01 +2.28731331E-01 +0.00000000E+00
 +9.71518417E-01 +2.20562355E-01 +0.00000000E+00 +9.79687393E-01 +2.20562355E-01 +0.00000000E+00
 +9.63349441E-01 +2.28731331E-01 +0.00000000E+00 +9.71518417E-01 +2.36900307E-01 +0.00000000E+00
 +9.63349441E-01 +2.45069283E-01 +0.00000000E+00 +9.55180465E-01 +2.36900307E-01 +0.00000000E+00
 +9.63349441E-01 +2.36900307E-01 +0.00000000E+00 +9.87856369E-01 +2.36900307E-01 +0.00000000E+00
 +9.79687393E-01 +2.45069283E-01 +0.00000000E+00 +9.79687393E-01 +2.36900307E-01 +0.00000000E+00
 +9.71518417E-01 +2.53238259E-01 +0.00000000E+00 +9.63349441E-01 +2.61407235E-01 +0.00000000E+00
 +9.55180465E-01 +2.53238259E-01 +0.00000000E+00 +9.63349441E-01 +2.53238259E-01 +0.00000000E+00
 +9.47011489E-01 +2.45069283E-01 +0.00000000E+00 +9.47011489E-01 +2.61407235E-01 +0.00000000E+00
 +9.38842513E-01 +2.53238259E-01 +0.00000000E+00 +9.47011489E-01 +2.53238259E-01 +0.00000000E+00
 +9.30673537E-01 +2.45069283E-01 +0.00000000E+00 +9.30673537E-01 +2.61407235E-01 +0.00000000E+00
 +9.22504561E-01 +2.53238259E-01 +0.00000000E+00 +9.30673537E-01 +2.53238259E-01 +0.00000000E+00
 +8.97997632E-01 +2.28731331E-01 +0.00000000E+00 +9.06166608E-01 +2.36900307E-01 +0.00000000E+00
 +8.97997632E-01 +2.45069283E-01 +0.00000000E+00 +8.89828656E-01 +2.36900307E-01 +0.00000000E+00
 +8.97997632E-01 +2.36900307E-01 +0.00000000E+00 +9.14335584E-01 +2.28731331E-01 +0.00000000E+00
 +9.22504561E-01 +2.36900307E-01 +0.00000000E+00 +9.14335584E-01 +2.45069283E-01 +0.00000000E+00
 +9.14335584E-01 +2.36900307E-01 +0.00000000E+00 +9.14335584E-01 +2.61407235E-01 +0.00000000E+00
 +9.06166608E-01 +2.53238259E-01 +0.00000000E+00 +9.14335584E-01 +2.53238259E-01 +0.00000000E+00
 +8.48983776E-01 +2.12393379E-01 +0.00000000E+00 +8.57152752E-01 +2.20562355E-01 +0.00000000E+00
 +8.48983776E-01 +2.28731331E-01 +0.00000000E+00 +8.40814800E-01 +2.20562355E-01 +0.00000000E+00
 +8.48983776E-01 +2.20562355E-01 +0.00000000E+00 +8.32645823E-01 +2.12393379E-01 +0.00000000E+00
 +8.32645823E-01 +2.28731331E-01 +0.00000000E+00 +8.24476847E-01 +2.20562355E-01 +0.00000000E+00
 +8.32645823E-01 +2.20562355E-01 +0.00000000E+00 +8.65321728E-01 +2.28731331E-01 +0.00000000E+00
 +8.73490704E-01 +2.36900307E-01 +0.00000000E+00 +8.65321728E-01 +2.45069283E-01 +0.00000000E+00
 +8.57152752E-01 +2.36900307E-01 +0.00000000E+00 +8.65321728E-01 +2.36900307E-01 +0.00000000E+00
 +8.81659680E-01 +2.28731331E-01 +0.00000000E+00 +8.81659680E-01 +2.45069283E-01 +0.00000000E+00
 +8.81659680E-01 +2.36900307E-01 +0.00000000E+00 +7.67294015E-01 +1.96055427E-01 +0.00000000E+00
 +7.75462991E-01 +2.04224403E-01 +0.00000000E+00 +7.67294015E-01 +2.12393379E-01 +0.00000000E+00
 +7.59125038E-01 +2.04224403E-01 +0.00000000E+00 +7.67294015E-01 +2.04224403E-01 +0.00000000E+00
 +7.83631967E-01 +1.96055427E-01 +0.00000000E+00 +7.91800943E-01 +2.04224403E-01 +0.00000000E+00
 +7.83631967E-01 +2.12393379E-01 +0.00000000E+00 +7.83631967E-01 +2.04224403E-01 +0.00000000E+00
 +8.16307871E-01 +2.12393379E-01 +0.00000000E+00 +8.16307871E-01 +2.28731331E-01 +0.00000000E+00
 +8.08138895E-01 +2.20562355E-01 +0.00000000E+00 +8.16307871E-01 +2.20562355E-01 +0.00000000E+00
 +7.99969919E-01 +2.12393379E-01 +0.00000000E+00 +7.99969919E-01 +2.28731331E-01 +0.00000000E+00
 +7.91800943E-01 +2.20562355E-01 +0.00000000E+00 +7.99969919E-01 +2.20562355E-01 +0.00000000E+00
 +5.14055755E-01 +8.16897611E-03 +0.00000000E+00 +5.05886779E-01 +1.63379522E-02 +0.00000000E+00
 +4.97717803E-01 +8.16897611E-03 +0.00000000E+00 +5.05886779E-01 +8.16897611E-03 +0.00000000E+00
 +5.14055755E-01 +2.45069283E-02 +0.00000000E+00 +5.05886779E-01 +3.26759044E-02 +0.00000000E+00
 +4.97717803E-01 +2.45069283E-02 +0.00000000E+00 +5.05886779E-01 +2.45069283E-02 +0.00000000E+00
 +5.14055755E-01 +4.08448805E-02 +0.00000000E+00 +5.05886779E-01 +4.90138566E-02 +0.00000000E+00
 +4.97717803E-01 +4.08448805E-02 +0.00000000E+00 +5.05886779E-01 +4.08448805E-02 +0.00000000E+00
 +5.22224731E-01 +4.90138566E-02 +0.00000000E+00 +5.30393707E-01 +5.71828328E-02 +0.00000000E+00
 +5.22224731E-01 +6.53518089E-02 +0.00000000E+00 +5.14055755E-01 +5.71828328E-02 +0.00000000E+00
 +5.22224731E-01 +5.71828328E-02 +0.00000000E+00 +5.71238588E-01 +8.16897611E-02 +0.00000000E+00
 +5.79407564E-01 +8.98587372E-02 +0.00000000E+00 +5.71238588E-01 +9.80277133E-02 +0.00000000E+00
 +5.63069612E-01 +8.98587372E-02 +0.00000000E+00 +5.71238588E-01 +8.98587372E-02 +0.00000000E+00
 +6.20252445E-01 +8.16897611E-02 +0.00000000E+00 +6.28421421E-01 +8.98587372E-02 +0.00000000E+00
 +6.20252445E-01 +9.80277133E-02 +0.00000000E+00 +6.12083469E-01 +8.98587372E-02 +0.00000000E+00
 +6.20252445E-01 +8.98587372E-02 +0.00000000E+00 +5.30393707E-01 +7.35207850E-02 +0.00000000E+00
 +5.22224731E-01 +8.16897611E-02 +0.00000000E+00 +5.14055755E-01 +7.35207850E-02 +0.00000000E+00
 +5.22224731E-01 +7.35207850E-02 +0.00000000E+00 +5.38562684E-01 +6.53518089E-02 +0.00000000E+00
 +5.46731660E-01 +7.35207850E-02 +0.00000000E+00 +5.38562684E-01 +8.16897611E-02 +0.00000000E+00
 +5.38562684E-01 +7.35207850E-02 +0.00000000E+00 +5.54900636E-01 +8.16897611E-02 +0.00000000E+00
 +5.54900636E-01 +9.80277133E-02 +0.00000000E+00 +5.46731660E-01 +8.98587372E-02 +0.00000000E+00
 +5.54900636E-01 +8.98587372E-02 +0.00000000E+00 +5.38562684E-01 +9.80277133E-02 +0.00000000E+00
 +5.30393707E-01 +8.98587372E-02 +0.00000000E+00 +5.38562684E-01 +8.98587372E-02 +0.00000000E+00
 +6.85604253E-01 +3.26759044E-02 +0.00000000E+00 +6.93773230E-01 +4.08448805E-02 +0.00000000E+00
 +6.85604253E-01 +4.90138566E-02 +0.00000000E+00 +6.77435277E-01 +4.08448805E-02 +0.00000000E+00
 +6.85604253E-01 +4.08448805E-02 +0.00000000E+00 +6.93773230E-01 +5.71828328E-02 +0.00000000E+00
 +6.85604253E-01 +6.53518089E-02 +0.00000000E+00 +6.77435277E-01 +5.71828328E-02 +0.00000000E+00
 +6.85604253E-01 +5.71828328E-02 +0.00000000E+00 +6.69266301E-01 +4.90138566E-02 +0.00000000E+00
 +6.69266301E-01 +6.53518089E-02 +0.00000000E+00 +6.61097325E-01 +5.71828328E-02 +0.00000000E+00
 +6.69266301E-01 +5.71828328E-02 +0.00000000E+00 +7.10111182E-01 +8.16897611E-03 +0.00000000E+00
 +7.01942206E-01 +1.63379522E-02 +0.00000000E+00 +6.93773230E-01 +8.16897611E-03 +0.00000000E+00
 +7.01942206E-01 +8.16897611E-03 +0.00000000E+00 +7.10111182E-01 +2.45069283E-02 +0.00000000E+00
 +7.01942206E-01 +3.26759044E-02 +0.00000000E+00 +6.93773230E-01 +2.45069283E-02 +0.00000000E+00
 +7.01942206E-01 +2.45069283E-02 +0.00000000E+00 +6.52928349E-01 +6.53518089E-02 +0.00000000E+00
 +6.61097325E-01 +7.35207850E-02 +0.00000000E+00 +6.52928349E-01 +8.16897611E-02 +0.00000000E+00
 +6.44759373E-01 +7.35207850E-02 +0.00000000E+00 +6.52928349E-01 +7.35207850E-02 +0.00000000E+00
 +6.61097325E-01 +8.98587372E-02 +0.00000000E+00 +6.52928349E-01 +9.80277133E-02 +0.00000000E+00
 +6.44759373E-01 +8.98587372E-02 +0.00000000E+00 +6.52928349E-01 +8.98587372E-02 +0.00000000E+00
 +6.36590397E-01 +8.16897611E-02 +0.00000000E+00 +6.36590397E-01 +9.80277133E-02 +0.00000000E+00
 +6.36590397E-01 +8.98587372E-02 +0.00000000E+00 +6.77435277E-01 +7.35207850E-02 +0.00000000E+00
 +6.69266301E-01 +8.16897611E-02 +0.00000000E+00 +6.69266301E-01 +7.35207850E-02 +0.00000000E+00
 +6.69266301E-01 +1.63379522E-01 +0.00000000E+00 +6.77435277E-01 +1.71548498E-01 +0.00000000E+00
 +6.69266301E-01 +1.79717474E-01 +0.00000000E+00 +6.61097325E-01 +1.71548498E-01 +0.00000000E+00
 +6.69266301E-01 +1.71548498E-01 +0.00000000E+00 +6.85604253E-01 +1.79717474E-01 +0.00000000E+00
 +6.93773230E-01 +1.87886450E-01 +0.00000000E+00 +6.85604253E-01 +1.96055427E-01 +0.00000000E+00
 +6.77435277E-01 +1.87886450E-01 +0.00000000E+00 +6.85604253E-01 +1.87886450E-01 +0.00000000E+00
 +6.69266301E-01 +1.96055427E-01 +0.00000000E+00 +6.61097325E-01 +1.87886450E-01 +0.00000000E+00
 +6.69266301E-01 +1.87886450E-01 +0.00000000E+00 +6.36590397E-01 +1.63379522E-01 +0.00000000E+00
 +6.44759373E-01 +1.71548498E-01 +0.00000000E+00 +6.36590397E-01 +1.79717474E-01 +0.00000000E+00
 +6.28421421E-01 +1.71548498E-01 +0.00000000E+00 +6.36590397E-01 +1.71548498E-01 +0.00000000E+00
 +6.52928349E-01 +1.63379522E-01 +0.00000000E+00 +6.52928349E-01 +1.79717474E-01 +0.00000000E+00
 +6.52928349E-01 +1.71548498E-01 +0.00000000E+00 +7.18280158E-01 +1.79717474E-01 +0.00000000E+00
 +7.26449134E-01 +1.87886450E-01 +0.00000000E+00 +7.18280158E-01 +1.96055427E-01 +0.00000000E+00
 +7.10111182E-01 +1.87886450E-01 +0.00000000E+00 +7.18280158E-01 +1.87886450E-01 +0.00000000E+00
 +7.01942206E-01 +1.79717474E-01 +0.00000000E+00 +7.01942206E-01 +1.96055427E-01 +0.00000000E+00
 +7.01942206E-01 +1.87886450E-01 +0.00000000E+00 +7.34618110E-01 +1.96055427E-01 +0.00000000E+00
 +7.42787086E-01 +2.04224403E-01 +0.00000000E+00 +7.34618110E-01 +2.12393379E-01 +0.00000000E+00
 +7.26449134E-01 +2.04224403E-01 +0.00000000E+00 +7.34618110E-01 +2.04224403E-01 +0.00000000E+00
 +7.50956062E-01 +1.96055427E-01 +0.00000000E+00 +7.50956062E-01 +2.12393379E-01 +0.00000000E+00
 +7.50956062E-01 +2.04224403E-01 +0.00000000E+00 +5.05886779E-01 +1.30703618E-01 +0.00000000E+00
 +5.14055755E-01 +1.38872594E-01 +0.00000000E+00 +5.05886779E-01 +1.47041570E-01 +0.00000000E+00
 +4.97717803E-01 +1.38872594E-01 +0.00000000E+00 +5.05886779E-01 +1.38872594E-01 +0.00000000E+00
 +5.22224731E-01 +1.30703618E-01 +0.00000000E+00 +5.30393707E-01 +1.38872594E-01 +0.00000000E+00
 +5.22224731E-01 +1.47041570E-01 +0.00000000E+00 +5.22224731E-01 +1.38872594E-01 +0.00000000E+00
 +5.38562684E-01 +1.30703618E-01 +0.00000000E+00 +5.46731660E-01 +1.38872594E-01 +0.00000000E+00
 +5.38562684E-01 +1.47041570E-01 +0.00000000E+00 +5.38562684E-01 +1.38872594E-01 +0.00000000E+00
 +5.54900636E-01 +1.47041570E-01 +0.00000000E+00 +5.63069612E-01 +1.55210546E-01 +0.00000000E+00
 +5.54900636E-01 +1.63379522E-01 +0.00000000E+00 +5.46731660E-01 +1.55210546E-01 +0.00000000E+00
 +5.54900636E-01 +1.55210546E-01 +0.00000000E+00 +5.87576540E-01 +1.47041570E-01 +0.00000000E+00
 +5.95745516E-01 +1.55210546E-01 +0.00000000E+00 +5.87576540E-01 +1.63379522E-01 +0.00000000E+00
 +5.79407564E-01 +1.55210546E-01 +0.00000000E+00 +5.87576540E-01 +1.55210546E-01 +0.00000000E+00
 +5.71238588E-01 +1.47041570E-01 +0.00000000E+00 +5.71238588E-01 +1.63379522E-01 +0.00000000E+00
 +5.71238588E-01 +1.55210546E-01 +0.00000000E+00 +6.03914492E-01 +1.47041570E-01 +0.00000000E+00
 +6.12083469E-01 +1.55210546E-01 +0.00000000E+00 +6.03914492E-01 +1.63379522E-01 +0.00000000E+00
 +6.03914492E-01 +1.55210546E-01 +0.00000000E+00 +6.20252445E-01 +1.63379522E-01 +0.00000000E+00
 +6.20252445E-01 +1.79717474E-01 +0.00000000E+00 +6.12083469E-01 +1.71548498E-01 +0.00000000E+00
 +6.20252445E-01 +1.71548498E-01 +0.00000000E+00 +2.03634663E-01 -1.63379522E-02 +0.00000000E+00
 +1.87296711E-01 +0.00000000E+00 +0.00000000E+00 +1.70958759E-01 -1.63379522E-02 +0.00000000E+00
 +1.87296711E-01 -1.63379522E-02 +0.00000000E+00 +1.54620806E-01 +0.00000000E+00 +0.00000000E+00
 +1.54620806E-01 -1.63379522E-02 +0.00000000E+00 +5.65930932E-02 -6.53518089E-02 +0.00000000E+00
 +7.29310454E-02 -4.90138566E-02 +0.00000000E+00 +4.02551410E-02 -4.90138566E-02 +0.00000000E+00
 +5.65930932E-02 -4.90138566E-02 +0.00000000E+00 +8.92689976E-02 -6.53518089E-02 +0.00000000E+00
 +8.92689976E-02 -4.90138566E-02 +0.00000000E+00 -8.75871568E-03 -3.26759044E-02 +0.00000000E+00
 -8.75871568E-03 +0.00000000E+00 +0.00000000E+00 -2.50966679E-02 -1.63379522E-02 +0.00000000E+00
 -8.75871568E-03 -1.63379522E-02 +0.00000000E+00 +4.32365994E-01 -8.16897611E-02 +0.00000000E+00
 +4.16028042E-01 -6.53518089E-02 +0.00000000E+00 +3.99690090E-01 -8.16897611E-02 +0.00000000E+00
 +4.16028042E-01 -8.16897611E-02 +0.00000000E+00 +3.83352137E-01 -6.53518089E-02 +0.00000000E+00
 +3.83352137E-01 -8.16897611E-02 +0.00000000E+00 +3.18000329E-01 -1.30703618E-01 +0.00000000E+00
 +3.34338281E-01 -1.14365666E-01 +0.00000000E+00 +3.01662376E-01 -1.14365666E-01 +0.00000000E+00
 +3.18000329E-01 -1.14365666E-01 +0.00000000E+00 +3.50676233E-01 -1.30703618E-01 +0.00000000E+00
 +3.50676233E-01 -1.14365666E-01 +0.00000000E+00 +3.50676233E-01 +1.30703618E-01 +0.00000000E+00
 +3.34338281E-01 +1.14365666E-01 +0.00000000E+00 +3.50676233E-01 +1.14365666E-01 +0.00000000E+00
 +3.18000329E-01 +1.30703618E-01 +0.00000000E+00 +3.01662376E-01 +1.14365666E-01 +0.00000000E+00
 +3.18000329E-01 +1.14365666E-01 +0.00000000E+00 +3.83352137E-01 +6.53518089E-02 +0.00000000E+00
 +3.99690090E-01 +8.16897611E-02 +0.00000000E+00 +3.83352137E-01 +8.16897611E-02 +0.00000000E+00
 +4.16028042E-01 +6.53518089E-02 +0.00000000E+00 +4.32365994E-01 +8.16897611E-02 +0.00000000E+00
 +4.16028042E-01 +8.16897611E-02 +0.00000000E+00 -8.75871568E-03 +3.26759044E-02 +0.00000000E+00
 -2.50966679E-02 +1.63379522E-02 +0.00000000E+00 -8.75871568E-03 +1.63379522E-02 +0.00000000E+00
 +8.92689976E-02 +6.53518089E-02 +0.00000000E+00 +7.29310454E-02 +4.90138566E-02 +0.00000000E+00
 +8.92689976E-02 +4.90138566E-02 +0.00000000E+00 +5.65930932E-02 +6.53518089E-02 +0.00000000E+00
 +4.02551410E-02 +4.90138566E-02 +0.00000000E+00 +5.65930932E-02 +4.90138566E-02 +0.00000000E+00
 +1.70958759E-01 +1.63379522E-02 +0.00000000E+00 +1.54620806E-01 +1.63379522E-02 +0.00000000E+00
 +2.03634663E-01 +1.63379522E-02 +0.00000000E+00 +1.87296711E-01 +1.63379522E-02 +0.00000000E+00
 +5.79407564E-01 -1.96055427E-01 +0.00000000E+00 +5.63069612E-01 -1.79717474E-01 +0.00000000E+00
 +5.79407564E-01 -1.79717474E-01 +0.00000000E+00 +5.46731660E-01 -1.96055427E-01 +0.00000000E+00
 +5.30393707E-01 -1.79717474E-01 +0.00000000E+00 +5.46731660E-01 -1.79717474E-01 +0.00000000E+00
 +7.10111182E-01 -2.28731331E-01 +0.00000000E+00 +6.93773230E-01 -2.12393379E-01 +0.00000000E+00
 +7.10111182E-01 -2.12393379E-01 +0.00000000E+00 +7.59125038E-01 -1.79717474E-01 +0.00000000E+00
 +7.42787086E-01 -1.63379522E-01 +0.00000000E+00 +7.42787086E-01 -1.79717474E-01 +0.00000000E+00
 +6.93773230E-01 -1.47041570E-01 +0.00000000E+00 +6.77435277E-01 -1.30703618E-01 +0.00000000E+00
 +6.61097325E-01 -1.47041570E-01 +0.00000000E+00 +6.77435277E-01 -1.47041570E-01 +0.00000000E+00
 +6.44759373E-01 -1.30703618E-01 +0.00000000E+00 +6.44759373E-01 -1.47041570E-01 +0.00000000E+00
 +6.61097325E-01 -1.14365666E-01 +0.00000000E+00 +6.28421421E-01 -1.14365666E-01 +0.00000000E+00
 +6.44759373E-01 -1.14365666E-01 +0.00000000E+00 +7.10111182E-01 -6.53518089E-02 +0.00000000E+00
 +7.26449134E-01 -4.90138566E-02 +0.00000000E+00 +7.10111182E-01 -4.90138566E-02 +0.00000000E+00
 +6.44759373E-01 -3.26759044E-02 +0.00000000E+00 +6.28421421E-01 -4.90138566E-02 +0.00000000E+00
 +6.44759373E-01 -4.90138566E-02 +0.00000000E+00 +6.77435277E-01 +0.00000000E+00 +0.00000000E+00
 +6.61097325E-01 -1.63379522E-02 +0.00000000E+00 +6.77435277E-01 -1.63379522E-02 +0.00000000E+00
 +5.30393707E-01 -1.14365666E-01 +0.00000000E+00 +5.14055755E-01 -1.14365666E-01 +0.00000000E+00
 +5.63069612E-01 -1.14365666E-01 +0.00000000E+00 +5.46731660E-01 -1.14365666E-01 +0.00000000E+00
 +5.95745516E-01 -1.14365666E-01 +0.00000000E+00 +5.79407564E-01 -1.14365666E-01 +0.00000000E+00
 +6.12083469E-01 -9.80277133E-02 +0.00000000E+00 +6.12083469E-01 -6.53518089E-02 +0.00000000E+00
 +6.12083469E-01 -8.16897611E-02 +0.00000000E+00 +5.63069612E-01 -4.90138566E-02 +0.00000000E+00
 +5.46731660E-01 -3.26759044E-02 +0.00000000E+00 +5.46731660E-01 -4.90138566E-02 +0.00000000E+00
 +8.08138895E-01 -2.61407235E-01 +0.00000000E+00 +8.24476847E-01 -2.45069283E-01 +0.00000000E+00
 +7.91800943E-01 -2.45069283E-01 +0.00000000E+00 +8.08138895E-01 -2.45069283E-01 +0.00000000E+00
 +8.40814800E-01 -2.61407235E-01 +0.00000000E+00 +8.40814800E-01 -2.45069283E-01 +0.00000000E+00
 +8.89828656E-01 -2.12393379E-01 +0.00000000E+00 +8.73490704E-01 -1.96055427E-01 +0.00000000E+00
 +8.73490704E-01 -2.12393379E-01 +0.00000000E+00 +9.22504561E-01 -2.12393379E-01 +0.00000000E+00
 +9.06166608E-01 -1.96055427E-01 +0.00000000E+00 +9.06166608E-01 -2.12393379E-01 +0.00000000E+00
 +1.00419432E+00 -2.61407235E-01 +0.00000000E+00 +1.02053227E+00 -2.45069283E-01 +0.00000000E+00
 +1.00419432E+00 -2.28731331E-01 +0.00000000E+00 +1.00419432E+00 -2.45069283E-01 +0.00000000E+00
 +1.02053227E+00 -2.12393379E-01 +0.00000000E+00 +1.00419432E+00 -1.96055427E-01 +0.00000000E+00
 +1.00419432E+00 -2.12393379E-01 +0.00000000E+00 +1.02053227E+00 -1.79717474E-01 +0.00000000E+00
 +1.00419432E+00 -1.79717474E-01 +0.00000000E+00 +9.71518417E-01 -1.30703618E-01 +0.00000000E+00
 +9.55180465E-01 -1.47041570E-01 +0.00000000E+00 +9.71518417E-01 -1.47041570E-01 +0.00000000E+00
 +9.55180465E-01 -1.14365666E-01 +0.00000000E+00 +9.71518417E-01 -1.14365666E-01 +0.00000000E+00
 +9.06166608E-01 -6.53518089E-02 +0.00000000E+00 +8.89828656E-01 -4.90138566E-02 +0.00000000E+00
 +9.06166608E-01 -4.90138566E-02 +0.00000000E+00 +9.06166608E-01 +6.53518089E-02 +0.00000000E+00
 +8.89828656E-01 +4.90138566E-02 +0.00000000E+00 +9.06166608E-01 +4.90138566E-02 +0.00000000E+00
 +9.71518417E-01 +1.30703618E-01 +0.00000000E+00 +9.55180465E-01 +1.14365666E-01 +0.00000000E+00
 +9.71518417E-01 +1.14365666E-01 +0.00000000E+00 +9.55180465E-01 +1.47041570E-01 +0.00000000E+00
 +9.71518417E-01 +1.47041570E-01 +0.00000000E+00 +1.02053227E+00 +1.79717474E-01 +0.00000000E+00
 +1.00419432E+00 +1.96055427E-01 +0.00000000E+00 +1.00419432E+00 +1.79717474E-01 +0.00000000E+00
 +1.02053227E+00 +2.12393379E-01 +0.00000000E+00 +1.00419432E+00 +2.28731331E-01 +0.00000000E+00
 +1.00419432E+00 +2.12393379E-01 +0.00000000E+00 +1.02053227E+00 +2.45069283E-01 +0.00000000E+00
 +1.00419432E+00 +2.61407235E-01 +0.00000000E+00 +1.00419432E+00 +2.45069283E-01 +0.00000000E+00
 +9.06166608E-01 +1.96055427E-01 +0.00000000E+00 +9.22504561E-01 +2.12393379E-01 +0.00000000E+00
 +8.89828656E-01 +2.12393379E-01 +0.00000000E+00 +9.06166608E-01 +2.12393379E-01 +0.00000000E+00
 +8.73490704E-01 +1.96055427E-01 +0.00000000E+00 +8.73490704E-01 +2.12393379E-01 +0.00000000E+00
 +8.40814800E-01 +2.61407235E-01 +0.00000000E+00 +8.24476847E-01 +2.45069283E-01 +0.00000000E+00
 +8.40814800E-01 +2.45069283E-01 +0.00000000E+00 +8.08138895E-01 +2.61407235E-01 +0.00000000E+00
 +7.91800943E-01 +2.45069283E-01 +0.00000000E+00 +8.08138895E-01 +2.45069283E-01 +0.00000000E+00
 +5.46731660E-01 +3.26759044E-02 +0.00000000E+00 +5.63069612E-01 +4.90138566E-02 +0.00000000E+00
 +5.46731660E-01 +4.90138566E-02 +0.00000000E+00 +6.28421421E-01 +1.14365666E-01 +0.00000000E+00
 +5.95745516E-01 +1.14365666E-01 +0.00000000E+00 +6.12083469E-01 +1.14365666E-01 +0.00000000E+00
 +5.63069612E-01 +1.14365666E-01 +0.00000000E+00 +5.79407564E-01 +1.14365666E-01 +0.00000000E+00
 +5.30393707E-01 +1.14365666E-01 +0.00000000E+00 +5.46731660E-01 +1.14365666E-01 +0.00000000E+00
 +5.14055755E-01 +1.14365666E-01 +0.00000000E+00 +6.61097325E-01 +1.63379522E-02 +0.00000000E+00
 +6.77435277E-01 +1.63379522E-02 +0.00000000E+00 +6.44759373E-01 +3.26759044E-02 +0.00000000E+00
 +6.28421421E-01 +4.90138566E-02 +0.00000000E+00 +6.44759373E-01 +4.90138566E-02 +0.00000000E+00
 +7.26449134E-01 +4.90138566E-02 +0.00000000E+00 +7.10111182E-01 +6.53518089E-02 +0.00000000E+00
 +7.10111182E-01 +4.90138566E-02 +0.00000000E+00 +6.61097325E-01 +1.14365666E-01 +0.00000000E+00
 +6.44759373E-01 +1.30703618E-01 +0.00000000E+00 +6.44759373E-01 +1.14365666E-01 +0.00000000E+00
 +6.61097325E-01 +1.47041570E-01 +0.00000000E+00 +6.44759373E-01 +1.47041570E-01 +0.00000000E+00
 +6.77435277E-01 +1.30703618E-01 +0.00000000E+00 +6.93773230E-01 +1.47041570E-01 +0.00000000E+00
 +6.77435277E-01 +1.47041570E-01 +0.00000000E+00 +7.42787086E-01 +1.63379522E-01 +0.00000000E+00
 +7.59125038E-01 +1.79717474E-01 +0.00000000E+00 +7.42787086E-01 +1.79717474E-01 +0.00000000E+00
 +7.10111182E-01 +2.28731331E-01 +0.00000000E+00 +6.93773230E-01 +2.12393379E-01 +0.00000000E+00
 +7.10111182E-01 +2.12393379E-01 +0.00000000E+00 +5.63069612E-01 +1.79717474E-01 +0.00000000E+00
 +5.46731660E-01 +1.96055427E-01 +0.00000000E+00 +5.30393707E-01 +1.79717474E-01 +0.00000000E+00
 +5.46731660E-01 +1.79717474E-01 +0.00000000E+00 +5.79407564E-01 +1.96055427E-01 +0.00000000E+00
 +5.79407564E-01 +1.79717474E-01 +0.00000000E+00 +2.19972615E-01 -9.80277133E-02 +0.00000000E+00
 +2.03634663E-01 -8.16897611E-02 +0.00000000E+00 +2.19972615E-01 -8.16897611E-02 +0.00000000E+00
 +1.87296711E-01 -9.80277133E-02 +0.00000000E+00 +1.70958759E-01 -8.16897611E-02 +0.00000000E+00
 +1.87296711E-01 -8.16897611E-02 +0.00000000E+00 +4.81379851E-01 -6.53518089E-02 +0.00000000E+00
 +4.81379851E-01 -3.26759044E-02 +0.00000000E+00 +4.65041899E-01 -4.90138566E-02 +0.00000000E+00
 +4.81379851E-01 -4.90138566E-02 +0.00000000E+00 +4.81379851E-01 +0.00000000E+00 +0.00000000E+00
 +4.65041899E-01 -1.63379522E-02 +0.00000000E+00 +4.81379851E-01 -1.63379522E-02 +0.00000000E+00
 +2.68986472E-01 -4.90138566E-02 +0.00000000E+00 +2.52648520E-01 -3.26759044E-02 +0.00000000E+00
 +2.52648520E-01 -4.90138566E-02 +0.00000000E+00 +3.01662376E-01 -4.90138566E-02 +0.00000000E+00
 +2.85324424E-01 -3.26759044E-02 +0.00000000E+00 +2.85324424E-01 -4.90138566E-02 +0.00000000E+00
 +2.85324424E-01 +3.26759044E-02 +0.00000000E+00 +3.01662376E-01 +4.90138566E-02 +0.00000000E+00
 +2.68986472E-01 +4.90138566E-02 +0.00000000E+00 +2.85324424E-01 +4.90138566E-02 +0.00000000E+00
 +2.52648520E-01 +3.26759044E-02 +0.00000000E+00 +2.52648520E-01 +4.90138566E-02 +0.00000000E+00
 +4.81379851E-01 +3.26759044E-02 +0.00000000E+00 +4.65041899E-01 +1.63379522E-02 +0.00000000E+00
 +4.81379851E-01 +1.63379522E-02 +0.00000000E+00 +4.81379851E-01 +6.53518089E-02 +0.00000000E+00
 +4.65041899E-01 +4.90138566E-02 +0.00000000E+00 +4.81379851E-01 +4.90138566E-02 +0.00000000E+00
 +2.03634663E-01 +8.16897611E-02 +0.00000000E+00 +1.87296711E-01 +9.80277133E-02 +0.00000000E+00
 +1.70958759E-01 +8.16897611E-02 +0.00000000E+00 +1.87296711E-01 +8.16897611E-02 +0.00000000E+00
 +2.19972615E-01 +9.80277133E-02 +0.00000000E+00 +2.19972615E-01 +8.16897611E-02 +0.00000000E+00
 +6.77435277E-01 -2.28731331E-01 +0.00000000E+00 +6.61097325E-01 -2.12393379E-01 +0.00000000E+00
 +6.77435277E-01 -2.12393379E-01 +0.00000000E+00 +7.91800943E-01 -1.79717474E-01 +0.00000000E+00
 +7.75462991E-01 -1.63379522E-01 +0.00000000E+00 +7.75462991E-01 -1.79717474E-01 +0.00000000E+00
 +9.38842513E-01 -9.80277133E-02 +0.00000000E+00 +9.22504561E-01 -8.16897611E-02 +0.00000000E+00
 +9.38842513E-01 -8.16897611E-02 +0.00000000E+00 +9.38842513E-01 +9.80277133E-02 +0.00000000E+00
 +9.22504561E-01 +8.16897611E-02 +0.00000000E+00 +9.38842513E-01 +8.16897611E-02 +0.00000000E+00
 +7.75462991E-01 +1.63379522E-01 +0.00000000E+00 +7.91800943E-01 +1.79717474E-01 +0.00000000E+00
 +7.75462991E-01 +1.79717474E-01 +0.00000000E+00 +6.77435277E-01 +2.28731331E-01 +0.00000000E+00
 +6.61097325E-01 +2.12393379E-01 +0.00000000E+00 +6.77435277E-01 +2.12393379E-01 +0.00000000E+00
 +4.81379851E-01 -1.63379522E-01 +0.00000000E+00 +4.65041899E-01 -1.47041570E-01 +0.00000000E+00
 +4.81379851E-01 -1.47041570E-01 +0.00000000E+00 +4.48703946E-01 -1.63379522E-01 +0.00000000E+00
 +4.32365994E-01 -1.47041570E-01 +0.00000000E+00 +4.48703946E-01 -1.47041570E-01 +0.00000000E+00
 +4.16028042E-01 -1.63379522E-01 +0.00000000E+00 +3.99690090E-01 -1.47041570E-01 +0.00000000E+00
 +4.16028042E-01 -1.47041570E-01 +0.00000000E+00 +4.32365994E-01 +1.47041570E-01 +0.00000000E+00
 +4.16028042E-01 +1.63379522E-01 +0.00000000E+00 +3.99690090E-01 +1.47041570E-01 +0.00000000E+00
 +4.16028042E-01 +1.47041570E-01 +0.00000000E+00 +4.65041899E-01 +1.47041570E-01 +0.00000000E+00
 +4.48703946E-01 +1.63379522E-01 +0.00000000E+00 +4.48703946E-01 +1.47041570E-01 +0.00000000E+00
 +4.81379851E-01 +1.63379522E-01 +0.00000000E+00 +4.81379851E-01 +1.47041570E-01 +0.00000000E+00
 +8.73490704E-01 -3.26759044E-02 +0.00000000E+00 +8.73490704E-01 +0.00000000E+00 +0.00000000E+00
 +8.57152752E-01 -1.63379522E-02 +0.00000000E+00 +8.73490704E-01 -1.63379522E-02 +0.00000000E+00
 +8.73490704E-01 +3.26759044E-02 +0.00000000E+00 +8.57152752E-01 +1.63379522E-02 +0.00000000E+00
 +8.73490704E-01 +1.63379522E-02 +0.00000000E+00 +7.29310454E-02 -1.30703618E-01 +0.00000000E+00
 +4.02551410E-02 -9.80277133E-02 +0.00000000E+00 +7.29310454E-02 -9.80277133E-02 +0.00000000E+00
 +3.99690090E-01 +0.00000000E+00 +0.00000000E+00 +3.99690090E-01 -3.26759044E-02 +0.00000000E+00
 +3.99690090E-01 +3.26759044E-02 +0.00000000E+00 +7.29310454E-02 +1.30703618E-01 +0.00000000E+00
 +4.02551410E-02 +9.80277133E-02 +0.00000000E+00 +7.29310454E-02 +9.80277133E-02 +0.00000000E+00
 +5.30393707E-01 -2.61407235E-01 +0.00000000E+00 +4.97717803E-01 -2.28731331E-01 +0.00000000E+00
 +5.30393707E-01 -2.28731331E-01 +0.00000000E+00 +5.30393707E-01 +2.61407235E-01 +0.00000000E+00
 +4.97717803E-01 +2.28731331E-01 +0.00000000E+00 +5.30393707E-01 +2.28731331E-01 +0.00000000E+00
 +3.34338281E-01 -1.96055427E-01 +0.00000000E+00 +3.01662376E-01 -1.63379522E-01 +0.00000000E+00
 +3.34338281E-01 -1.63379522E-01 +0.00000000E+00 +3.34338281E-01 +1.96055427E-01 +0.00000000E+00
 +3.01662376E-01 +1.63379522E-01 +0.00000000E+00 +3.34338281E-01 +1.63379522E-01 +0.00000000E+00
 +4.02551410E-02 -2.61407235E-01 +0.00000000E+00 -2.50966679E-02 -1.96055427E-01 +0.00000000E+00
 +4.02551410E-02 -1.96055427E-01 +0.00000000E+00 +4.02551410E-02 +2.61407235E-01 +0.00000000E+00
 -2.50966679E-02 +1.96055427E-01 +0.00000000E+00 +4.02551410E-02 +1.96055427E-01 +0.00000000E+00
 +1.99550175E-01 -5.71828328E-02 +0.00000000E+00 +2.03634663E-01 -5.30983447E-02 +0.00000000E+00
 +1.99550175E-01 -4.90138566E-02 +0.00000000E+00 +1.95465687E-01 -5.30983447E-02 +0.00000000E+00
 +1.99550175E-01 -5.30983447E-02 +0.00000000E+00 +1.91381199E-01 -5.71828328E-02 +0.00000000E+00
 +1.91381199E-01 -4.90138566E-02 +0.00000000E+00 +1.87296711E-01 -5.30983447E-02 +0.00000000E+00
 +1.91381199E-01 -5.30983447E-02 +0.00000000E+00 +1.75043247E-01 -4.90138566E-02 +0.00000000E+00
 +1.79127735E-01 -4.49293686E-02 +0.00000000E+00 +1.75043247E-01 -4.08448805E-02 +0.00000000E+00
 +1.70958759E-01 -4.49293686E-02 +0.00000000E+00 +1.75043247E-01 -4.49293686E-02 +0.00000000E+00
 +1.83212223E-01 -4.90138566E-02 +0.00000000E+00 +1.87296711E-01 -4.49293686E-02 +0.00000000E+00
 +1.83212223E-01 -4.08448805E-02 +0.00000000E+00 +1.83212223E-01 -4.49293686E-02 +0.00000000E+00
 +2.15888127E-01 -6.53518089E-02 +0.00000000E+00 +2.19972615E-01 -6.12673208E-02 +0.00000000E+00
 +2.15888127E-01 -5.71828328E-02 +0.00000000E+00 +2.11803639E-01 -6.12673208E-02 +0.00000000E+00
 +2.15888127E-01 -6.12673208E-02 +0.00000000E+00 +2.07719151E-01 -5.71828328E-02 +0.00000000E+00
 +2.11803639E-01 -5.30983447E-02 +0.00000000E+00 +2.07719151E-01 -4.90138566E-02 +0.00000000E+00
 +2.07719151E-01 -5.30983447E-02 +0.00000000E+00 +2.24057103E-01 -6.53518089E-02 +0.00000000E+00
 +2.28141591E-01 -6.12673208E-02 +0.00000000E+00 +2.24057103E-01 -5.71828328E-02 +0.00000000E+00
 +2.24057103E-01 -6.12673208E-02 +0.00000000E+00 +2.32226079E-01 -6.53518089E-02 +0.00000000E+00
 +2.36310568E-01 -6.12673208E-02 +0.00000000E+00 +2.32226079E-01 -5.71828328E-02 +0.00000000E+00
 +2.32226079E-01 -6.12673208E-02 +0.00000000E+00 +1.34198366E-01 -4.08448805E-02 +0.00000000E+00
 +1.38282854E-01 -3.67603925E-02 +0.00000000E+00 +1.34198366E-01 -3.26759044E-02 +0.00000000E+00
 +1.30113878E-01 -3.67603925E-02 +0.00000000E+00 +1.34198366E-01 -3.67603925E-02 +0.00000000E+00
 +1.26029390E-01 -4.08448805E-02 +0.00000000E+00 +1.26029390E-01 -3.26759044E-02 +0.00000000E+00
 +1.21944902E-01 -3.67603925E-02 +0.00000000E+00 +1.26029390E-01 -3.67603925E-02 +0.00000000E+00
 +1.58705295E-01 -4.90138566E-02 +0.00000000E+00 +1.62789783E-01 -4.49293686E-02 +0.00000000E+00
 +1.58705295E-01 -4.08448805E-02 +0.00000000E+00 +1.54620806E-01 -4.49293686E-02 +0.00000000E+00
 +1.58705295E-01 -4.49293686E-02 +0.00000000E+00 +1.66874271E-01 -4.90138566E-02 +0.00000000E+00
 +1.66874271E-01 -4.08448805E-02 +0.00000000E+00 +1.66874271E-01 -4.49293686E-02 +0.00000000E+00
 +1.50536318E-01 -4.08448805E-02 +0.00000000E+00 +1.54620806E-01 -3.67603925E-02 +0.00000000E+00
 +1.50536318E-01 -3.26759044E-02 +0.00000000E+00 +1.46451830E-01 -3.67603925E-02 +0.00000000E+00
 +1.50536318E-01 -3.67603925E-02 +0.00000000E+00 +1.42367342E-01 -4.08448805E-02 +0.00000000E+00
 +1.42367342E-01 -3.26759044E-02 +0.00000000E+00 +1.42367342E-01 -3.67603925E-02 +0.00000000E+00
 +1.09691438E-01 -3.26759044E-02 +0.00000000E+00 +1.13775926E-01 -2.85914164E-02 +0.00000000E+00
 +1.09691438E-01 -2.45069283E-02 +0.00000000E+00 +1.05606950E-01 -2.85914164E-02 +0.00000000E+00
 +1.09691438E-01 -2.85914164E-02 +0.00000000E+00 +1.17860414E-01 -3.26759044E-02 +0.00000000E+00
 +1.21944902E-01 -2.85914164E-02 +0.00000000E+00 +1.17860414E-01 -2.45069283E-02 +0.00000000E+00
 +1.17860414E-01 -2.85914164E-02 +0.00000000E+00 +8.51845096E-02 -2.45069283E-02 +0.00000000E+00
 +8.92689976E-02 -2.04224403E-02 +0.00000000E+00 +8.51845096E-02 -1.63379522E-02 +0.00000000E+00
 +8.11000215E-02 -2.04224403E-02 +0.00000000E+00 +8.51845096E-02 -2.04224403E-02 +0.00000000E+00
 +7.70155334E-02 -2.45069283E-02 +0.00000000E+00 +7.70155334E-02 -1.63379522E-02 +0.00000000E+00
 +7.29310454E-02 -2.04224403E-02 +0.00000000E+00 +7.70155334E-02 -2.04224403E-02 +0.00000000E+00
 +9.33534857E-02 -3.26759044E-02 +0.00000000E+00 +9.74379737E-02 -2.85914164E-02 +0.00000000E+00
 +9.33534857E-02 -2.45069283E-02 +0.00000000E+00 +8.92689976E-02 -2.85914164E-02 +0.00000000E+00
 +9.33534857E-02 -2.85914164E-02 +0.00000000E+00 +1.01522462E-01 -3.26759044E-02 +0.00000000E+00
 +1.01522462E-01 -2.45069283E-02 +0.00000000E+00 +1.01522462E-01 -2.85914164E-02 +0.00000000E+00
 +6.88465573E-02 -2.45069283E-02 +0.00000000E+00 +6.88465573E-02 -1.63379522E-02 +0.00000000E+00
 +6.47620693E-02 -2.04224403E-02 +0.00000000E+00 +6.88465573E-02 -2.04224403E-02 +0.00000000E+00
 +6.06775812E-02 -2.45069283E-02 +0.00000000E+00 +6.06775812E-02 -1.63379522E-02 +0.00000000E+00
 +5.65930932E-02 -2.04224403E-02 +0.00000000E+00 +6.06775812E-02 -2.04224403E-02 +0.00000000E+00
 +4.43396290E-02 -1.63379522E-02 +0.00000000E+00 +4.84241171E-02 -1.22534642E-02 +0.00000000E+00
 +4.43396290E-02 -8.16897611E-03 +0.00000000E+00 +4.02551410E-02 -1.22534642E-02 +0.00000000E+00
 +4.43396290E-02 -1.22534642E-02 +0.00000000E+00 +5.25086051E-02 -1.63379522E-02 +0.00000000E+00
 +5.65930932E-02 -1.22534642E-02 +0.00000000E+00 +5.25086051E-02 -8.16897611E-03 +0.00000000E+00
 +5.25086051E-02 -1.22534642E-02 +0.00000000E+00 +3.61706529E-02 -1.63379522E-02 +0.00000000E+00
 +3.61706529E-02 -8.16897611E-03 +0.00000000E+00 +3.20861649E-02 -1.22534642E-02 +0.00000000E+00
 +3.61706529E-02 -1.22534642E-02 +0.00000000E+00 +2.80016768E-02 -8.16897611E-03 +0.00000000E+00
 +3.20861649E-02 -4.08448805E-03 +0.00000000E+00 +2.80016768E-02 +0.00000000E+00 +0.00000000E+00
 +2.39171887E-02 -4.08448805E-03 +0.00000000E+00 +2.80016768E-02 -4.08448805E-03 +0.00000000E+00
 +1.98327007E-02 -8.16897611E-03 +0.00000000E+00 +1.98327007E-02 +0.00000000E+00 +0.00000000E+00
 +1.57482126E-02 -4.08448805E-03 +0.00000000E+00 +1.98327007E-02 -4.08448805E-03 +0.00000000E+00
 +1.16637246E-02 -8.16897611E-03 +0.00000000E+00 +1.16637246E-02 +0.00000000E+00 +0.00000000E+00
 +7.57923653E-03 -4.08448805E-03 +0.00000000E+00 +1.16637246E-02 -4.08448805E-03 +0.00000000E+00
 +3.95605602E-01 -1.14365666E-01 +0.00000000E+00 +3.99690090E-01 -1.10281177E-01 +0.00000000E+00
 +3.95605602E-01 -1.06196689E-01 +0.00000000E+00 +3.91521114E-01 -1.10281177E-01 +0.00000000E+00
 +3.95605602E-01 -1.10281177E-01 +0.00000000E+00 +3.99690090E-01 -1.02112201E-01 +0.00000000E+00
 +3.95605602E-01 -9.80277133E-02 +0.00000000E+00 +3.91521114E-01 -1.02112201E-01 +0.00000000E+00
 +3.95605602E-01 -1.02112201E-01 +0.00000000E+00 +3.87436626E-01 -1.06196689E-01 +0.00000000E+00
 +3.87436626E-01 -9.80277133E-02 +0.00000000E+00 +3.83352137E-01 -1.02112201E-01 +0.00000000E+00
 +3.87436626E-01 -1.02112201E-01 +0.00000000E+00 +3.79267649E-01 -1.06196689E-01 +0.00000000E+00
 +3.79267649E-01 -9.80277133E-02 +0.00000000E+00 +3.75183161E-01 -1.02112201E-01 +0.00000000E+00
 +3.79267649E-01 -1.02112201E-01 +0.00000000E+00 +3.71098673E-01 -1.06196689E-01 +0.00000000E+00
 +3.71098673E-01 -9.80277133E-02 +0.00000000E+00 +3.67014185E-01 -1.02112201E-01 +0.00000000E+00
 +3.71098673E-01 -1.02112201E-01 +0.00000000E+00 +4.28281506E-01 -1.22534642E-01 +0.00000000E+00
 +4.32365994E-01 -1.18450154E-01 +0.00000000E+00 +4.28281506E-01 -1.14365666E-01 +0.00000000E+00
 +4.24197018E-01 -1.18450154E-01 +0.00000000E+00 +4.28281506E-01 -1.18450154E-01 +0.00000000E+00
 +4.20112530E-01 -1.14365666E-01 +0.00000000E+00 +4.24197018E-01 -1.10281177E-01 +0.00000000E+00
 +4.20112530E-01 -1.06196689E-01 +0.00000000E+00 +4.16028042E-01 -1.10281177E-01 +0.00000000E+00
 +4.20112530E-01 -1.10281177E-01 +0.00000000E+00 +4.32365994E-01 -1.10281177E-01 +0.00000000E+00
 +4.28281506E-01 -1.06196689E-01 +0.00000000E+00 +4.28281506E-01 -1.10281177E-01 +0.00000000E+00
 +4.03774578E-01 -1.14365666E-01 +0.00000000E+00 +4.07859066E-01 -1.10281177E-01 +0.00000000E+00
 +4.03774578E-01 -1.06196689E-01 +0.00000000E+00 +4.03774578E-01 -1.10281177E-01 +0.00000000E+00
 +4.11943554E-01 -1.14365666E-01 +0.00000000E+00 +4.11943554E-01 -1.06196689E-01 +0.00000000E+00
 +4.11943554E-01 -1.10281177E-01 +0.00000000E+00 +4.44619458E-01 -1.22534642E-01 +0.00000000E+00
 +4.48703946E-01 -1.18450154E-01 +0.00000000E+00 +4.44619458E-01 -1.14365666E-01 +0.00000000E+00
 +4.40534970E-01 -1.18450154E-01 +0.00000000E+00 +4.44619458E-01 -1.18450154E-01 +0.00000000E+00
 +4.36450482E-01 -1.22534642E-01 +0.00000000E+00 +4.36450482E-01 -1.14365666E-01 +0.00000000E+00
 +4.36450482E-01 -1.18450154E-01 +0.00000000E+00 +4.60957411E-01 -1.30703618E-01 +0.00000000E+00
 +4.65041899E-01 -1.26619130E-01 +0.00000000E+00 +4.60957411E-01 -1.22534642E-01 +0.00000000E+00
 +4.56872922E-01 -1.26619130E-01 +0.00000000E+00 +4.60957411E-01 -1.26619130E-01 +0.00000000E+00
 +4.52788434E-01 -1.22534642E-01 +0.00000000E+00 +4.56872922E-01 -1.18450154E-01 +0.00000000E+00
 +4.52788434E-01 -1.14365666E-01 +0.00000000E+00 +4.52788434E-01 -1.18450154E-01 +0.00000000E+00
 +4.69126387E-01 -1.30703618E-01 +0.00000000E+00 +4.73210875E-01 -1.26619130E-01 +0.00000000E+00
 +4.69126387E-01 -1.22534642E-01 +0.00000000E+00 +4.69126387E-01 -1.26619130E-01 +0.00000000E+00
 +4.77295363E-01 -1.30703618E-01 +0.00000000E+00 +4.81379851E-01 -1.26619130E-01 +0.00000000E+00
 +4.77295363E-01 -1.22534642E-01 +0.00000000E+00 +4.77295363E-01 -1.26619130E-01 +0.00000000E+00
 +4.85464339E-01 -1.30703618E-01 +0.00000000E+00 +4.89548827E-01 -1.26619130E-01 +0.00000000E+00
 +4.85464339E-01 -1.22534642E-01 +0.00000000E+00 +4.85464339E-01 -1.26619130E-01 +0.00000000E+00
 +2.89408912E-01 -8.16897611E-02 +0.00000000E+00 +2.93493400E-01 -7.76052730E-02 +0.00000000E+00
 +2.89408912E-01 -7.35207850E-02 +0.00000000E+00 +2.85324424E-01 -7.76052730E-02 +0.00000000E+00
 +2.89408912E-01 -7.76052730E-02 +0.00000000E+00 +2.97577888E-01 -8.16897611E-02 +0.00000000E+00
 +3.01662376E-01 -7.76052730E-02 +0.00000000E+00 +2.97577888E-01 -7.35207850E-02 +0.00000000E+00
 +2.97577888E-01 -7.76052730E-02 +0.00000000E+00 +2.73070960E-01 -8.16897611E-02 +0.00000000E+00
 +2.77155448E-01 -7.76052730E-02 +0.00000000E+00 +2.73070960E-01 -7.35207850E-02 +0.00000000E+00
 +2.68986472E-01 -7.76052730E-02 +0.00000000E+00 +2.73070960E-01 -7.76052730E-02 +0.00000000E+00
 +2.81239936E-01 -8.16897611E-02 +0.00000000E+00 +2.81239936E-01 -7.35207850E-02 +0.00000000E+00
 +2.81239936E-01 -7.76052730E-02 +0.00000000E+00 +2.77155448E-01 -6.94362969E-02 +0.00000000E+00
 +2.73070960E-01 -6.53518089E-02 +0.00000000E+00 +2.68986472E-01 -6.94362969E-02 +0.00000000E+00
 +2.73070960E-01 -6.94362969E-02 +0.00000000E+00 +2.64901984E-01 -7.35207850E-02 +0.00000000E+00
 +2.64901984E-01 -6.53518089E-02 +0.00000000E+00 +2.60817496E-01 -6.94362969E-02 +0.00000000E+00
 +2.64901984E-01 -6.94362969E-02 +0.00000000E+00 +2.56733008E-01 -7.35207850E-02 +0.00000000E+00
 +2.56733008E-01 -6.53518089E-02 +0.00000000E+00 +2.52648520E-01 -6.94362969E-02 +0.00000000E+00
 +2.56733008E-01 -6.94362969E-02 +0.00000000E+00 +2.48564032E-01 -7.35207850E-02 +0.00000000E+00
 +2.48564032E-01 -6.53518089E-02 +0.00000000E+00 +2.44479544E-01 -6.94362969E-02 +0.00000000E+00
 +2.48564032E-01 -6.94362969E-02 +0.00000000E+00 +3.38422769E-01 -9.80277133E-02 +0.00000000E+00
 +3.42507257E-01 -9.39432252E-02 +0.00000000E+00 +3.38422769E-01 -8.98587372E-02 +0.00000000E+00
 +3.34338281E-01 -9.39432252E-02 +0.00000000E+00 +3.38422769E-01 -9.39432252E-02 +0.00000000E+00
 +3.46591745E-01 -9.80277133E-02 +0.00000000E+00 +3.50676233E-01 -9.39432252E-02 +0.00000000E+00
 +3.46591745E-01 -8.98587372E-02 +0.00000000E+00 +3.46591745E-01 -9.39432252E-02 +0.00000000E+00
 +3.54760721E-01 -9.80277133E-02 +0.00000000E+00 +3.58845209E-01 -9.39432252E-02 +0.00000000E+00
 +3.54760721E-01 -8.98587372E-02 +0.00000000E+00 +3.54760721E-01 -9.39432252E-02 +0.00000000E+00
 +3.62929697E-01 -9.80277133E-02 +0.00000000E+00 +3.67014185E-01 -9.39432252E-02 +0.00000000E+00
 +3.62929697E-01 -8.98587372E-02 +0.00000000E+00 +3.62929697E-01 -9.39432252E-02 +0.00000000E+00
 +3.13915841E-01 -8.98587372E-02 +0.00000000E+00 +3.18000329E-01 -8.57742491E-02 +0.00000000E+00
 +3.13915841E-01 -8.16897611E-02 +0.00000000E+00 +3.09831353E-01 -8.57742491E-02 +0.00000000E+00
 +3.13915841E-01 -8.57742491E-02 +0.00000000E+00 +3.05746864E-01 -8.98587372E-02 +0.00000000E+00
 +3.05746864E-01 -8.16897611E-02 +0.00000000E+00 +3.01662376E-01 -8.57742491E-02 +0.00000000E+00
 +3.05746864E-01 -8.57742491E-02 +0.00000000E+00 +3.30253793E-01 -8.98587372E-02 +0.00000000E+00
 +3.34338281E-01 -8.57742491E-02 +0.00000000E+00 +3.30253793E-01 -8.16897611E-02 +0.00000000E+00
 +3.26169305E-01 -8.57742491E-02 +0.00000000E+00 +3.30253793E-01 -8.57742491E-02 +0.00000000E+00
 +3.22084817E-01 -8.98587372E-02 +0.00000000E+00 +3.22084817E-01 -8.16897611E-02 +0.00000000E+00
 +3.22084817E-01 -8.57742491E-02 +0.00000000E+00 +3.22084817E-01 +8.16897611E-02 +0.00000000E+00
 +3.26169305E-01 +8.57742491E-02 +0.00000000E+00 +3.22084817E-01 +8.98587372E-02 +0.00000000E+00
 +3.18000329E-01 +8.57742491E-02 +0.00000000E+00 +3.22084817E-01 +8.57742491E-02 +0.00000000E+00
 +3.30253793E-01 +8.16897611E-02 +0.00000000E+00 +3.34338281E-01 +8.57742491E-02 +0.00000000E+00
 +3.30253793E-01 +8.98587372E-02 +0.00000000E+00 +3.30253793E-01 +8.57742491E-02 +0.00000000E+00
 +3.05746864E-01 +8.16897611E-02 +0.00000000E+00 +3.09831353E-01 +8.57742491E-02 +0.00000000E+00
 +3.05746864E-01 +8.98587372E-02 +0.00000000E+00 +3.01662376E-01 +8.57742491E-02 +0.00000000E+00
 +3.05746864E-01 +8.57742491E-02 +0.00000000E+00 +3.13915841E-01 +8.16897611E-02 +0.00000000E+00
 +3.13915841E-01 +8.98587372E-02 +0.00000000E+00 +3.13915841E-01 +8.57742491E-02 +0.00000000E+00
 +3.62929697E-01 +8.98587372E-02 +0.00000000E+00 +3.67014185E-01 +9.39432252E-02 +0.00000000E+00
 +3.62929697E-01 +9.80277133E-02 +0.00000000E+00 +3.58845209E-01 +9.39432252E-02 +0.00000000E+00
 +3.62929697E-01 +9.39432252E-02 +0.00000000E+00 +3.54760721E-01 +8.98587372E-02 +0.00000000E+00
 +3.54760721E-01 +9.80277133E-02 +0.00000000E+00 +3.50676233E-01 +9.39432252E-02 +0.00000000E+00
 +3.54760721E-01 +9.39432252E-02 +0.00000000E+00 +3.46591745E-01 +8.98587372E-02 +0.00000000E+00
 +3.46591745E-01 +9.80277133E-02 +0.00000000E+00 +3.42507257E-01 +9.39432252E-02 +0.00000000E+00
 +3.46591745E-01 +9.39432252E-02 +0.00000000E+00 +3.38422769E-01 +8.98587372E-02 +0.00000000E+00
 +3.38422769E-01 +9.80277133E-02 +0.00000000E+00 +3.34338281E-01 +9.39432252E-02 +0.00000000E+00
 +3.38422769E-01 +9.39432252E-02 +0.00000000E+00 +2.48564032E-01 +6.53518089E-02 +0.00000000E+00
 +2.52648520E-01 +6.94362969E-02 +0.00000000E+00 +2.48564032E-01 +7.35207850E-02 +0.00000000E+00
 +2.44479544E-01 +6.94362969E-02 +0.00000000E+00 +2.48564032E-01 +6.94362969E-02 +0.00000000E+00
 +2.56733008E-01 +6.53518089E-02 +0.00000000E+00 +2.60817496E-01 +6.94362969E-02 +0.00000000E+00
 +2.56733008E-01 +7.35207850E-02 +0.00000000E+00 +2.56733008E-01 +6.94362969E-02 +0.00000000E+00
 +2.64901984E-01 +6.53518089E-02 +0.00000000E+00 +2.68986472E-01 +6.94362969E-02 +0.00000000E+00
 +2.64901984E-01 +7.35207850E-02 +0.00000000E+00 +2.64901984E-01 +6.94362969E-02 +0.00000000E+00
 +2.73070960E-01 +6.53518089E-02 +0.00000000E+00 +2.77155448E-01 +6.94362969E-02 +0.00000000E+00
 +2.73070960E-01 +7.35207850E-02 +0.00000000E+00 +2.73070960E-01 +6.94362969E-02 +0.00000000E+00
 +2.81239936E-01 +7.35207850E-02 +0.00000000E+00 +2.85324424E-01 +7.76052730E-02 +0.00000000E+00
 +2.81239936E-01 +8.16897611E-02 +0.00000000E+00 +2.77155448E-01 +7.76052730E-02 +0.00000000E+00
 +2.81239936E-01 +7.76052730E-02 +0.00000000E+00 +2.73070960E-01 +8.16897611E-02 +0.00000000E+00
 +2.68986472E-01 +7.76052730E-02 +0.00000000E+00 +2.73070960E-01 +7.76052730E-02 +0.00000000E+00
 +2.97577888E-01 +7.35207850E-02 +0.00000000E+00 +3.01662376E-01 +7.76052730E-02 +0.00000000E+00
 +2.97577888E-01 +8.16897611E-02 +0.00000000E+00 +2.93493400E-01 +7.76052730E-02 +0.00000000E+00
 +2.97577888E-01 +7.76052730E-02 +0.00000000E+00 +2.89408912E-01 +7.35207850E-02 +0.00000000E+00
 +2.89408912E-01 +8.16897611E-02 +0.00000000E+00 +2.89408912E-01 +7.76052730E-02 +0.00000000E+00
 +4.85464339E-01 +1.22534642E-01 +0.00000000E+00 +4.89548827E-01 +1.26619130E-01 +0.00000000E+00
 +4.85464339E-01 +1.30703618E-01 +0.00000000E+00 +4.81379851E-01 +1.26619130E-01 +0.00000000E+00
 +4.85464339E-01 +1.26619130E-01 +0.00000000E+00 +4.77295363E-01 +1.22534642E-01 +0.00000000E+00
 +4.77295363E-01 +1.30703618E-01 +0.00000000E+00 +4.73210875E-01 +1.26619130E-01 +0.00000000E+00
 +4.77295363E-01 +1.26619130E-01 +0.00000000E+00 +4.69126387E-01 +1.22534642E-01 +0.00000000E+00
 +4.69126387E-01 +1.30703618E-01 +0.00000000E+00 +4.65041899E-01 +1.26619130E-01 +0.00000000E+00
 +4.69126387E-01 +1.26619130E-01 +0.00000000E+00 +4.52788434E-01 +1.14365666E-01 +0.00000000E+00
 +4.56872922E-01 +1.18450154E-01 +0.00000000E+00 +4.52788434E-01 +1.22534642E-01 +0.00000000E+00
 +4.48703946E-01 +1.18450154E-01 +0.00000000E+00 +4.52788434E-01 +1.18450154E-01 +0.00000000E+00
 +4.60957411E-01 +1.22534642E-01 +0.00000000E+00 +4.60957411E-01 +1.30703618E-01 +0.00000000E+00
 +4.56872922E-01 +1.26619130E-01 +0.00000000E+00 +4.60957411E-01 +1.26619130E-01 +0.00000000E+00
 +4.36450482E-01 +1.14365666E-01 +0.00000000E+00 +4.40534970E-01 +1.18450154E-01 +0.00000000E+00
 +4.36450482E-01 +1.22534642E-01 +0.00000000E+00 +4.32365994E-01 +1.18450154E-01 +0.00000000E+00
 +4.36450482E-01 +1.18450154E-01 +0.00000000E+00 +4.44619458E-01 +1.14365666E-01 +0.00000000E+00
 +4.44619458E-01 +1.22534642E-01 +0.00000000E+00 +4.44619458E-01 +1.18450154E-01 +0.00000000E+00
 +4.11943554E-01 +1.06196689E-01 +0.00000000E+00 +4.16028042E-01 +1.10281177E-01 +0.00000000E+00
 +4.11943554E-01 +1.14365666E-01 +0.00000000E+00 +4.07859066E-01 +1.10281177E-01 +0.00000000E+00
 +4.11943554E-01 +1.10281177E-01 +0.00000000E+00 +4.03774578E-01 +1.06196689E-01 +0.00000000E+00
 +4.03774578E-01 +1.14365666E-01 +0.00000000E+00 +3.99690090E-01 +1.10281177E-01 +0.00000000E+00
 +4.03774578E-01 +1.10281177E-01 +0.00000000E+00 +4.28281506E-01 +1.06196689E-01 +0.00000000E+00
 +4.32365994E-01 +1.10281177E-01 +0.00000000E+00 +4.28281506E-01 +1.14365666E-01 +0.00000000E+00
 +4.24197018E-01 +1.10281177E-01 +0.00000000E+00 +4.28281506E-01 +1.10281177E-01 +0.00000000E+00
 +4.20112530E-01 +1.06196689E-01 +0.00000000E+00 +4.20112530E-01 +1.14365666E-01 +0.00000000E+00
 +4.20112530E-01 +1.10281177E-01 +0.00000000E+00 +4.28281506E-01 +1.22534642E-01 +0.00000000E+00
 +4.24197018E-01 +1.18450154E-01 +0.00000000E+00 +4.28281506E-01 +1.18450154E-01 +0.00000000E+00
 +3.71098673E-01 +9.80277133E-02 +0.00000000E+00 +3.75183161E-01 +1.02112201E-01 +0.00000000E+00
 +3.71098673E-01 +1.06196689E-01 +0.00000000E+00 +3.67014185E-01 +1.02112201E-01 +0.00000000E+00
 +3.71098673E-01 +1.02112201E-01 +0.00000000E+00 +3.79267649E-01 +9.80277133E-02 +0.00000000E+00
 +3.83352137E-01 +1.02112201E-01 +0.00000000E+00 +3.79267649E-01 +1.06196689E-01 +0.00000000E+00
 +3.79267649E-01 +1.02112201E-01 +0.00000000E+00 +3.87436626E-01 +9.80277133E-02 +0.00000000E+00
 +3.91521114E-01 +1.02112201E-01 +0.00000000E+00 +3.87436626E-01 +1.06196689E-01 +0.00000000E+00
 +3.87436626E-01 +1.02112201E-01 +0.00000000E+00 +3.95605602E-01 +9.80277133E-02 +0.00000000E+00
 +3.99690090E-01 +1.02112201E-01 +0.00000000E+00 +3.95605602E-01 +1.06196689E-01 +0.00000000E+00
 +3.95605602E-01 +1.02112201E-01 +0.00000000E+00 +3.95605602E-01 +1.14365666E-01 +0.00000000E+00
 +3.91521114E-01 +1.10281177E-01 +0.00000000E+00 +3.95605602E-01 +1.10281177E-01 +0.00000000E+00
 +1.57482126E-02 +4.08448805E-03 +0.00000000E+00 +1.16637246E-02 +8.16897611E-03 +0.00000000E+00
 +7.57923653E-03 +4.08448805E-03 +0.00000000E+00 +1.16637246E-02 +4.08448805E-03 +0.00000000E+00
 +2.39171887E-02 +4.08448805E-03 +0.00000000E+00 +1.98327007E-02 +8.16897611E-03 +0.00000000E+00
 +1.98327007E-02 +4.08448805E-03 +0.00000000E+00 +3.20861649E-02 +4.08448805E-03 +0.00000000E+00
 +2.80016768E-02 +8.16897611E-03 +0.00000000E+00 +2.80016768E-02 +4.08448805E-03 +0.00000000E+00
 +3.61706529E-02 +8.16897611E-03 +0.00000000E+00 +4.02551410E-02 +1.22534642E-02 +0.00000000E+00
 +3.61706529E-02 +1.63379522E-02 +0.00000000E+00 +3.20861649E-02 +1.22534642E-02 +0.00000000E+00
 +3.61706529E-02 +1.22534642E-02 +0.00000000E+00 +5.25086051E-02 +8.16897611E-03 +0.00000000E+00
 +5.65930932E-02 +1.22534642E-02 +0.00000000E+00 +5.25086051E-02 +1.63379522E-02 +0.00000000E+00
 +4.84241171E-02 +1.22534642E-02 +0.00000000E+00 +5.25086051E-02 +1.22534642E-02 +0.00000000E+00
 +4.43396290E-02 +8.16897611E-03 +0.00000000E+00 +4.43396290E-02 +1.63379522E-02 +0.00000000E+00
 +4.43396290E-02 +1.22534642E-02 +0.00000000E+00 +6.06775812E-02 +1.63379522E-02 +0.00000000E+00
 +6.47620693E-02 +2.04224403E-02 +0.00000000E+00 +6.06775812E-02 +2.45069283E-02 +0.00000000E+00
 +5.65930932E-02 +2.04224403E-02 +0.00000000E+00 +6.06775812E-02 +2.04224403E-02 +0.00000000E+00
 +6.88465573E-02 +1.63379522E-02 +0.00000000E+00 +7.29310454E-02 +2.04224403E-02 +0.00000000E+00
 +6.88465573E-02 +2.45069283E-02 +0.00000000E+00 +6.88465573E-02 +2.04224403E-02 +0.00000000E+00
 +1.01522462E-01 +2.45069283E-02 +0.00000000E+00 +1.05606950E-01 +2.85914164E-02 +0.00000000E+00
 +1.01522462E-01 +3.26759044E-02 +0.00000000E+00 +9.74379737E-02 +2.85914164E-02 +0.00000000E+00
 +1.01522462E-01 +2.85914164E-02 +0.00000000E+00 +9.33534857E-02 +2.45069283E-02 +0.00000000E+00
 +9.33534857E-02 +3.26759044E-02 +0.00000000E+00 +8.92689976E-02 +2.85914164E-02 +0.00000000E+00
 +9.33534857E-02 +2.85914164E-02 +0.00000000E+00 +7.70155334E-02 +1.63379522E-02 +0.00000000E+00
 +8.11000215E-02 +2.04224403E-02 +0.00000000E+00 +7.70155334E-02 +2.45069283E-02 +0.00000000E+00
 +7.70155334E-02 +2.04224403E-02 +0.00000000E+00 +8.51845096E-02 +1.63379522E-02 +0.00000000E+00
 +8.92689976E-02 +2.04224403E-02 +0.00000000E+00 +8.51845096E-02 +2.45069283E-02 +0.00000000E+00
 +8.51845096E-02 +2.04224403E-02 +0.00000000E+00 +1.17860414E-01 +2.45069283E-02 +0.00000000E+00
 +1.21944902E-01 +2.85914164E-02 +0.00000000E+00 +1.17860414E-01 +3.26759044E-02 +0.00000000E+00
 +1.13775926E-01 +2.85914164E-02 +0.00000000E+00 +1.17860414E-01 +2.85914164E-02 +0.00000000E+00
 +1.09691438E-01 +2.45069283E-02 +0.00000000E+00 +1.09691438E-01 +3.26759044E-02 +0.00000000E+00
 +1.09691438E-01 +2.85914164E-02 +0.00000000E+00 +1.42367342E-01 +3.26759044E-02 +0.00000000E+00
 +1.46451830E-01 +3.67603925E-02 +0.00000000E+00 +1.42367342E-01 +4.08448805E-02 +0.00000000E+00
 +1.38282854E-01 +3.67603925E-02 +0.00000000E+00 +1.42367342E-01 +3.67603925E-02 +0.00000000E+00
 +1.50536318E-01 +3.26759044E-02 +0.00000000E+00 +1.54620806E-01 +3.67603925E-02 +0.00000000E+00
 +1.50536318E-01 +4.08448805E-02 +0.00000000E+00 +1.50536318E-01 +3.67603925E-02 +0.00000000E+00
 +1.66874271E-01 +4.08448805E-02 +0.00000000E+00 +1.70958759E-01 +4.49293686E-02 +0.00000000E+00
 +1.66874271E-01 +4.90138566E-02 +0.00000000E+00 +1.62789783E-01 +4.49293686E-02 +0.00000000E+00
 +1.66874271E-01 +4.49293686E-02 +0.00000000E+00 +1.58705295E-01 +4.08448805E-02 +0.00000000E+00
 +1.58705295E-01 +4.90138566E-02 +0.00000000E+00 +1.54620806E-01 +4.49293686E-02 +0.00000000E+00
 +1.58705295E-01 +4.49293686E-02 +0.00000000E+00 +1.26029390E-01 +3.26759044E-02 +0.00000000E+00
 +1.30113878E-01 +3.67603925E-02 +0.00000000E+00 +1.26029390E-01 +4.08448805E-02 +0.00000000E+00
 +1.21944902E-01 +3.67603925E-02 +0.00000000E+00 +1.26029390E-01 +3.67603925E-02 +0.00000000E+00
 +1.34198366E-01 +3.26759044E-02 +0.00000000E+00 +1.34198366E-01 +4.08448805E-02 +0.00000000E+00
 +1.34198366E-01 +3.67603925E-02 +0.00000000E+00 +2.32226079E-01 +5.71828328E-02 +0.00000000E+00
 +2.36310568E-01 +6.12673208E-02 +0.00000000E+00 +2.32226079E-01 +6.53518089E-02 +0.00000000E+00
 +2.28141591E-01 +6.12673208E-02 +0.00000000E+00 +2.32226079E-01 +6.12673208E-02 +0.00000000E+00
 +2.24057103E-01 +5.71828328E-02 +0.00000000E+00 +2.24057103E-01 +6.53518089E-02 +0.00000000E+00
 +2.19972615E-01 +6.12673208E-02 +0.00000000E+00 +2.24057103E-01 +6.12673208E-02 +0.00000000E+00
 +2.07719151E-01 +4.90138566E-02 +0.00000000E+00 +2.11803639E-01 +5.30983447E-02 +0.00000000E+00
 +2.07719151E-01 +5.71828328E-02 +0.00000000E+00 +2.03634663E-01 +5.30983447E-02 +0.00000000E+00
 +2.07719151E-01 +5.30983447E-02 +0.00000000E+00 +2.15888127E-01 +5.71828328E-02 +0.00000000E+00
 +2.15888127E-01 +6.53518089E-02 +0.00000000E+00 +2.11803639E-01 +6.12673208E-02 +0.00000000E+00
 +2.15888127E-01 +6.12673208E-02 +0.00000000E+00 +1.83212223E-01 +4.08448805E-02 +0.00000000E+00
 +1.87296711E-01 +4.49293686E-02 +0.00000000E+00 +1.83212223E-01 +4.90138566E-02 +0.00000000E+00
 +1.79127735E-01 +4.49293686E-02 +0.00000000E+00 +1.83212223E-01 +4.49293686E-02 +0.00000000E+00
 +1.75043247E-01 +4.08448805E-02 +0.00000000E+00 +1.75043247E-01 +4.90138566E-02 +0.00000000E+00
 +1.75043247E-01 +4.49293686E-02 +0.00000000E+00 +1.91381199E-01 +4.90138566E-02 +0.00000000E+00
 +1.95465687E-01 +5.30983447E-02 +0.00000000E+00 +1.91381199E-01 +5.71828328E-02 +0.00000000E+00
 +1.87296711E-01 +5.30983447E-02 +0.00000000E+00 +1.91381199E-01 +5.30983447E-02 +0.00000000E+00
 +1.99550175E-01 +4.90138566E-02 +0.00000000E+00 +1.99550175E-01 +5.71828328E-02 +0.00000000E+00
 +1.99550175E-01 +5.30983447E-02 +0.00000000E+00 +6.24336933E-01 -1.71548498E-01 +0.00000000E+00
 +6.28421421E-01 -1.67464010E-01 +0.00000000E+00 +6.24336933E-01 -1.63379522E-01 +0.00000000E+00
 +6.20252445E-01 -1.67464010E-01 +0.00000000E+00 +6.24336933E-01 -1.67464010E-01 +0.00000000E+00
 +6.16167957E-01 -1.71548498E-01 +0.00000000E+00 +6.16167957E-01 -1.63379522E-01 +0.00000000E+00
 +6.12083469E-01 -1.67464010E-01 +0.00000000E+00 +6.16167957E-01 -1.67464010E-01 +0.00000000E+00
 +5.99830004E-01 -1.63379522E-01 +0.00000000E+00 +6.03914492E-01 -1.59295034E-01 +0.00000000E+00
 +5.99830004E-01 -1.55210546E-01 +0.00000000E+00 +5.95745516E-01 -1.59295034E-01 +0.00000000E+00
 +5.99830004E-01 -1.59295034E-01 +0.00000000E+00 +6.07998980E-01 -1.63379522E-01 +0.00000000E+00
 +6.12083469E-01 -1.59295034E-01 +0.00000000E+00 +6.07998980E-01 -1.55210546E-01 +0.00000000E+00
 +6.07998980E-01 -1.59295034E-01 +0.00000000E+00 +5.75323076E-01 -1.55210546E-01 +0.00000000E+00
 +5.79407564E-01 -1.51126058E-01 +0.00000000E+00 +5.75323076E-01 -1.47041570E-01 +0.00000000E+00
 +5.71238588E-01 -1.51126058E-01 +0.00000000E+00 +5.75323076E-01 -1.51126058E-01 +0.00000000E+00
 +5.67154100E-01 -1.55210546E-01 +0.00000000E+00 +5.67154100E-01 -1.47041570E-01 +0.00000000E+00
 +5.63069612E-01 -1.51126058E-01 +0.00000000E+00 +5.67154100E-01 -1.51126058E-01 +0.00000000E+00
 +5.83492052E-01 -1.63379522E-01 +0.00000000E+00 +5.87576540E-01 -1.59295034E-01 +0.00000000E+00
 +5.83492052E-01 -1.55210546E-01 +0.00000000E+00 +5.79407564E-01 -1.59295034E-01 +0.00000000E+00
 +5.83492052E-01 -1.59295034E-01 +0.00000000E+00 +5.91661028E-01 -1.63379522E-01 +0.00000000E+00
 +5.91661028E-01 -1.55210546E-01 +0.00000000E+00 +5.91661028E-01 -1.59295034E-01 +0.00000000E+00
 +5.58985124E-01 -1.55210546E-01 +0.00000000E+00 +5.58985124E-01 -1.47041570E-01 +0.00000000E+00
 +5.54900636E-01 -1.51126058E-01 +0.00000000E+00 +5.58985124E-01 -1.51126058E-01 +0.00000000E+00
 +5.50816148E-01 -1.55210546E-01 +0.00000000E+00 +5.50816148E-01 -1.47041570E-01 +0.00000000E+00
 +5.46731660E-01 -1.51126058E-01 +0.00000000E+00 +5.50816148E-01 -1.51126058E-01 +0.00000000E+00
 +5.34478195E-01 -1.47041570E-01 +0.00000000E+00 +5.38562684E-01 -1.42957082E-01 +0.00000000E+00
 +5.34478195E-01 -1.38872594E-01 +0.00000000E+00 +5.30393707E-01 -1.42957082E-01 +0.00000000E+00
 +5.34478195E-01 -1.42957082E-01 +0.00000000E+00 +5.42647172E-01 -1.47041570E-01 +0.00000000E+00
 +5.46731660E-01 -1.42957082E-01 +0.00000000E+00 +5.42647172E-01 -1.38872594E-01 +0.00000000E+00
 +5.42647172E-01 -1.42957082E-01 +0.00000000E+00 +5.18140243E-01 -1.47041570E-01 +0.00000000E+00
 +5.22224731E-01 -1.42957082E-01 +0.00000000E+00 +5.18140243E-01 -1.38872594E-01 +0.00000000E+00
 +5.14055755E-01 -1.42957082E-01 +0.00000000E+00 +5.18140243E-01 -1.42957082E-01 +0.00000000E+00
 +5.26309219E-01 -1.47041570E-01 +0.00000000E+00 +5.26309219E-01 -1.38872594E-01 +0.00000000E+00
 +5.26309219E-01 -1.42957082E-01 +0.00000000E+00 +5.22224731E-01 -1.34788106E-01 +0.00000000E+00
 +5.18140243E-01 -1.30703618E-01 +0.00000000E+00 +5.14055755E-01 -1.34788106E-01 +0.00000000E+00
 +5.18140243E-01 -1.34788106E-01 +0.00000000E+00 +5.09971267E-01 -1.38872594E-01 +0.00000000E+00
 +5.09971267E-01 -1.30703618E-01 +0.00000000E+00 +5.05886779E-01 -1.34788106E-01 +0.00000000E+00
 +5.09971267E-01 -1.34788106E-01 +0.00000000E+00 +5.01802291E-01 -1.38872594E-01 +0.00000000E+00
 +5.01802291E-01 -1.30703618E-01 +0.00000000E+00 +4.97717803E-01 -1.34788106E-01 +0.00000000E+00
 +5.01802291E-01 -1.34788106E-01 +0.00000000E+00 +7.55040550E-01 -2.04224403E-01 +0.00000000E+00
 +7.59125038E-01 -2.00139915E-01 +0.00000000E+00 +7.55040550E-01 -1.96055427E-01 +0.00000000E+00
 +7.50956062E-01 -2.00139915E-01 +0.00000000E+00 +7.55040550E-01 -2.00139915E-01 +0.00000000E+00
 +7.46871574E-01 -2.04224403E-01 +0.00000000E+00 +7.46871574E-01 -1.96055427E-01 +0.00000000E+00
 +7.42787086E-01 -2.00139915E-01 +0.00000000E+00 +7.46871574E-01 -2.00139915E-01 +0.00000000E+00
 +7.38702598E-01 -2.04224403E-01 +0.00000000E+00 +7.38702598E-01 -1.96055427E-01 +0.00000000E+00
 +7.34618110E-01 -2.00139915E-01 +0.00000000E+00 +7.38702598E-01 -2.00139915E-01 +0.00000000E+00
 +7.30533622E-01 -2.04224403E-01 +0.00000000E+00 +7.30533622E-01 -1.96055427E-01 +0.00000000E+00
 +7.26449134E-01 -2.00139915E-01 +0.00000000E+00 +7.30533622E-01 -2.00139915E-01 +0.00000000E+00
 +7.06026694E-01 -1.96055427E-01 +0.00000000E+00 +7.10111182E-01 -1.91970939E-01 +0.00000000E+00
 +7.06026694E-01 -1.87886450E-01 +0.00000000E+00 +7.01942206E-01 -1.91970939E-01 +0.00000000E+00
 +7.06026694E-01 -1.91970939E-01 +0.00000000E+00 +6.97857718E-01 -1.87886450E-01 +0.00000000E+00
 +7.01942206E-01 -1.83801962E-01 +0.00000000E+00 +6.97857718E-01 -1.79717474E-01 +0.00000000E+00
 +6.93773230E-01 -1.83801962E-01 +0.00000000E+00 +6.97857718E-01 -1.83801962E-01 +0.00000000E+00
 +7.14195670E-01 -1.96055427E-01 +0.00000000E+00 +7.18280158E-01 -1.91970939E-01 +0.00000000E+00
 +7.14195670E-01 -1.87886450E-01 +0.00000000E+00 +7.14195670E-01 -1.91970939E-01 +0.00000000E+00
 +7.22364646E-01 -1.96055427E-01 +0.00000000E+00 +7.26449134E-01 -1.91970939E-01 +0.00000000E+00
 +7.22364646E-01 -1.87886450E-01 +0.00000000E+00 +7.22364646E-01 -1.91970939E-01 +0.00000000E+00
 +6.48843861E-01 -1.79717474E-01 +0.00000000E+00 +6.52928349E-01 -1.75632986E-01 +0.00000000E+00
 +6.48843861E-01 -1.71548498E-01 +0.00000000E+00 +6.44759373E-01 -1.75632986E-01 +0.00000000E+00
 +6.48843861E-01 -1.75632986E-01 +0.00000000E+00 +6.57012837E-01 -1.79717474E-01 +0.00000000E+00
 +6.61097325E-01 -1.75632986E-01 +0.00000000E+00 +6.57012837E-01 -1.71548498E-01 +0.00000000E+00
 +6.57012837E-01 -1.75632986E-01 +0.00000000E+00 +6.40674885E-01 -1.79717474E-01 +0.00000000E+00
 +6.40674885E-01 -1.71548498E-01 +0.00000000E+00 +6.36590397E-01 -1.75632986E-01 +0.00000000E+00
 +6.40674885E-01 -1.75632986E-01 +0.00000000E+00 +6.44759373E-01 -1.67464010E-01 +0.00000000E+00
 +6.40674885E-01 -1.63379522E-01 +0.00000000E+00 +6.36590397E-01 -1.67464010E-01 +0.00000000E+00
 +6.40674885E-01 -1.67464010E-01 +0.00000000E+00 +6.32505909E-01 -1.71548498E-01 +0.00000000E+00
 +6.32505909E-01 -1.63379522E-01 +0.00000000E+00 +6.32505909E-01 -1.67464010E-01 +0.00000000E+00
 +6.73350789E-01 -1.87886450E-01 +0.00000000E+00 +6.77435277E-01 -1.83801962E-01 +0.00000000E+00
 +6.73350789E-01 -1.79717474E-01 +0.00000000E+00 +6.69266301E-01 -1.83801962E-01 +0.00000000E+00
 +6.73350789E-01 -1.83801962E-01 +0.00000000E+00 +6.89688742E-01 -1.87886450E-01 +0.00000000E+00
 +6.89688742E-01 -1.79717474E-01 +0.00000000E+00 +6.85604253E-01 -1.83801962E-01 +0.00000000E+00
 +6.89688742E-01 -1.83801962E-01 +0.00000000E+00 +6.81519765E-01 -1.87886450E-01 +0.00000000E+00
 +6.81519765E-01 -1.79717474E-01 +0.00000000E+00 +6.81519765E-01 -1.83801962E-01 +0.00000000E+00
 +6.65181813E-01 -1.79717474E-01 +0.00000000E+00 +6.69266301E-01 -1.75632986E-01 +0.00000000E+00
 +6.65181813E-01 -1.71548498E-01 +0.00000000E+00 +6.65181813E-01 -1.75632986E-01 +0.00000000E+00
 +6.65181813E-01 -8.16897611E-02 +0.00000000E+00 +6.69266301E-01 -7.76052730E-02 +0.00000000E+00
 +6.65181813E-01 -7.35207850E-02 +0.00000000E+00 +6.61097325E-01 -7.76052730E-02 +0.00000000E+00
 +6.65181813E-01 -7.76052730E-02 +0.00000000E+00 +6.73350789E-01 -7.35207850E-02 +0.00000000E+00
 +6.77435277E-01 -6.94362969E-02 +0.00000000E+00 +6.73350789E-01 -6.53518089E-02 +0.00000000E+00
 +6.69266301E-01 -6.94362969E-02 +0.00000000E+00 +6.73350789E-01 -6.94362969E-02 +0.00000000E+00
 +6.65181813E-01 -6.53518089E-02 +0.00000000E+00 +6.61097325E-01 -6.94362969E-02 +0.00000000E+00
 +6.65181813E-01 -6.94362969E-02 +0.00000000E+00 +6.32505909E-01 -9.80277133E-02 +0.00000000E+00
 +6.36590397E-01 -9.39432252E-02 +0.00000000E+00 +6.32505909E-01 -8.98587372E-02 +0.00000000E+00
 +6.28421421E-01 -9.39432252E-02 +0.00000000E+00 +6.32505909E-01 -9.39432252E-02 +0.00000000E+00
 +6.40674885E-01 -9.80277133E-02 +0.00000000E+00 +6.44759373E-01 -9.39432252E-02 +0.00000000E+00
 +6.40674885E-01 -8.98587372E-02 +0.00000000E+00 +6.40674885E-01 -9.39432252E-02 +0.00000000E+00
 +6.57012837E-01 -8.98587372E-02 +0.00000000E+00 +6.61097325E-01 -8.57742491E-02 +0.00000000E+00
 +6.57012837E-01 -8.16897611E-02 +0.00000000E+00 +6.52928349E-01 -8.57742491E-02 +0.00000000E+00
 +6.57012837E-01 -8.57742491E-02 +0.00000000E+00 +6.48843861E-01 -8.98587372E-02 +0.00000000E+00
 +6.48843861E-01 -8.16897611E-02 +0.00000000E+00 +6.44759373E-01 -8.57742491E-02 +0.00000000E+00
 +6.48843861E-01 -8.57742491E-02 +0.00000000E+00 +6.57012837E-01 -7.35207850E-02 +0.00000000E+00
 +6.52928349E-01 -7.76052730E-02 +0.00000000E+00 +6.57012837E-01 -7.76052730E-02 +0.00000000E+00
 +6.97857718E-01 -3.26759044E-02 +0.00000000E+00 +7.01942206E-01 -2.85914164E-02 +0.00000000E+00
 +6.97857718E-01 -2.45069283E-02 +0.00000000E+00 +6.93773230E-01 -2.85914164E-02 +0.00000000E+00
 +6.97857718E-01 -2.85914164E-02 +0.00000000E+00 +7.01942206E-01 -2.04224403E-02 +0.00000000E+00
 +6.97857718E-01 -1.63379522E-02 +0.00000000E+00 +6.93773230E-01 -2.04224403E-02 +0.00000000E+00
 +6.97857718E-01 -2.04224403E-02 +0.00000000E+00 +7.01942206E-01 -1.22534642E-02 +0.00000000E+00
 +6.97857718E-01 -8.16897611E-03 +0.00000000E+00 +6.93773230E-01 -1.22534642E-02 +0.00000000E+00
 +6.97857718E-01 -1.22534642E-02 +0.00000000E+00 +7.01942206E-01 -4.08448805E-03 +0.00000000E+00
 +6.97857718E-01 +0.00000000E+00 +0.00000000E+00 +6.93773230E-01 -4.08448805E-03 +0.00000000E+00
 +6.97857718E-01 -4.08448805E-03 +0.00000000E+00 +6.77435277E-01 -6.12673208E-02 +0.00000000E+00
 +6.73350789E-01 -5.71828328E-02 +0.00000000E+00 +6.69266301E-01 -6.12673208E-02 +0.00000000E+00
 +6.73350789E-01 -6.12673208E-02 +0.00000000E+00 +6.81519765E-01 -6.53518089E-02 +0.00000000E+00
 +6.85604253E-01 -6.12673208E-02 +0.00000000E+00 +6.81519765E-01 -5.71828328E-02 +0.00000000E+00
 +6.81519765E-01 -6.12673208E-02 +0.00000000E+00 +6.85604253E-01 -5.30983447E-02 +0.00000000E+00
 +6.81519765E-01 -4.90138566E-02 +0.00000000E+00 +6.77435277E-01 -5.30983447E-02 +0.00000000E+00
 +6.81519765E-01 -5.30983447E-02 +0.00000000E+00 +6.89688742E-01 -4.90138566E-02 +0.00000000E+00
 +6.93773230E-01 -4.49293686E-02 +0.00000000E+00 +6.89688742E-01 -4.08448805E-02 +0.00000000E+00
 +6.85604253E-01 -4.49293686E-02 +0.00000000E+00 +6.89688742E-01 -4.49293686E-02 +0.00000000E+00
 +6.93773230E-01 -3.67603925E-02 +0.00000000E+00 +6.89688742E-01 -3.26759044E-02 +0.00000000E+00
 +6.85604253E-01 -3.67603925E-02 +0.00000000E+00 +6.89688742E-01 -3.67603925E-02 +0.00000000E+00
 +5.42647172E-01 -8.98587372E-02 +0.00000000E+00 +5.46731660E-01 -8.57742491E-02 +0.00000000E+00
 +5.42647172E-01 -8.16897611E-02 +0.00000000E+00 +5.38562684E-01 -8.57742491E-02 +0.00000000E+00
 +5.42647172E-01 -8.57742491E-02 +0.00000000E+00 +5.58985124E-01 -9.80277133E-02 +0.00000000E+00
 +5.63069612E-01 -9.39432252E-02 +0.00000000E+00 +5.58985124E-01 -8.98587372E-02 +0.00000000E+00
 +5.54900636E-01 -9.39432252E-02 +0.00000000E+00 +5.58985124E-01 -9.39432252E-02 +0.00000000E+00
 +5.50816148E-01 -8.98587372E-02 +0.00000000E+00 +5.54900636E-01 -8.57742491E-02 +0.00000000E+00
 +5.50816148E-01 -8.16897611E-02 +0.00000000E+00 +5.50816148E-01 -8.57742491E-02 +0.00000000E+00
 +5.34478195E-01 -8.16897611E-02 +0.00000000E+00 +5.38562684E-01 -7.76052730E-02 +0.00000000E+00
 +5.34478195E-01 -7.35207850E-02 +0.00000000E+00 +5.30393707E-01 -7.76052730E-02 +0.00000000E+00
 +5.34478195E-01 -7.76052730E-02 +0.00000000E+00 +5.46731660E-01 -7.76052730E-02 +0.00000000E+00
 +5.42647172E-01 -7.35207850E-02 +0.00000000E+00 +5.42647172E-01 -7.76052730E-02 +0.00000000E+00
 +5.38562684E-01 -6.94362969E-02 +0.00000000E+00 +5.34478195E-01 -6.53518089E-02 +0.00000000E+00
 +5.30393707E-01 -6.94362969E-02 +0.00000000E+00 +5.34478195E-01 -6.94362969E-02 +0.00000000E+00
 +5.26309219E-01 -7.35207850E-02 +0.00000000E+00 +5.26309219E-01 -6.53518089E-02 +0.00000000E+00
 +5.22224731E-01 -6.94362969E-02 +0.00000000E+00 +5.26309219E-01 -6.94362969E-02 +0.00000000E+00
 +5.67154100E-01 -9.80277133E-02 +0.00000000E+00 +5.71238588E-01 -9.39432252E-02 +0.00000000E+00
 +5.67154100E-01 -8.98587372E-02 +0.00000000E+00 +5.67154100E-01 -9.39432252E-02 +0.00000000E+00
 +5.75323076E-01 -9.80277133E-02 +0.00000000E+00 +5.79407564E-01 -9.39432252E-02 +0.00000000E+00
 +5.75323076E-01 -8.98587372E-02 +0.00000000E+00 +5.75323076E-01 -9.39432252E-02 +0.00000000E+00
 +5.18140243E-01 -6.53518089E-02 +0.00000000E+00 +5.22224731E-01 -6.12673208E-02 +0.00000000E+00
 +5.18140243E-01 -5.71828328E-02 +0.00000000E+00 +5.14055755E-01 -6.12673208E-02 +0.00000000E+00
 +5.18140243E-01 -6.12673208E-02 +0.00000000E+00 +5.30393707E-01 -6.12673208E-02 +0.00000000E+00
 +5.26309219E-01 -5.71828328E-02 +0.00000000E+00 +5.26309219E-01 -6.12673208E-02 +0.00000000E+00
 +5.22224731E-01 -5.30983447E-02 +0.00000000E+00 +5.18140243E-01 -4.90138566E-02 +0.00000000E+00
 +5.14055755E-01 -5.30983447E-02 +0.00000000E+00 +5.18140243E-01 -5.30983447E-02 +0.00000000E+00
 +5.09971267E-01 -4.90138566E-02 +0.00000000E+00 +5.14055755E-01 -4.49293686E-02 +0.00000000E+00
 +5.09971267E-01 -4.08448805E-02 +0.00000000E+00 +5.05886779E-01 -4.49293686E-02 +0.00000000E+00
 +5.09971267E-01 -4.49293686E-02 +0.00000000E+00 +5.14055755E-01 -3.67603925E-02 +0.00000000E+00
 +5.09971267E-01 -3.26759044E-02 +0.00000000E+00 +5.05886779E-01 -3.67603925E-02 +0.00000000E+00
 +5.09971267E-01 -3.67603925E-02 +0.00000000E+00 +5.01802291E-01 -3.26759044E-02 +0.00000000E+00
 +5.05886779E-01 -2.85914164E-02 +0.00000000E+00 +5.01802291E-01 -2.45069283E-02 +0.00000000E+00
 +4.97717803E-01 -2.85914164E-02 +0.00000000E+00 +5.01802291E-01 -2.85914164E-02 +0.00000000E+00
 +5.05886779E-01 -2.04224403E-02 +0.00000000E+00 +5.01802291E-01 -1.63379522E-02 +0.00000000E+00
 +4.97717803E-01 -2.04224403E-02 +0.00000000E+00 +5.01802291E-01 -2.04224403E-02 +0.00000000E+00
 +5.05886779E-01 -1.22534642E-02 +0.00000000E+00 +5.01802291E-01 -8.16897611E-03 +0.00000000E+00
 +4.97717803E-01 -1.22534642E-02 +0.00000000E+00 +5.01802291E-01 -1.22534642E-02 +0.00000000E+00
 +5.05886779E-01 -4.08448805E-03 +0.00000000E+00 +5.01802291E-01 +0.00000000E+00 +0.00000000E+00
 +4.97717803E-01 -4.08448805E-03 +0.00000000E+00 +5.01802291E-01 -4.08448805E-03 +0.00000000E+00
 +8.04054407E-01 -2.20562355E-01 +0.00000000E+00 +8.08138895E-01 -2.16477867E-01 +0.00000000E+00
 +8.04054407E-01 -2.12393379E-01 +0.00000000E+00 +7.99969919E-01 -2.16477867E-01 +0.00000000E+00
 +8.04054407E-01 -2.16477867E-01 +0.00000000E+00 +7.95885431E-01 -2.20562355E-01 +0.00000000E+00
 +7.95885431E-01 -2.12393379E-01 +0.00000000E+00 +7.91800943E-01 -2.16477867E-01 +0.00000000E+00
 +7.95885431E-01 -2.16477867E-01 +0.00000000E+00 +8.20392359E-01 -2.20562355E-01 +0.00000000E+00
 +8.24476847E-01 -2.16477867E-01 +0.00000000E+00 +8.20392359E-01 -2.12393379E-01 +0.00000000E+00
 +8.16307871E-01 -2.16477867E-01 +0.00000000E+00 +8.20392359E-01 -2.16477867E-01 +0.00000000E+00
 +8.12223383E-01 -2.20562355E-01 +0.00000000E+00 +8.12223383E-01 -2.12393379E-01 +0.00000000E+00
 +8.12223383E-01 -2.16477867E-01 +0.00000000E+00 +7.79547479E-01 -2.12393379E-01 +0.00000000E+00
 +7.83631967E-01 -2.08308891E-01 +0.00000000E+00 +7.79547479E-01 -2.04224403E-01 +0.00000000E+00
 +7.75462991E-01 -2.08308891E-01 +0.00000000E+00 +7.79547479E-01 -2.08308891E-01 +0.00000000E+00
 +7.87716455E-01 -2.12393379E-01 +0.00000000E+00 +7.91800943E-01 -2.08308891E-01 +0.00000000E+00
 +7.87716455E-01 -2.04224403E-01 +0.00000000E+00 +7.87716455E-01 -2.08308891E-01 +0.00000000E+00
 +7.63209527E-01 -2.12393379E-01 +0.00000000E+00 +7.67294015E-01 -2.08308891E-01 +0.00000000E+00
 +7.63209527E-01 -2.04224403E-01 +0.00000000E+00 +7.59125038E-01 -2.08308891E-01 +0.00000000E+00
 +7.63209527E-01 -2.08308891E-01 +0.00000000E+00 +7.71378503E-01 -2.12393379E-01 +0.00000000E+00
 +7.71378503E-01 -2.04224403E-01 +0.00000000E+00 +7.71378503E-01 -2.08308891E-01 +0.00000000E+00
 +7.67294015E-01 -2.00139915E-01 +0.00000000E+00 +7.63209527E-01 -1.96055427E-01 +0.00000000E+00
 +7.63209527E-01 -2.00139915E-01 +0.00000000E+00 +8.85744168E-01 -2.45069283E-01 +0.00000000E+00
 +8.89828656E-01 -2.40984795E-01 +0.00000000E+00 +8.85744168E-01 -2.36900307E-01 +0.00000000E+00
 +8.81659680E-01 -2.40984795E-01 +0.00000000E+00 +8.85744168E-01 -2.40984795E-01 +0.00000000E+00
 +8.89828656E-01 -2.32815819E-01 +0.00000000E+00 +8.85744168E-01 -2.28731331E-01 +0.00000000E+00
 +8.81659680E-01 -2.32815819E-01 +0.00000000E+00 +8.85744168E-01 -2.32815819E-01 +0.00000000E+00
 +8.77575192E-01 -2.36900307E-01 +0.00000000E+00 +8.77575192E-01 -2.28731331E-01 +0.00000000E+00
 +8.73490704E-01 -2.32815819E-01 +0.00000000E+00 +8.77575192E-01 -2.32815819E-01 +0.00000000E+00
 +8.69406216E-01 -2.36900307E-01 +0.00000000E+00 +8.69406216E-01 -2.28731331E-01 +0.00000000E+00
 +8.65321728E-01 -2.32815819E-01 +0.00000000E+00 +8.69406216E-01 -2.32815819E-01 +0.00000000E+00
 +8.61237240E-01 -2.36900307E-01 +0.00000000E+00 +8.61237240E-01 -2.28731331E-01 +0.00000000E+00
 +8.57152752E-01 -2.32815819E-01 +0.00000000E+00 +8.61237240E-01 -2.32815819E-01 +0.00000000E+00
 +8.28561335E-01 -2.28731331E-01 +0.00000000E+00 +8.32645823E-01 -2.24646843E-01 +0.00000000E+00
 +8.28561335E-01 -2.20562355E-01 +0.00000000E+00 +8.24476847E-01 -2.24646843E-01 +0.00000000E+00
 +8.28561335E-01 -2.24646843E-01 +0.00000000E+00 +8.36730311E-01 -2.28731331E-01 +0.00000000E+00
 +8.40814800E-01 -2.24646843E-01 +0.00000000E+00 +8.36730311E-01 -2.20562355E-01 +0.00000000E+00
 +8.36730311E-01 -2.24646843E-01 +0.00000000E+00 +8.44899288E-01 -2.28731331E-01 +0.00000000E+00
 +8.48983776E-01 -2.24646843E-01 +0.00000000E+00 +8.44899288E-01 -2.20562355E-01 +0.00000000E+00
 +8.44899288E-01 -2.24646843E-01 +0.00000000E+00 +8.53068264E-01 -2.28731331E-01 +0.00000000E+00
 +8.57152752E-01 -2.24646843E-01 +0.00000000E+00 +8.53068264E-01 -2.20562355E-01 +0.00000000E+00
 +8.53068264E-01 -2.24646843E-01 +0.00000000E+00 +9.18420073E-01 -2.53238259E-01 +0.00000000E+00
 +9.22504561E-01 -2.49153771E-01 +0.00000000E+00 +9.18420073E-01 -2.45069283E-01 +0.00000000E+00
 +9.14335584E-01 -2.49153771E-01 +0.00000000E+00 +9.18420073E-01 -2.49153771E-01 +0.00000000E+00
 +9.10251096E-01 -2.45069283E-01 +0.00000000E+00 +9.14335584E-01 -2.40984795E-01 +0.00000000E+00
 +9.10251096E-01 -2.36900307E-01 +0.00000000E+00 +9.06166608E-01 -2.40984795E-01 +0.00000000E+00
 +9.10251096E-01 -2.40984795E-01 +0.00000000E+00 +8.93913144E-01 -2.45069283E-01 +0.00000000E+00
 +8.97997632E-01 -2.40984795E-01 +0.00000000E+00 +8.93913144E-01 -2.36900307E-01 +0.00000000E+00
 +8.93913144E-01 -2.40984795E-01 +0.00000000E+00 +9.02082120E-01 -2.45069283E-01 +0.00000000E+00
 +9.02082120E-01 -2.36900307E-01 +0.00000000E+00 +9.02082120E-01 -2.40984795E-01 +0.00000000E+00
 +9.34758025E-01 -2.53238259E-01 +0.00000000E+00 +9.38842513E-01 -2.49153771E-01 +0.00000000E+00
 +9.34758025E-01 -2.45069283E-01 +0.00000000E+00 +9.30673537E-01 -2.49153771E-01 +0.00000000E+00
 +9.34758025E-01 -2.49153771E-01 +0.00000000E+00 +9.26589049E-01 -2.53238259E-01 +0.00000000E+00
 +9.26589049E-01 -2.45069283E-01 +0.00000000E+00 +9.26589049E-01 -2.49153771E-01 +0.00000000E+00
 +9.51095977E-01 -2.61407235E-01 +0.00000000E+00 +9.55180465E-01 -2.57322747E-01 +0.00000000E+00
 +9.51095977E-01 -2.53238259E-01 +0.00000000E+00 +9.47011489E-01 -2.57322747E-01 +0.00000000E+00
 +9.51095977E-01 -2.57322747E-01 +0.00000000E+00 +9.42927001E-01 -2.53238259E-01 +0.00000000E+00
 +9.47011489E-01 -2.49153771E-01 +0.00000000E+00 +9.42927001E-01 -2.45069283E-01 +0.00000000E+00
 +9.42927001E-01 -2.49153771E-01 +0.00000000E+00 +9.59264953E-01 -2.61407235E-01 +0.00000000E+00
 +9.63349441E-01 -2.57322747E-01 +0.00000000E+00 +9.59264953E-01 -2.53238259E-01 +0.00000000E+00
 +9.59264953E-01 -2.57322747E-01 +0.00000000E+00 +9.67433929E-01 -2.61407235E-01 +0.00000000E+00
 +9.71518417E-01 -2.57322747E-01 +0.00000000E+00 +9.67433929E-01 -2.53238259E-01 +0.00000000E+00
 +9.67433929E-01 -2.57322747E-01 +0.00000000E+00 +9.71518417E-01 -2.49153771E-01 +0.00000000E+00
 +9.67433929E-01 -2.45069283E-01 +0.00000000E+00 +9.63349441E-01 -2.49153771E-01 +0.00000000E+00
 +9.67433929E-01 -2.49153771E-01 +0.00000000E+00 +9.75602905E-01 -2.36900307E-01 +0.00000000E+00
 +9.79687393E-01 -2.32815819E-01 +0.00000000E+00 +9.75602905E-01 -2.28731331E-01 +0.00000000E+00
 +9.71518417E-01 -2.32815819E-01 +0.00000000E+00 +9.75602905E-01 -2.32815819E-01 +0.00000000E+00
 +9.71518417E-01 -2.40984795E-01 +0.00000000E+00 +9.67433929E-01 -2.36900307E-01 +0.00000000E+00
 +9.63349441E-01 -2.40984795E-01 +0.00000000E+00 +9.67433929E-01 -2.40984795E-01 +0.00000000E+00
 +9.79687393E-01 -2.24646843E-01 +0.00000000E+00 +9.75602905E-01 -2.20562355E-01 +0.00000000E+00
 +9.71518417E-01 -2.24646843E-01 +0.00000000E+00 +9.75602905E-01 -2.24646843E-01 +0.00000000E+00
 +9.79687393E-01 -2.16477867E-01 +0.00000000E+00 +9.75602905E-01 -2.12393379E-01 +0.00000000E+00
 +9.71518417E-01 -2.16477867E-01 +0.00000000E+00 +9.75602905E-01 -2.16477867E-01 +0.00000000E+00
 +9.79687393E-01 -2.08308891E-01 +0.00000000E+00 +9.75602905E-01 -2.04224403E-01 +0.00000000E+00
 +9.71518417E-01 -2.08308891E-01 +0.00000000E+00 +9.75602905E-01 -2.08308891E-01 +0.00000000E+00
 +9.83771881E-01 -2.04224403E-01 +0.00000000E+00 +9.87856369E-01 -2.00139915E-01 +0.00000000E+00
 +9.83771881E-01 -1.96055427E-01 +0.00000000E+00 +9.79687393E-01 -2.00139915E-01 +0.00000000E+00
 +9.83771881E-01 -2.00139915E-01 +0.00000000E+00 +9.75602905E-01 -1.96055427E-01 +0.00000000E+00
 +9.71518417E-01 -2.00139915E-01 +0.00000000E+00 +9.75602905E-01 -2.00139915E-01 +0.00000000E+00
 +9.87856369E-01 -1.91970939E-01 +0.00000000E+00 +9.83771881E-01 -1.87886450E-01 +0.00000000E+00
 +9.79687393E-01 -1.91970939E-01 +0.00000000E+00 +9.83771881E-01 -1.91970939E-01 +0.00000000E+00
 +9.87856369E-01 -1.83801962E-01 +0.00000000E+00 +9.83771881E-01 -1.79717474E-01 +0.00000000E+00
 +9.79687393E-01 -1.83801962E-01 +0.00000000E+00 +9.83771881E-01 -1.83801962E-01 +0.00000000E+00
 +9.87856369E-01 -1.75632986E-01 +0.00000000E+00 +9.83771881E-01 -1.71548498E-01 +0.00000000E+00
 +9.79687393E-01 -1.75632986E-01 +0.00000000E+00 +9.83771881E-01 -1.75632986E-01 +0.00000000E+00
 +9.87856369E-01 -1.67464010E-01 +0.00000000E+00 +9.83771881E-01 -1.63379522E-01 +0.00000000E+00
 +9.79687393E-01 -1.67464010E-01 +0.00000000E+00 +9.83771881E-01 -1.67464010E-01 +0.00000000E+00
 +9.91940858E-01 -1.55210546E-01 +0.00000000E+00 +9.96025346E-01 -1.51126058E-01 +0.00000000E+00
 +9.91940858E-01 -1.47041570E-01 +0.00000000E+00 +9.87856369E-01 -1.51126058E-01 +0.00000000E+00
 +9.91940858E-01 -1.51126058E-01 +0.00000000E+00 +9.96025346E-01 -1.42957082E-01 +0.00000000E+00
 +9.91940858E-01 -1.38872594E-01 +0.00000000E+00 +9.87856369E-01 -1.42957082E-01 +0.00000000E+00
 +9.91940858E-01 -1.42957082E-01 +0.00000000E+00 +9.96025346E-01 -1.34788106E-01 +0.00000000E+00
 +9.91940858E-01 -1.30703618E-01 +0.00000000E+00 +9.87856369E-01 -1.34788106E-01 +0.00000000E+00
 +9.91940858E-01 -1.34788106E-01 +0.00000000E+00 +9.96025346E-01 -1.26619130E-01 +0.00000000E+00
 +9.91940858E-01 -1.22534642E-01 +0.00000000E+00 +9.87856369E-01 -1.26619130E-01 +0.00000000E+00
 +9.91940858E-01 -1.26619130E-01 +0.00000000E+00 +9.96025346E-01 -1.18450154E-01 +0.00000000E+00
 +9.91940858E-01 -1.14365666E-01 +0.00000000E+00 +9.87856369E-01 -1.18450154E-01 +0.00000000E+00
 +9.91940858E-01 -1.18450154E-01 +0.00000000E+00 +9.96025346E-01 -1.10281177E-01 +0.00000000E+00
 +9.91940858E-01 -1.06196689E-01 +0.00000000E+00 +9.87856369E-01 -1.10281177E-01 +0.00000000E+00
 +9.91940858E-01 -1.10281177E-01 +0.00000000E+00 +9.96025346E-01 -1.02112201E-01 +0.00000000E+00
 +9.91940858E-01 -9.80277133E-02 +0.00000000E+00 +9.87856369E-01 -1.02112201E-01 +0.00000000E+00
 +9.91940858E-01 -1.02112201E-01 +0.00000000E+00 +9.96025346E-01 -9.39432252E-02 +0.00000000E+00
 +9.91940858E-01 -8.98587372E-02 +0.00000000E+00 +9.87856369E-01 -9.39432252E-02 +0.00000000E+00
 +9.91940858E-01 -9.39432252E-02 +0.00000000E+00 +9.96025346E-01 -8.57742491E-02 +0.00000000E+00
 +9.91940858E-01 -8.16897611E-02 +0.00000000E+00 +9.87856369E-01 -8.57742491E-02 +0.00000000E+00
 +9.91940858E-01 -8.57742491E-02 +0.00000000E+00 +9.83771881E-01 -8.98587372E-02 +0.00000000E+00
 +9.83771881E-01 -8.16897611E-02 +0.00000000E+00 +9.79687393E-01 -8.57742491E-02 +0.00000000E+00
 +9.83771881E-01 -8.57742491E-02 +0.00000000E+00 +9.75602905E-01 -8.16897611E-02 +0.00000000E+00
 +9.79687393E-01 -7.76052730E-02 +0.00000000E+00 +9.75602905E-01 -7.35207850E-02 +0.00000000E+00
 +9.71518417E-01 -7.76052730E-02 +0.00000000E+00 +9.75602905E-01 -7.76052730E-02 +0.00000000E+00
 +9.87856369E-01 -7.76052730E-02 +0.00000000E+00 +9.83771881E-01 -7.35207850E-02 +0.00000000E+00
 +9.83771881E-01 -7.76052730E-02 +0.00000000E+00 +9.79687393E-01 -6.94362969E-02 +0.00000000E+00
 +9.75602905E-01 -6.53518089E-02 +0.00000000E+00 +9.71518417E-01 -6.94362969E-02 +0.00000000E+00
 +9.75602905E-01 -6.94362969E-02 +0.00000000E+00 +9.67433929E-01 -7.35207850E-02 +0.00000000E+00
 +9.67433929E-01 -6.53518089E-02 +0.00000000E+00 +9.63349441E-01 -6.94362969E-02 +0.00000000E+00
 +9.67433929E-01 -6.94362969E-02 +0.00000000E+00 +9.59264953E-01 -6.53518089E-02 +0.00000000E+00
 +9.63349441E-01 -6.12673208E-02 +0.00000000E+00 +9.59264953E-01 -5.71828328E-02 +0.00000000E+00
 +9.55180465E-01 -6.12673208E-02 +0.00000000E+00 +9.59264953E-01 -6.12673208E-02 +0.00000000E+00
 +9.71518417E-01 -6.12673208E-02 +0.00000000E+00 +9.67433929E-01 -5.71828328E-02 +0.00000000E+00
 +9.67433929E-01 -6.12673208E-02 +0.00000000E+00 +9.63349441E-01 -5.30983447E-02 +0.00000000E+00
 +9.59264953E-01 -4.90138566E-02 +0.00000000E+00 +9.55180465E-01 -5.30983447E-02 +0.00000000E+00
 +9.59264953E-01 -5.30983447E-02 +0.00000000E+00 +9.51095977E-01 -5.71828328E-02 +0.00000000E+00
 +9.51095977E-01 -4.90138566E-02 +0.00000000E+00 +9.47011489E-01 -5.30983447E-02 +0.00000000E+00
 +9.51095977E-01 -5.30983447E-02 +0.00000000E+00 +9.42927001E-01 -4.90138566E-02 +0.00000000E+00
 +9.47011489E-01 -4.49293686E-02 +0.00000000E+00 +9.42927001E-01 -4.08448805E-02 +0.00000000E+00
 +9.38842513E-01 -4.49293686E-02 +0.00000000E+00 +9.42927001E-01 -4.49293686E-02 +0.00000000E+00
 +9.55180465E-01 -4.49293686E-02 +0.00000000E+00 +9.51095977E-01 -4.08448805E-02 +0.00000000E+00
 +9.51095977E-01 -4.49293686E-02 +0.00000000E+00 +9.47011489E-01 -3.67603925E-02 +0.00000000E+00
 +9.42927001E-01 -3.26759044E-02 +0.00000000E+00 +9.38842513E-01 -3.67603925E-02 +0.00000000E+00
 +9.42927001E-01 -3.67603925E-02 +0.00000000E+00 +9.34758025E-01 -4.08448805E-02 +0.00000000E+00
 +9.34758025E-01 -3.26759044E-02 +0.00000000E+00 +9.30673537E-01 -3.67603925E-02 +0.00000000E+00
 +9.34758025E-01 -3.67603925E-02 +0.00000000E+00 +9.26589049E-01 -3.26759044E-02 +0.00000000E+00
 +9.30673537E-01 -2.85914164E-02 +0.00000000E+00 +9.26589049E-01 -2.45069283E-02 +0.00000000E+00
 +9.22504561E-01 -2.85914164E-02 +0.00000000E+00 +9.26589049E-01 -2.85914164E-02 +0.00000000E+00
 +9.38842513E-01 -2.85914164E-02 +0.00000000E+00 +9.34758025E-01 -2.45069283E-02 +0.00000000E+00
 +9.34758025E-01 -2.85914164E-02 +0.00000000E+00 +9.30673537E-01 -2.04224403E-02 +0.00000000E+00
 +9.26589049E-01 -1.63379522E-02 +0.00000000E+00 +9.22504561E-01 -2.04224403E-02 +0.00000000E+00
 +9.26589049E-01 -2.04224403E-02 +0.00000000E+00 +9.18420073E-01 -2.45069283E-02 +0.00000000E+00
 +9.18420073E-01 -1.63379522E-02 +0.00000000E+00 +9.14335584E-01 -2.04224403E-02 +0.00000000E+00
 +9.18420073E-01 -2.04224403E-02 +0.00000000E+00 +9.10251096E-01 -1.63379522E-02 +0.00000000E+00
 +9.14335584E-01 -1.22534642E-02 +0.00000000E+00 +9.10251096E-01 -8.16897611E-03 +0.00000000E+00
 +9.06166608E-01 -1.22534642E-02 +0.00000000E+00 +9.10251096E-01 -1.22534642E-02 +0.00000000E+00
 +9.22504561E-01 -1.22534642E-02 +0.00000000E+00 +9.18420073E-01 -8.16897611E-03 +0.00000000E+00
 +9.18420073E-01 -1.22534642E-02 +0.00000000E+00 +9.14335584E-01 -4.08448805E-03 +0.00000000E+00
 +9.10251096E-01 +0.00000000E+00 +0.00000000E+00 +9.06166608E-01 -4.08448805E-03 +0.00000000E+00
 +9.10251096E-01 -4.08448805E-03 +0.00000000E+00 +9.02082120E-01 -8.16897611E-03 +0.00000000E+00
 +9.02082120E-01 +0.00000000E+00 +0.00000000E+00 +8.97997632E-01 -4.08448805E-03 +0.00000000E+00
 +9.02082120E-01 -4.08448805E-03 +0.00000000E+00 +9.06166608E-01 +4.08448805E-03 +0.00000000E+00
 +9.02082120E-01 +8.16897611E-03 +0.00000000E+00 +8.97997632E-01 +4.08448805E-03 +0.00000000E+00
 +9.02082120E-01 +4.08448805E-03 +0.00000000E+00 +9.14335584E-01 +4.08448805E-03 +0.00000000E+00
 +9.10251096E-01 +8.16897611E-03 +0.00000000E+00 +9.10251096E-01 +4.08448805E-03 +0.00000000E+00
 +9.18420073E-01 +8.16897611E-03 +0.00000000E+00 +9.22504561E-01 +1.22534642E-02 +0.00000000E+00
 +9.18420073E-01 +1.63379522E-02 +0.00000000E+00 +9.14335584E-01 +1.22534642E-02 +0.00000000E+00
 +9.18420073E-01 +1.22534642E-02 +0.00000000E+00 +9.10251096E-01 +1.63379522E-02 +0.00000000E+00
 +9.06166608E-01 +1.22534642E-02 +0.00000000E+00 +9.10251096E-01 +1.22534642E-02 +0.00000000E+00
 +9.22504561E-01 +2.04224403E-02 +0.00000000E+00 +9.18420073E-01 +2.45069283E-02 +0.00000000E+00
 +9.14335584E-01 +2.04224403E-02 +0.00000000E+00 +9.18420073E-01 +2.04224403E-02 +0.00000000E+00
 +9.26589049E-01 +1.63379522E-02 +0.00000000E+00 +9.30673537E-01 +2.04224403E-02 +0.00000000E+00
 +9.26589049E-01 +2.45069283E-02 +0.00000000E+00 +9.26589049E-01 +2.04224403E-02 +0.00000000E+00
 +9.34758025E-01 +2.45069283E-02 +0.00000000E+00 +9.38842513E-01 +2.85914164E-02 +0.00000000E+00
 +9.34758025E-01 +3.26759044E-02 +0.00000000E+00 +9.30673537E-01 +2.85914164E-02 +0.00000000E+00
 +9.34758025E-01 +2.85914164E-02 +0.00000000E+00 +9.26589049E-01 +3.26759044E-02 +0.00000000E+00
 +9.22504561E-01 +2.85914164E-02 +0.00000000E+00 +9.26589049E-01 +2.85914164E-02 +0.00000000E+00
 +9.38842513E-01 +3.67603925E-02 +0.00000000E+00 +9.34758025E-01 +4.08448805E-02 +0.00000000E+00
 +9.30673537E-01 +3.67603925E-02 +0.00000000E+00 +9.34758025E-01 +3.67603925E-02 +0.00000000E+00
 +9.42927001E-01 +3.26759044E-02 +0.00000000E+00 +9.47011489E-01 +3.67603925E-02 +0.00000000E+00
 +9.42927001E-01 +4.08448805E-02 +0.00000000E+00 +9.42927001E-01 +3.67603925E-02 +0.00000000E+00
 +9.51095977E-01 +4.08448805E-02 +0.00000000E+00 +9.55180465E-01 +4.49293686E-02 +0.00000000E+00
 +9.51095977E-01 +4.90138566E-02 +0.00000000E+00 +9.47011489E-01 +4.49293686E-02 +0.00000000E+00
 +9.51095977E-01 +4.49293686E-02 +0.00000000E+00 +9.42927001E-01 +4.90138566E-02 +0.00000000E+00
 +9.38842513E-01 +4.49293686E-02 +0.00000000E+00 +9.42927001E-01 +4.49293686E-02 +0.00000000E+00
 +9.55180465E-01 +5.30983447E-02 +0.00000000E+00 +9.51095977E-01 +5.71828328E-02 +0.00000000E+00
 +9.47011489E-01 +5.30983447E-02 +0.00000000E+00 +9.51095977E-01 +5.30983447E-02 +0.00000000E+00
 +9.59264953E-01 +4.90138566E-02 +0.00000000E+00 +9.63349441E-01 +5.30983447E-02 +0.00000000E+00
 +9.59264953E-01 +5.71828328E-02 +0.00000000E+00 +9.59264953E-01 +5.30983447E-02 +0.00000000E+00
 +9.67433929E-01 +5.71828328E-02 +0.00000000E+00 +9.71518417E-01 +6.12673208E-02 +0.00000000E+00
 +9.67433929E-01 +6.53518089E-02 +0.00000000E+00 +9.63349441E-01 +6.12673208E-02 +0.00000000E+00
 +9.67433929E-01 +6.12673208E-02 +0.00000000E+00 +9.59264953E-01 +6.53518089E-02 +0.00000000E+00
 +9.55180465E-01 +6.12673208E-02 +0.00000000E+00 +9.59264953E-01 +6.12673208E-02 +0.00000000E+00
 +9.71518417E-01 +6.94362969E-02 +0.00000000E+00 +9.67433929E-01 +7.35207850E-02 +0.00000000E+00
 +9.63349441E-01 +6.94362969E-02 +0.00000000E+00 +9.67433929E-01 +6.94362969E-02 +0.00000000E+00
 +9.75602905E-01 +6.53518089E-02 +0.00000000E+00 +9.79687393E-01 +6.94362969E-02 +0.00000000E+00
 +9.75602905E-01 +7.35207850E-02 +0.00000000E+00 +9.75602905E-01 +6.94362969E-02 +0.00000000E+00
 +9.83771881E-01 +7.35207850E-02 +0.00000000E+00 +9.87856369E-01 +7.76052730E-02 +0.00000000E+00
 +9.83771881E-01 +8.16897611E-02 +0.00000000E+00 +9.79687393E-01 +7.76052730E-02 +0.00000000E+00
 +9.83771881E-01 +7.76052730E-02 +0.00000000E+00 +9.75602905E-01 +8.16897611E-02 +0.00000000E+00
 +9.71518417E-01 +7.76052730E-02 +0.00000000E+00 +9.75602905E-01 +7.76052730E-02 +0.00000000E+00
 +9.87856369E-01 +8.57742491E-02 +0.00000000E+00 +9.83771881E-01 +8.98587372E-02 +0.00000000E+00
 +9.79687393E-01 +8.57742491E-02 +0.00000000E+00 +9.83771881E-01 +8.57742491E-02 +0.00000000E+00
 +9.91940858E-01 +8.16897611E-02 +0.00000000E+00 +9.96025346E-01 +8.57742491E-02 +0.00000000E+00
 +9.91940858E-01 +8.98587372E-02 +0.00000000E+00 +9.91940858E-01 +8.57742491E-02 +0.00000000E+00
 +9.96025346E-01 +9.39432252E-02 +0.00000000E+00 +9.91940858E-01 +9.80277133E-02 +0.00000000E+00
 +9.87856369E-01 +9.39432252E-02 +0.00000000E+00 +9.91940858E-01 +9.39432252E-02 +0.00000000E+00
 +9.96025346E-01 +1.02112201E-01 +0.00000000E+00 +9.91940858E-01 +1.06196689E-01 +0.00000000E+00
 +9.87856369E-01 +1.02112201E-01 +0.00000000E+00 +9.91940858E-01 +1.02112201E-01 +0.00000000E+00
 +9.96025346E-01 +1.10281177E-01 +0.00000000E+00 +9.91940858E-01 +1.14365666E-01 +0.00000000E+00
 +9.87856369E-01 +1.10281177E-01 +0.00000000E+00 +9.91940858E-01 +1.10281177E-01 +0.00000000E+00
 +9.96025346E-01 +1.18450154E-01 +0.00000000E+00 +9.91940858E-01 +1.22534642E-01 +0.00000000E+00
 +9.87856369E-01 +1.18450154E-01 +0.00000000E+00 +9.91940858E-01 +1.18450154E-01 +0.00000000E+00
 +9.96025346E-01 +1.26619130E-01 +0.00000000E+00 +9.91940858E-01 +1.30703618E-01 +0.00000000E+00
 +9.87856369E-01 +1.26619130E-01 +0.00000000E+00 +9.91940858E-01 +1.26619130E-01 +0.00000000E+00
 +9.96025346E-01 +1.34788106E-01 +0.00000000E+00 +9.91940858E-01 +1.38872594E-01 +0.00000000E+00
 +9.87856369E-01 +1.34788106E-01 +0.00000000E+00 +9.91940858E-01 +1.34788106E-01 +0.00000000E+00
 +9.96025346E-01 +1.42957082E-01 +0.00000000E+00 +9.91940858E-01 +1.47041570E-01 +0.00000000E+00
 +9.87856369E-01 +1.42957082E-01 +0.00000000E+00 +9.91940858E-01 +1.42957082E-01 +0.00000000E+00
 +9.96025346E-01 +1.51126058E-01 +0.00000000E+00 +9.91940858E-01 +1.55210546E-01 +0.00000000E+00
 +9.87856369E-01 +1.51126058E-01 +0.00000000E+00 +9.91940858E-01 +1.51126058E-01 +0.00000000E+00
 +9.83771881E-01 +1.63379522E-01 +0.00000000E+00 +9.87856369E-01 +1.67464010E-01 +0.00000000E+00
 +9.83771881E-01 +1.71548498E-01 +0.00000000E+00 +9.79687393E-01 +1.67464010E-01 +0.00000000E+00
 +9.83771881E-01 +1.67464010E-01 +0.00000000E+00 +9.87856369E-01 +1.75632986E-01 +0.00000000E+00
 +9.83771881E-01 +1.79717474E-01 +0.00000000E+00 +9.79687393E-01 +1.75632986E-01 +0.00000000E+00
 +9.83771881E-01 +1.75632986E-01 +0.00000000E+00 +9.87856369E-01 +1.83801962E-01 +0.00000000E+00
 +9.83771881E-01 +1.87886450E-01 +0.00000000E+00 +9.79687393E-01 +1.83801962E-01 +0.00000000E+00
 +9.83771881E-01 +1.83801962E-01 +0.00000000E+00 +9.87856369E-01 +1.91970939E-01 +0.00000000E+00
 +9.83771881E-01 +1.96055427E-01 +0.00000000E+00 +9.79687393E-01 +1.91970939E-01 +0.00000000E+00
 +9.83771881E-01 +1.91970939E-01 +0.00000000E+00 +9.75602905E-01 +1.96055427E-01 +0.00000000E+00
 +9.79687393E-01 +2.00139915E-01 +0.00000000E+00 +9.75602905E-01 +2.04224403E-01 +0.00000000E+00
 +9.71518417E-01 +2.00139915E-01 +0.00000000E+00 +9.75602905E-01 +2.00139915E-01 +0.00000000E+00
 +9.87856369E-01 +2.00139915E-01 +0.00000000E+00 +9.83771881E-01 +2.04224403E-01 +0.00000000E+00
 +9.83771881E-01 +2.00139915E-01 +0.00000000E+00 +9.79687393E-01 +2.08308891E-01 +0.00000000E+00
 +9.75602905E-01 +2.12393379E-01 +0.00000000E+00 +9.71518417E-01 +2.08308891E-01 +0.00000000E+00
 +9.75602905E-01 +2.08308891E-01 +0.00000000E+00 +9.79687393E-01 +2.16477867E-01 +0.00000000E+00
 +9.75602905E-01 +2.20562355E-01 +0.00000000E+00 +9.71518417E-01 +2.16477867E-01 +0.00000000E+00
 +9.75602905E-01 +2.16477867E-01 +0.00000000E+00 +9.79687393E-01 +2.24646843E-01 +0.00000000E+00
 +9.75602905E-01 +2.28731331E-01 +0.00000000E+00 +9.71518417E-01 +2.24646843E-01 +0.00000000E+00
 +9.75602905E-01 +2.24646843E-01 +0.00000000E+00 +9.67433929E-01 +2.36900307E-01 +0.00000000E+00
 +9.71518417E-01 +2.40984795E-01 +0.00000000E+00 +9.67433929E-01 +2.45069283E-01 +0.00000000E+00
 +9.63349441E-01 +2.40984795E-01 +0.00000000E+00 +9.67433929E-01 +2.40984795E-01 +0.00000000E+00
 +9.79687393E-01 +2.32815819E-01 +0.00000000E+00 +9.75602905E-01 +2.36900307E-01 +0.00000000E+00
 +9.71518417E-01 +2.32815819E-01 +0.00000000E+00 +9.75602905E-01 +2.32815819E-01 +0.00000000E+00
 +9.71518417E-01 +2.49153771E-01 +0.00000000E+00 +9.67433929E-01 +2.53238259E-01 +0.00000000E+00
 +9.63349441E-01 +2.49153771E-01 +0.00000000E+00 +9.67433929E-01 +2.49153771E-01 +0.00000000E+00
 +9.71518417E-01 +2.57322747E-01 +0.00000000E+00 +9.67433929E-01 +2.61407235E-01 +0.00000000E+00
 +9.63349441E-01 +2.57322747E-01 +0.00000000E+00 +9.67433929E-01 +2.57322747E-01 +0.00000000E+00
 +9.59264953E-01 +2.53238259E-01 +0.00000000E+00 +9.59264953E-01 +2.61407235E-01 +0.00000000E+00
 +9.55180465E-01 +2.57322747E-01 +0.00000000E+00 +9.59264953E-01 +2.57322747E-01 +0.00000000E+00
 +9.42927001E-01 +2.45069283E-01 +0.00000000E+00 +9.47011489E-01 +2.49153771E-01 +0.00000000E+00
 +9.42927001E-01 +2.53238259E-01 +0.00000000E+00 +9.38842513E-01 +2.49153771E-01 +0.00000000E+00
 +9.42927001E-01 +2.49153771E-01 +0.00000000E+00 +9.51095977E-01 +2.53238259E-01 +0.00000000E+00
 +9.51095977E-01 +2.61407235E-01 +0.00000000E+00 +9.47011489E-01 +2.57322747E-01 +0.00000000E+00
 +9.51095977E-01 +2.57322747E-01 +0.00000000E+00 +9.26589049E-01 +2.45069283E-01 +0.00000000E+00
 +9.30673537E-01 +2.49153771E-01 +0.00000000E+00 +9.26589049E-01 +2.53238259E-01 +0.00000000E+00
 +9.22504561E-01 +2.49153771E-01 +0.00000000E+00 +9.26589049E-01 +2.49153771E-01 +0.00000000E+00
 +9.34758025E-01 +2.45069283E-01 +0.00000000E+00 +9.34758025E-01 +2.53238259E-01 +0.00000000E+00
 +9.34758025E-01 +2.49153771E-01 +0.00000000E+00 +9.02082120E-01 +2.36900307E-01 +0.00000000E+00
 +9.06166608E-01 +2.40984795E-01 +0.00000000E+00 +9.02082120E-01 +2.45069283E-01 +0.00000000E+00
 +8.97997632E-01 +2.40984795E-01 +0.00000000E+00 +9.02082120E-01 +2.40984795E-01 +0.00000000E+00
 +8.93913144E-01 +2.36900307E-01 +0.00000000E+00 +8.93913144E-01 +2.45069283E-01 +0.00000000E+00
 +8.89828656E-01 +2.40984795E-01 +0.00000000E+00 +8.93913144E-01 +2.40984795E-01 +0.00000000E+00
 +9.10251096E-01 +2.36900307E-01 +0.00000000E+00 +9.14335584E-01 +2.40984795E-01 +0.00000000E+00
 +9.10251096E-01 +2.45069283E-01 +0.00000000E+00 +9.10251096E-01 +2.40984795E-01 +0.00000000E+00
 +9.18420073E-01 +2.45069283E-01 +0.00000000E+00 +9.18420073E-01 +2.53238259E-01 +0.00000000E+00
 +9.14335584E-01 +2.49153771E-01 +0.00000000E+00 +9.18420073E-01 +2.49153771E-01 +0.00000000E+00
 +8.53068264E-01 +2.20562355E-01 +0.00000000E+00 +8.57152752E-01 +2.24646843E-01 +0.00000000E+00
 +8.53068264E-01 +2.28731331E-01 +0.00000000E+00 +8.48983776E-01 +2.24646843E-01 +0.00000000E+00
 +8.53068264E-01 +2.24646843E-01 +0.00000000E+00 +8.44899288E-01 +2.20562355E-01 +0.00000000E+00
 +8.44899288E-01 +2.28731331E-01 +0.00000000E+00 +8.40814800E-01 +2.24646843E-01 +0.00000000E+00
 +8.44899288E-01 +2.24646843E-01 +0.00000000E+00 +8.36730311E-01 +2.20562355E-01 +0.00000000E+00
 +8.36730311E-01 +2.28731331E-01 +0.00000000E+00 +8.32645823E-01 +2.24646843E-01 +0.00000000E+00
 +8.36730311E-01 +2.24646843E-01 +0.00000000E+00 +8.28561335E-01 +2.20562355E-01 +0.00000000E+00
 +8.28561335E-01 +2.28731331E-01 +0.00000000E+00 +8.24476847E-01 +2.24646843E-01 +0.00000000E+00
 +8.28561335E-01 +2.24646843E-01 +0.00000000E+00 +8.61237240E-01 +2.28731331E-01 +0.00000000E+00
 +8.65321728E-01 +2.32815819E-01 +0.00000000E+00 +8.61237240E-01 +2.36900307E-01 +0.00000000E+00
 +8.57152752E-01 +2.32815819E-01 +0.00000000E+00 +8.61237240E-01 +2.32815819E-01 +0.00000000E+00
 +8.69406216E-01 +2.28731331E-01 +0.00000000E+00 +8.73490704E-01 +2.32815819E-01 +0.00000000E+00
 +8.69406216E-01 +2.36900307E-01 +0.00000000E+00 +8.69406216E-01 +2.32815819E-01 +0.00000000E+00
 +8.77575192E-01 +2.28731331E-01 +0.00000000E+00 +8.81659680E-01 +2.32815819E-01 +0.00000000E+00
 +8.77575192E-01 +2.36900307E-01 +0.00000000E+00 +8.77575192E-01 +2.32815819E-01 +0.00000000E+00
 +8.85744168E-01 +2.28731331E-01 +0.00000000E+00 +8.89828656E-01 +2.32815819E-01 +0.00000000E+00
 +8.85744168E-01 +2.36900307E-01 +0.00000000E+00 +8.85744168E-01 +2.32815819E-01 +0.00000000E+00
 +8.85744168E-01 +2.45069283E-01 +0.00000000E+00 +8.81659680E-01 +2.40984795E-01 +0.00000000E+00
 +8.85744168E-01 +2.40984795E-01 +0.00000000E+00 +7.63209527E-01 +1.96055427E-01 +0.00000000E+00
 +7.67294015E-01 +2.00139915E-01 +0.00000000E+00 +7.63209527E-01 +2.04224403E-01 +0.00000000E+00
 +7.59125038E-01 +2.00139915E-01 +0.00000000E+00 +7.63209527E-01 +2.00139915E-01 +0.00000000E+00
 +7.71378503E-01 +2.04224403E-01 +0.00000000E+00 +7.75462991E-01 +2.08308891E-01 +0.00000000E+00
 +7.71378503E-01 +2.12393379E-01 +0.00000000E+00 +7.67294015E-01 +2.08308891E-01 +0.00000000E+00
 +7.71378503E-01 +2.08308891E-01 +0.00000000E+00 +7.63209527E-01 +2.12393379E-01 +0.00000000E+00
 +7.59125038E-01 +2.08308891E-01 +0.00000000E+00 +7.63209527E-01 +2.08308891E-01 +0.00000000E+00
 +7.87716455E-01 +2.04224403E-01 +0.00000000E+00 +7.91800943E-01 +2.08308891E-01 +0.00000000E+00
 +7.87716455E-01 +2.12393379E-01 +0.00000000E+00 +7.83631967E-01 +2.08308891E-01 +0.00000000E+00
 +7.87716455E-01 +2.08308891E-01 +0.00000000E+00 +7.79547479E-01 +2.04224403E-01 +0.00000000E+00
 +7.79547479E-01 +2.12393379E-01 +0.00000000E+00 +7.79547479E-01 +2.08308891E-01 +0.00000000E+00
 +8.12223383E-01 +2.12393379E-01 +0.00000000E+00 +8.16307871E-01 +2.16477867E-01 +0.00000000E+00
 +8.12223383E-01 +2.20562355E-01 +0.00000000E+00 +8.08138895E-01 +2.16477867E-01 +0.00000000E+00
 +8.12223383E-01 +2.16477867E-01 +0.00000000E+00 +8.20392359E-01 +2.12393379E-01 +0.00000000E+00
 +8.24476847E-01 +2.16477867E-01 +0.00000000E+00 +8.20392359E-01 +2.20562355E-01 +0.00000000E+00
 +8.20392359E-01 +2.16477867E-01 +0.00000000E+00 +7.95885431E-01 +2.12393379E-01 +0.00000000E+00
 +7.99969919E-01 +2.16477867E-01 +0.00000000E+00 +7.95885431E-01 +2.20562355E-01 +0.00000000E+00
 +7.91800943E-01 +2.16477867E-01 +0.00000000E+00 +7.95885431E-01 +2.16477867E-01 +0.00000000E+00
 +8.04054407E-01 +2.12393379E-01 +0.00000000E+00 +8.04054407E-01 +2.20562355E-01 +0.00000000E+00
 +8.04054407E-01 +2.16477867E-01 +0.00000000E+00 +5.05886779E-01 +4.08448805E-03 +0.00000000E+00
 +5.01802291E-01 +8.16897611E-03 +0.00000000E+00 +4.97717803E-01 +4.08448805E-03 +0.00000000E+00
 +5.01802291E-01 +4.08448805E-03 +0.00000000E+00 +5.05886779E-01 +1.22534642E-02 +0.00000000E+00
 +5.01802291E-01 +1.63379522E-02 +0.00000000E+00 +4.97717803E-01 +1.22534642E-02 +0.00000000E+00
 +5.01802291E-01 +1.22534642E-02 +0.00000000E+00 +5.05886779E-01 +2.04224403E-02 +0.00000000E+00
 +5.01802291E-01 +2.45069283E-02 +0.00000000E+00 +4.97717803E-01 +2.04224403E-02 +0.00000000E+00
 +5.01802291E-01 +2.04224403E-02 +0.00000000E+00 +5.05886779E-01 +2.85914164E-02 +0.00000000E+00
 +5.01802291E-01 +3.26759044E-02 +0.00000000E+00 +4.97717803E-01 +2.85914164E-02 +0.00000000E+00
 +5.01802291E-01 +2.85914164E-02 +0.00000000E+00 +5.09971267E-01 +3.26759044E-02 +0.00000000E+00
 +5.14055755E-01 +3.67603925E-02 +0.00000000E+00 +5.09971267E-01 +4.08448805E-02 +0.00000000E+00
 +5.05886779E-01 +3.67603925E-02 +0.00000000E+00 +5.09971267E-01 +3.67603925E-02 +0.00000000E+00
 +5.14055755E-01 +4.49293686E-02 +0.00000000E+00 +5.09971267E-01 +4.90138566E-02 +0.00000000E+00
 +5.05886779E-01 +4.49293686E-02 +0.00000000E+00 +5.09971267E-01 +4.49293686E-02 +0.00000000E+00
 +5.18140243E-01 +4.90138566E-02 +0.00000000E+00 +5.22224731E-01 +5.30983447E-02 +0.00000000E+00
 +5.18140243E-01 +5.71828328E-02 +0.00000000E+00 +5.14055755E-01 +5.30983447E-02 +0.00000000E+00
 +5.18140243E-01 +5.30983447E-02 +0.00000000E+00 +5.26309219E-01 +5.71828328E-02 +0.00000000E+00
 +5.30393707E-01 +6.12673208E-02 +0.00000000E+00 +5.26309219E-01 +6.53518089E-02 +0.00000000E+00
 +5.22224731E-01 +6.12673208E-02 +0.00000000E+00 +5.26309219E-01 +6.12673208E-02 +0.00000000E+00
 +5.18140243E-01 +6.53518089E-02 +0.00000000E+00 +5.14055755E-01 +6.12673208E-02 +0.00000000E+00
 +5.18140243E-01 +6.12673208E-02 +0.00000000E+00 +5.75323076E-01 +8.98587372E-02 +0.00000000E+00
 +5.79407564E-01 +9.39432252E-02 +0.00000000E+00 +5.75323076E-01 +9.80277133E-02 +0.00000000E+00
 +5.71238588E-01 +9.39432252E-02 +0.00000000E+00 +5.75323076E-01 +9.39432252E-02 +0.00000000E+00
 +5.67154100E-01 +8.98587372E-02 +0.00000000E+00 +5.67154100E-01 +9.80277133E-02 +0.00000000E+00
 +5.63069612E-01 +9.39432252E-02 +0.00000000E+00 +5.67154100E-01 +9.39432252E-02 +0.00000000E+00
 +6.24336933E-01 +8.98587372E-02 +0.00000000E+00 +6.28421421E-01 +9.39432252E-02 +0.00000000E+00
 +6.24336933E-01 +9.80277133E-02 +0.00000000E+00 +6.20252445E-01 +9.39432252E-02 +0.00000000E+00
 +6.24336933E-01 +9.39432252E-02 +0.00000000E+00 +6.16167957E-01 +8.98587372E-02 +0.00000000E+00
 +6.16167957E-01 +9.80277133E-02 +0.00000000E+00 +6.12083469E-01 +9.39432252E-02 +0.00000000E+00
 +6.16167957E-01 +9.39432252E-02 +0.00000000E+00 +5.30393707E-01 +6.94362969E-02 +0.00000000E+00
 +5.26309219E-01 +7.35207850E-02 +0.00000000E+00 +5.22224731E-01 +6.94362969E-02 +0.00000000E+00
 +5.26309219E-01 +6.94362969E-02 +0.00000000E+00 +5.34478195E-01 +6.53518089E-02 +0.00000000E+00
 +5.38562684E-01 +6.94362969E-02 +0.00000000E+00 +5.34478195E-01 +7.35207850E-02 +0.00000000E+00
 +5.34478195E-01 +6.94362969E-02 +0.00000000E+00 +5.42647172E-01 +7.35207850E-02 +0.00000000E+00
 +5.46731660E-01 +7.76052730E-02 +0.00000000E+00 +5.42647172E-01 +8.16897611E-02 +0.00000000E+00
 +5.38562684E-01 +7.76052730E-02 +0.00000000E+00 +5.42647172E-01 +7.76052730E-02 +0.00000000E+00
 +5.34478195E-01 +8.16897611E-02 +0.00000000E+00 +5.30393707E-01 +7.76052730E-02 +0.00000000E+00
 +5.34478195E-01 +7.76052730E-02 +0.00000000E+00 +5.50816148E-01 +8.16897611E-02 +0.00000000E+00
 +5.54900636E-01 +8.57742491E-02 +0.00000000E+00 +5.50816148E-01 +8.98587372E-02 +0.00000000E+00
 +5.46731660E-01 +8.57742491E-02 +0.00000000E+00 +5.50816148E-01 +8.57742491E-02 +0.00000000E+00
 +5.58985124E-01 +8.16897611E-02 +0.00000000E+00 +5.63069612E-01 +8.57742491E-02 +0.00000000E+00
 +5.58985124E-01 +8.98587372E-02 +0.00000000E+00 +5.58985124E-01 +8.57742491E-02 +0.00000000E+00
 +5.58985124E-01 +9.80277133E-02 +0.00000000E+00 +5.54900636E-01 +9.39432252E-02 +0.00000000E+00
 +5.58985124E-01 +9.39432252E-02 +0.00000000E+00 +5.42647172E-01 +8.98587372E-02 +0.00000000E+00
 +5.38562684E-01 +8.57742491E-02 +0.00000000E+00 +5.42647172E-01 +8.57742491E-02 +0.00000000E+00
 +6.89688742E-01 +3.26759044E-02 +0.00000000E+00 +6.93773230E-01 +3.67603925E-02 +0.00000000E+00
 +6.89688742E-01 +4.08448805E-02 +0.00000000E+00 +6.85604253E-01 +3.67603925E-02 +0.00000000E+00
 +6.89688742E-01 +3.67603925E-02 +0.00000000E+00 +6.93773230E-01 +4.49293686E-02 +0.00000000E+00
 +6.89688742E-01 +4.90138566E-02 +0.00000000E+00 +6.85604253E-01 +4.49293686E-02 +0.00000000E+00
 +6.89688742E-01 +4.49293686E-02 +0.00000000E+00 +6.81519765E-01 +4.90138566E-02 +0.00000000E+00
 +6.85604253E-01 +5.30983447E-02 +0.00000000E+00 +6.81519765E-01 +5.71828328E-02 +0.00000000E+00
 +6.77435277E-01 +5.30983447E-02 +0.00000000E+00 +6.81519765E-01 +5.30983447E-02 +0.00000000E+00
 +6.93773230E-01 +5.30983447E-02 +0.00000000E+00 +6.89688742E-01 +5.71828328E-02 +0.00000000E+00
 +6.89688742E-01 +5.30983447E-02 +0.00000000E+00 +6.85604253E-01 +6.12673208E-02 +0.00000000E+00
 +6.81519765E-01 +6.53518089E-02 +0.00000000E+00 +6.77435277E-01 +6.12673208E-02 +0.00000000E+00
 +6.81519765E-01 +6.12673208E-02 +0.00000000E+00 +6.73350789E-01 +5.71828328E-02 +0.00000000E+00
 +6.73350789E-01 +6.53518089E-02 +0.00000000E+00 +6.69266301E-01 +6.12673208E-02 +0.00000000E+00
 +6.73350789E-01 +6.12673208E-02 +0.00000000E+00 +7.01942206E-01 +4.08448805E-03 +0.00000000E+00
 +6.97857718E-01 +8.16897611E-03 +0.00000000E+00 +6.93773230E-01 +4.08448805E-03 +0.00000000E+00
 +6.97857718E-01 +4.08448805E-03 +0.00000000E+00 +7.01942206E-01 +1.22534642E-02 +0.00000000E+00
 +6.97857718E-01 +1.63379522E-02 +0.00000000E+00 +6.93773230E-01 +1.22534642E-02 +0.00000000E+00
 +6.97857718E-01 +1.22534642E-02 +0.00000000E+00 +7.01942206E-01 +2.04224403E-02 +0.00000000E+00
 +6.97857718E-01 +2.45069283E-02 +0.00000000E+00 +6.93773230E-01 +2.04224403E-02 +0.00000000E+00
 +6.97857718E-01 +2.04224403E-02 +0.00000000E+00 +7.01942206E-01 +2.85914164E-02 +0.00000000E+00
 +6.97857718E-01 +3.26759044E-02 +0.00000000E+00 +6.93773230E-01 +2.85914164E-02 +0.00000000E+00
 +6.97857718E-01 +2.85914164E-02 +0.00000000E+00 +6.57012837E-01 +7.35207850E-02 +0.00000000E+00
 +6.61097325E-01 +7.76052730E-02 +0.00000000E+00 +6.57012837E-01 +8.16897611E-02 +0.00000000E+00
 +6.52928349E-01 +7.76052730E-02 +0.00000000E+00 +6.57012837E-01 +7.76052730E-02 +0.00000000E+00
 +6.48843861E-01 +8.16897611E-02 +0.00000000E+00 +6.52928349E-01 +8.57742491E-02 +0.00000000E+00
 +6.48843861E-01 +8.98587372E-02 +0.00000000E+00 +6.44759373E-01 +8.57742491E-02 +0.00000000E+00
 +6.48843861E-01 +8.57742491E-02 +0.00000000E+00 +6.61097325E-01 +8.57742491E-02 +0.00000000E+00
 +6.57012837E-01 +8.98587372E-02 +0.00000000E+00 +6.57012837E-01 +8.57742491E-02 +0.00000000E+00
 +6.40674885E-01 +8.16897611E-02 +0.00000000E+00 +6.40674885E-01 +8.98587372E-02 +0.00000000E+00
 +6.36590397E-01 +8.57742491E-02 +0.00000000E+00 +6.40674885E-01 +8.57742491E-02 +0.00000000E+00
 +6.44759373E-01 +9.39432252E-02 +0.00000000E+00 +6.40674885E-01 +9.80277133E-02 +0.00000000E+00
 +6.36590397E-01 +9.39432252E-02 +0.00000000E+00 +6.40674885E-01 +9.39432252E-02 +0.00000000E+00
 +6.32505909E-01 +8.98587372E-02 +0.00000000E+00 +6.32505909E-01 +9.80277133E-02 +0.00000000E+00
 +6.32505909E-01 +9.39432252E-02 +0.00000000E+00 +6.65181813E-01 +6.53518089E-02 +0.00000000E+00
 +6.69266301E-01 +6.94362969E-02 +0.00000000E+00 +6.65181813E-01 +7.35207850E-02 +0.00000000E+00
 +6.61097325E-01 +6.94362969E-02 +0.00000000E+00 +6.65181813E-01 +6.94362969E-02 +0.00000000E+00
 +6.77435277E-01 +6.94362969E-02 +0.00000000E+00 +6.73350789E-01 +7.35207850E-02 +0.00000000E+00
 +6.73350789E-01 +6.94362969E-02 +0.00000000E+00 +6.69266301E-01 +7.76052730E-02 +0.00000000E+00
 +6.65181813E-01 +8.16897611E-02 +0.00000000E+00 +6.65181813E-01 +7.76052730E-02 +0.00000000E+00
 +6.65181813E-01 +1.71548498E-01 +0.00000000E+00 +6.69266301E-01 +1.75632986E-01 +0.00000000E+00
 +6.65181813E-01 +1.79717474E-01 +0.00000000E+00 +6.61097325E-01 +1.75632986E-01 +0.00000000E+00
 +6.65181813E-01 +1.75632986E-01 +0.00000000E+00 +6.81519765E-01 +1.79717474E-01 +0.00000000E+00
 +6.85604253E-01 +1.83801962E-01 +0.00000000E+00 +6.81519765E-01 +1.87886450E-01 +0.00000000E+00
 +6.77435277E-01 +1.83801962E-01 +0.00000000E+00 +6.81519765E-01 +1.83801962E-01 +0.00000000E+00
 +6.89688742E-01 +1.79717474E-01 +0.00000000E+00 +6.93773230E-01 +1.83801962E-01 +0.00000000E+00
 +6.89688742E-01 +1.87886450E-01 +0.00000000E+00 +6.89688742E-01 +1.83801962E-01 +0.00000000E+00
 +6.73350789E-01 +1.79717474E-01 +0.00000000E+00 +6.73350789E-01 +1.87886450E-01 +0.00000000E+00
 +6.69266301E-01 +1.83801962E-01 +0.00000000E+00 +6.73350789E-01 +1.83801962E-01 +0.00000000E+00
 +6.32505909E-01 +1.63379522E-01 +0.00000000E+00 +6.36590397E-01 +1.67464010E-01 +0.00000000E+00
 +6.32505909E-01 +1.71548498E-01 +0.00000000E+00 +6.28421421E-01 +1.67464010E-01 +0.00000000E+00
 +6.32505909E-01 +1.67464010E-01 +0.00000000E+00 +6.40674885E-01 +1.63379522E-01 +0.00000000E+00
 +6.44759373E-01 +1.67464010E-01 +0.00000000E+00 +6.40674885E-01 +1.71548498E-01 +0.00000000E+00
 +6.40674885E-01 +1.67464010E-01 +0.00000000E+00 +6.44759373E-01 +1.75632986E-01 +0.00000000E+00
 +6.40674885E-01 +1.79717474E-01 +0.00000000E+00 +6.36590397E-01 +1.75632986E-01 +0.00000000E+00
 +6.40674885E-01 +1.75632986E-01 +0.00000000E+00 +6.57012837E-01 +1.71548498E-01 +0.00000000E+00
 +6.57012837E-01 +1.79717474E-01 +0.00000000E+00 +6.52928349E-01 +1.75632986E-01 +0.00000000E+00
 +6.57012837E-01 +1.75632986E-01 +0.00000000E+00 +6.48843861E-01 +1.71548498E-01 +0.00000000E+00
 +6.48843861E-01 +1.79717474E-01 +0.00000000E+00 +6.48843861E-01 +1.75632986E-01 +0.00000000E+00
 +7.22364646E-01 +1.87886450E-01 +0.00000000E+00 +7.26449134E-01 +1.91970939E-01 +0.00000000E+00
 +7.22364646E-01 +1.96055427E-01 +0.00000000E+00 +7.18280158E-01 +1.91970939E-01 +0.00000000E+00
 +7.22364646E-01 +1.91970939E-01 +0.00000000E+00 +7.14195670E-01 +1.87886450E-01 +0.00000000E+00
 +7.14195670E-01 +1.96055427E-01 +0.00000000E+00 +7.10111182E-01 +1.91970939E-01 +0.00000000E+00
 +7.14195670E-01 +1.91970939E-01 +0.00000000E+00 +6.97857718E-01 +1.79717474E-01 +0.00000000E+00
 +7.01942206E-01 +1.83801962E-01 +0.00000000E+00 +6.97857718E-01 +1.87886450E-01 +0.00000000E+00
 +6.97857718E-01 +1.83801962E-01 +0.00000000E+00 +7.06026694E-01 +1.87886450E-01 +0.00000000E+00
 +7.06026694E-01 +1.96055427E-01 +0.00000000E+00 +7.01942206E-01 +1.91970939E-01 +0.00000000E+00
 +7.06026694E-01 +1.91970939E-01 +0.00000000E+00 +7.30533622E-01 +1.96055427E-01 +0.00000000E+00
 +7.34618110E-01 +2.00139915E-01 +0.00000000E+00 +7.30533622E-01 +2.04224403E-01 +0.00000000E+00
 +7.26449134E-01 +2.00139915E-01 +0.00000000E+00 +7.30533622E-01 +2.00139915E-01 +0.00000000E+00
 +7.38702598E-01 +1.96055427E-01 +0.00000000E+00 +7.42787086E-01 +2.00139915E-01 +0.00000000E+00
 +7.38702598E-01 +2.04224403E-01 +0.00000000E+00 +7.38702598E-01 +2.00139915E-01 +0.00000000E+00
 +7.46871574E-01 +1.96055427E-01 +0.00000000E+00 +7.50956062E-01 +2.00139915E-01 +0.00000000E+00
 +7.46871574E-01 +2.04224403E-01 +0.00000000E+00 +7.46871574E-01 +2.00139915E-01 +0.00000000E+00
 +7.55040550E-01 +1.96055427E-01 +0.00000000E+00 +7.55040550E-01 +2.04224403E-01 +0.00000000E+00
 +7.55040550E-01 +2.00139915E-01 +0.00000000E+00 +5.01802291E-01 +1.30703618E-01 +0.00000000E+00
 +5.05886779E-01 +1.34788106E-01 +0.00000000E+00 +5.01802291E-01 +1.38872594E-01 +0.00000000E+00
 +4.97717803E-01 +1.34788106E-01 +0.00000000E+00 +5.01802291E-01 +1.34788106E-01 +0.00000000E+00
 +5.09971267E-01 +1.30703618E-01 +0.00000000E+00 +5.14055755E-01 +1.34788106E-01 +0.00000000E+00
 +5.09971267E-01 +1.38872594E-01 +0.00000000E+00 +5.09971267E-01 +1.34788106E-01 +0.00000000E+00
 +5.18140243E-01 +1.30703618E-01 +0.00000000E+00 +5.22224731E-01 +1.34788106E-01 +0.00000000E+00
 +5.18140243E-01 +1.38872594E-01 +0.00000000E+00 +5.18140243E-01 +1.34788106E-01 +0.00000000E+00
 +5.26309219E-01 +1.38872594E-01 +0.00000000E+00 +5.30393707E-01 +1.42957082E-01 +0.00000000E+00
 +5.26309219E-01 +1.47041570E-01 +0.00000000E+00 +5.22224731E-01 +1.42957082E-01 +0.00000000E+00
 +5.26309219E-01 +1.42957082E-01 +0.00000000E+00 +5.18140243E-01 +1.47041570E-01 +0.00000000E+00
 +5.14055755E-01 +1.42957082E-01 +0.00000000E+00 +5.18140243E-01 +1.42957082E-01 +0.00000000E+00
 +5.42647172E-01 +1.38872594E-01 +0.00000000E+00 +5.46731660E-01 +1.42957082E-01 +0.00000000E+00
 +5.42647172E-01 +1.47041570E-01 +0.00000000E+00 +5.38562684E-01 +1.42957082E-01 +0.00000000E+00
 +5.42647172E-01 +1.42957082E-01 +0.00000000E+00 +5.34478195E-01 +1.38872594E-01 +0.00000000E+00
 +5.34478195E-01 +1.47041570E-01 +0.00000000E+00 +5.34478195E-01 +1.42957082E-01 +0.00000000E+00
 +5.50816148E-01 +1.47041570E-01 +0.00000000E+00 +5.54900636E-01 +1.51126058E-01 +0.00000000E+00
 +5.50816148E-01 +1.55210546E-01 +0.00000000E+00 +5.46731660E-01 +1.51126058E-01 +0.00000000E+00
 +5.50816148E-01 +1.51126058E-01 +0.00000000E+00 +5.58985124E-01 +1.47041570E-01 +0.00000000E+00
 +5.63069612E-01 +1.51126058E-01 +0.00000000E+00 +5.58985124E-01 +1.55210546E-01 +0.00000000E+00
 +5.58985124E-01 +1.51126058E-01 +0.00000000E+00 +5.91661028E-01 +1.55210546E-01 +0.00000000E+00
 +5.95745516E-01 +1.59295034E-01 +0.00000000E+00 +5.91661028E-01 +1.63379522E-01 +0.00000000E+00
 +5.87576540E-01 +1.59295034E-01 +0.00000000E+00 +5.91661028E-01 +1.59295034E-01 +0.00000000E+00
 +5.83492052E-01 +1.55210546E-01 +0.00000000E+00 +5.83492052E-01 +1.63379522E-01 +0.00000000E+00
 +5.79407564E-01 +1.59295034E-01 +0.00000000E+00 +5.83492052E-01 +1.59295034E-01 +0.00000000E+00
 +5.67154100E-01 +1.47041570E-01 +0.00000000E+00 +5.71238588E-01 +1.51126058E-01 +0.00000000E+00
 +5.67154100E-01 +1.55210546E-01 +0.00000000E+00 +5.67154100E-01 +1.51126058E-01 +0.00000000E+00
 +5.75323076E-01 +1.47041570E-01 +0.00000000E+00 +5.79407564E-01 +1.51126058E-01 +0.00000000E+00
 +5.75323076E-01 +1.55210546E-01 +0.00000000E+00 +5.75323076E-01 +1.51126058E-01 +0.00000000E+00
 +6.07998980E-01 +1.55210546E-01 +0.00000000E+00 +6.12083469E-01 +1.59295034E-01 +0.00000000E+00
 +6.07998980E-01 +1.63379522E-01 +0.00000000E+00 +6.03914492E-01 +1.59295034E-01 +0.00000000E+00
 +6.07998980E-01 +1.59295034E-01 +0.00000000E+00 +5.99830004E-01 +1.55210546E-01 +0.00000000E+00
 +5.99830004E-01 +1.63379522E-01 +0.00000000E+00 +5.99830004E-01 +1.59295034E-01 +0.00000000E+00
 +6.16167957E-01 +1.63379522E-01 +0.00000000E+00 +6.20252445E-01 +1.67464010E-01 +0.00000000E+00
 +6.16167957E-01 +1.71548498E-01 +0.00000000E+00 +6.12083469E-01 +1.67464010E-01 +0.00000000E+00
 +6.16167957E-01 +1.67464010E-01 +0.00000000E+00 +6.24336933E-01 +1.63379522E-01 +0.00000000E+00
 +6.24336933E-01 +1.71548498E-01 +0.00000000E+00 +6.24336933E-01 +1.67464010E-01 +0.00000000E+00
 +1.79127735E-01 -6.53518089E-02 +0.00000000E+00 +1.70958759E-01 -5.71828328E-02 +0.00000000E+00
 +1.79127735E-01 -5.71828328E-02 +0.00000000E+00 +2.03634663E-01 -4.08448805E-02 +0.00000000E+00
 +1.95465687E-01 -3.26759044E-02 +0.00000000E+00 +1.95465687E-01 -4.08448805E-02 +0.00000000E+00
 +2.19972615E-01 -4.08448805E-02 +0.00000000E+00 +2.11803639E-01 -3.26759044E-02 +0.00000000E+00
 +2.11803639E-01 -4.08448805E-02 +0.00000000E+00 +1.13775926E-01 -4.90138566E-02 +0.00000000E+00
 +1.05606950E-01 -4.08448805E-02 +0.00000000E+00 +1.13775926E-01 -4.08448805E-02 +0.00000000E+00
 +1.62789783E-01 -6.53518089E-02 +0.00000000E+00 +1.54620806E-01 -5.71828328E-02 +0.00000000E+00
 +1.62789783E-01 -5.71828328E-02 +0.00000000E+00 +1.38282854E-01 -2.45069283E-02 +0.00000000E+00
 +1.30113878E-01 -1.63379522E-02 +0.00000000E+00 +1.30113878E-01 -2.45069283E-02 +0.00000000E+00
 +8.92689976E-02 -8.16897611E-03 +0.00000000E+00 +8.11000215E-02 +0.00000000E+00 +0.00000000E+00
 +7.29310454E-02 -8.16897611E-03 +0.00000000E+00 +8.11000215E-02 -8.16897611E-03 +0.00000000E+00
 +4.84241171E-02 -3.26759044E-02 +0.00000000E+00 +4.02551410E-02 -2.45069283E-02 +0.00000000E+00
 +4.84241171E-02 -2.45069283E-02 +0.00000000E+00 +6.47620693E-02 +0.00000000E+00 +0.00000000E+00
 +6.47620693E-02 -8.16897611E-03 +0.00000000E+00 +3.20861649E-02 -3.26759044E-02 +0.00000000E+00
 +2.39171887E-02 -2.45069283E-02 +0.00000000E+00 +3.20861649E-02 -2.45069283E-02 +0.00000000E+00
 +3.91521114E-01 -1.30703618E-01 +0.00000000E+00 +3.99690090E-01 -1.22534642E-01 +0.00000000E+00
 +3.83352137E-01 -1.22534642E-01 +0.00000000E+00 +3.91521114E-01 -1.22534642E-01 +0.00000000E+00
 +4.07859066E-01 -1.30703618E-01 +0.00000000E+00 +4.07859066E-01 -1.22534642E-01 +0.00000000E+00
 +4.65041899E-01 -1.06196689E-01 +0.00000000E+00 +4.56872922E-01 -9.80277133E-02 +0.00000000E+00
 +4.48703946E-01 -1.06196689E-01 +0.00000000E+00 +4.56872922E-01 -1.06196689E-01 +0.00000000E+00
 +4.40534970E-01 -9.80277133E-02 +0.00000000E+00 +4.40534970E-01 -1.06196689E-01 +0.00000000E+00
 +2.77155448E-01 -9.80277133E-02 +0.00000000E+00 +2.85324424E-01 -8.98587372E-02 +0.00000000E+00
 +2.68986472E-01 -8.98587372E-02 +0.00000000E+00 +2.77155448E-01 -8.98587372E-02 +0.00000000E+00
 +2.93493400E-01 -9.80277133E-02 +0.00000000E+00 +2.93493400E-01 -8.98587372E-02 +0.00000000E+00
 +3.34338281E-01 -7.35207850E-02 +0.00000000E+00 +3.26169305E-01 -6.53518089E-02 +0.00000000E+00
 +3.18000329E-01 -7.35207850E-02 +0.00000000E+00 +3.26169305E-01 -7.35207850E-02 +0.00000000E+00
 +3.09831353E-01 -6.53518089E-02 +0.00000000E+00 +3.09831353E-01 -7.35207850E-02 +0.00000000E+00
 +3.09831353E-01 +6.53518089E-02 +0.00000000E+00 +3.18000329E-01 +7.35207850E-02 +0.00000000E+00
 +3.09831353E-01 +7.35207850E-02 +0.00000000E+00 +3.26169305E-01 +6.53518089E-02 +0.00000000E+00
 +3.34338281E-01 +7.35207850E-02 +0.00000000E+00 +3.26169305E-01 +7.35207850E-02 +0.00000000E+00
 +2.93493400E-01 +9.80277133E-02 +0.00000000E+00 +2.85324424E-01 +8.98587372E-02 +0.00000000E+00
 +2.93493400E-01 +8.98587372E-02 +0.00000000E+00 +2.77155448E-01 +9.80277133E-02 +0.00000000E+00
 +2.68986472E-01 +8.98587372E-02 +0.00000000E+00 +2.77155448E-01 +8.98587372E-02 +0.00000000E+00
 +4.40534970E-01 +9.80277133E-02 +0.00000000E+00 +4.48703946E-01 +1.06196689E-01 +0.00000000E+00
 +4.40534970E-01 +1.06196689E-01 +0.00000000E+00 +4.56872922E-01 +9.80277133E-02 +0.00000000E+00
 +4.65041899E-01 +1.06196689E-01 +0.00000000E+00 +4.56872922E-01 +1.06196689E-01 +0.00000000E+00
 +4.07859066E-01 +1.30703618E-01 +0.00000000E+00 +3.99690090E-01 +1.22534642E-01 +0.00000000E+00
 +4.07859066E-01 +1.22534642E-01 +0.00000000E+00 +3.91521114E-01 +1.30703618E-01 +0.00000000E+00
 +3.83352137E-01 +1.22534642E-01 +0.00000000E+00 +3.91521114E-01 +1.22534642E-01 +0.00000000E+00
 +4.02551410E-02 +2.45069283E-02 +0.00000000E+00 +3.20861649E-02 +3.26759044E-02 +0.00000000E+00
 +2.39171887E-02 +2.45069283E-02 +0.00000000E+00 +3.20861649E-02 +2.45069283E-02 +0.00000000E+00
 +7.29310454E-02 +8.16897611E-03 +0.00000000E+00 +6.47620693E-02 +8.16897611E-03 +0.00000000E+00
 +4.84241171E-02 +3.26759044E-02 +0.00000000E+00 +4.84241171E-02 +2.45069283E-02 +0.00000000E+00
 +8.92689976E-02 +8.16897611E-03 +0.00000000E+00 +8.11000215E-02 +8.16897611E-03 +0.00000000E+00
 +1.30113878E-01 +1.63379522E-02 +0.00000000E+00 +1.38282854E-01 +2.45069283E-02 +0.00000000E+00
 +1.30113878E-01 +2.45069283E-02 +0.00000000E+00 +1.70958759E-01 +5.71828328E-02 +0.00000000E+00
 +1.62789783E-01 +6.53518089E-02 +0.00000000E+00 +1.54620806E-01 +5.71828328E-02 +0.00000000E+00
 +1.62789783E-01 +5.71828328E-02 +0.00000000E+00 +1.13775926E-01 +4.90138566E-02 +0.00000000E+00
 +1.05606950E-01 +4.08448805E-02 +0.00000000E+00 +1.13775926E-01 +4.08448805E-02 +0.00000000E+00
 +2.11803639E-01 +3.26759044E-02 +0.00000000E+00 +2.19972615E-01 +4.08448805E-02 +0.00000000E+00
 +2.03634663E-01 +4.08448805E-02 +0.00000000E+00 +2.11803639E-01 +4.08448805E-02 +0.00000000E+00
 +1.95465687E-01 +3.26759044E-02 +0.00000000E+00 +1.95465687E-01 +4.08448805E-02 +0.00000000E+00
 +1.79127735E-01 +6.53518089E-02 +0.00000000E+00 +1.79127735E-01 +5.71828328E-02 +0.00000000E+00
 +6.03914492E-01 -1.79717474E-01 +0.00000000E+00 +5.95745516E-01 -1.71548498E-01 +0.00000000E+00
 +6.03914492E-01 -1.71548498E-01 +0.00000000E+00 +6.28421421E-01 -1.55210546E-01 +0.00000000E+00
 +6.20252445E-01 -1.47041570E-01 +0.00000000E+00 +6.20252445E-01 -1.55210546E-01 +0.00000000E+00
 +5.79407564E-01 -1.38872594E-01 +0.00000000E+00 +5.71238588E-01 -1.30703618E-01 +0.00000000E+00
 +5.63069612E-01 -1.38872594E-01 +0.00000000E+00 +5.71238588E-01 -1.38872594E-01 +0.00000000E+00
 +5.38562684E-01 -1.63379522E-01 +0.00000000E+00 +5.30393707E-01 -1.55210546E-01 +0.00000000E+00
 +5.38562684E-01 -1.55210546E-01 +0.00000000E+00 +5.54900636E-01 -1.30703618E-01 +0.00000000E+00
 +5.54900636E-01 -1.38872594E-01 +0.00000000E+00 +5.22224731E-01 -1.63379522E-01 +0.00000000E+00
 +5.14055755E-01 -1.55210546E-01 +0.00000000E+00 +5.22224731E-01 -1.55210546E-01 +0.00000000E+00
 +7.10111182E-01 -1.71548498E-01 +0.00000000E+00 +7.01942206E-01 -1.63379522E-01 +0.00000000E+00
 +6.93773230E-01 -1.71548498E-01 +0.00000000E+00 +7.01942206E-01 -1.71548498E-01 +0.00000000E+00
 +6.36590397E-01 -1.96055427E-01 +0.00000000E+00 +6.44759373E-01 -1.87886450E-01 +0.00000000E+00
 +6.28421421E-01 -1.87886450E-01 +0.00000000E+00 +6.36590397E-01 -1.87886450E-01 +0.00000000E+00
 +6.52928349E-01 -1.96055427E-01 +0.00000000E+00 +6.52928349E-01 -1.87886450E-01 +0.00000000E+00
 +6.85604253E-01 -1.63379522E-01 +0.00000000E+00 +6.85604253E-01 -1.71548498E-01 +0.00000000E+00
 +6.69266301E-01 -9.80277133E-02 +0.00000000E+00 +6.77435277E-01 -8.98587372E-02 +0.00000000E+00
 +6.69266301E-01 -8.98587372E-02 +0.00000000E+00 +6.85604253E-01 -8.16897611E-02 +0.00000000E+00
 +6.93773230E-01 -7.35207850E-02 +0.00000000E+00 +6.85604253E-01 -7.35207850E-02 +0.00000000E+00
 +5.63069612E-01 -7.35207850E-02 +0.00000000E+00 +5.54900636E-01 -6.53518089E-02 +0.00000000E+00
 +5.54900636E-01 -7.35207850E-02 +0.00000000E+00 +5.87576540E-01 -9.80277133E-02 +0.00000000E+00
 +5.95745516E-01 -8.98587372E-02 +0.00000000E+00 +5.87576540E-01 -8.16897611E-02 +0.00000000E+00
 +5.87576540E-01 -8.98587372E-02 +0.00000000E+00 +5.05886779E-01 -6.53518089E-02 +0.00000000E+00
 +4.97717803E-01 -5.71828328E-02 +0.00000000E+00 +5.05886779E-01 -5.71828328E-02 +0.00000000E+00
 +5.30393707E-01 -4.08448805E-02 +0.00000000E+00 +5.22224731E-01 -3.26759044E-02 +0.00000000E+00
 +5.22224731E-01 -4.08448805E-02 +0.00000000E+00 +8.24476847E-01 -2.04224403E-01 +0.00000000E+00
 +8.16307871E-01 -1.96055427E-01 +0.00000000E+00 +8.08138895E-01 -2.04224403E-01 +0.00000000E+00
 +8.16307871E-01 -2.04224403E-01 +0.00000000E+00 +7.99969919E-01 -1.96055427E-01 +0.00000000E+00
 +7.99969919E-01 -2.04224403E-01 +0.00000000E+00 +7.67294015E-01 -2.28731331E-01 +0.00000000E+00
 +7.75462991E-01 -2.20562355E-01 +0.00000000E+00 +7.59125038E-01 -2.20562355E-01 +0.00000000E+00
 +7.67294015E-01 -2.20562355E-01 +0.00000000E+00 +7.83631967E-01 -2.28731331E-01 +0.00000000E+00
 +7.83631967E-01 -2.20562355E-01 +0.00000000E+00 +8.81659680E-01 -2.61407235E-01 +0.00000000E+00
 +8.89828656E-01 -2.53238259E-01 +0.00000000E+00 +8.73490704E-01 -2.53238259E-01 +0.00000000E+00
 +8.81659680E-01 -2.53238259E-01 +0.00000000E+00 +8.97997632E-01 -2.61407235E-01 +0.00000000E+00
 +8.97997632E-01 -2.53238259E-01 +0.00000000E+00 +9.47011489E-01 -2.28731331E-01 +0.00000000E+00
 +9.38842513E-01 -2.36900307E-01 +0.00000000E+00 +9.47011489E-01 -2.36900307E-01 +0.00000000E+00
 +9.30673537E-01 -2.28731331E-01 +0.00000000E+00 +9.30673537E-01 -2.36900307E-01 +0.00000000E+00
 +9.79687393E-01 -2.61407235E-01 +0.00000000E+00 +9.87856369E-01 -2.53238259E-01 +0.00000000E+00
 +9.79687393E-01 -2.53238259E-01 +0.00000000E+00 +9.63349441E-01 -2.12393379E-01 +0.00000000E+00
 +9.55180465E-01 -2.20562355E-01 +0.00000000E+00 +9.63349441E-01 -2.20562355E-01 +0.00000000E+00
 +9.63349441E-01 -1.96055427E-01 +0.00000000E+00 +9.55180465E-01 -2.04224403E-01 +0.00000000E+00
 +9.63349441E-01 -2.04224403E-01 +0.00000000E+00 +1.00419432E+00 -7.35207850E-02 +0.00000000E+00
 +9.96025346E-01 -6.53518089E-02 +0.00000000E+00 +9.96025346E-01 -7.35207850E-02 +0.00000000E+00
 +9.87856369E-01 -5.71828328E-02 +0.00000000E+00 +9.79687393E-01 -4.90138566E-02 +0.00000000E+00
 +9.79687393E-01 -5.71828328E-02 +0.00000000E+00 +9.71518417E-01 -4.08448805E-02 +0.00000000E+00
 +9.63349441E-01 -3.26759044E-02 +0.00000000E+00 +9.63349441E-01 -4.08448805E-02 +0.00000000E+00
 +9.55180465E-01 -2.45069283E-02 +0.00000000E+00 +9.47011489E-01 -1.63379522E-02 +0.00000000E+00
 +9.47011489E-01 -2.45069283E-02 +0.00000000E+00 +9.38842513E-01 -8.16897611E-03 +0.00000000E+00
 +9.30673537E-01 +0.00000000E+00 +0.00000000E+00 +9.30673537E-01 -8.16897611E-03 +0.00000000E+00
 +9.38842513E-01 +8.16897611E-03 +0.00000000E+00 +9.30673537E-01 +8.16897611E-03 +0.00000000E+00
 +9.47011489E-01 +1.63379522E-02 +0.00000000E+00 +9.55180465E-01 +2.45069283E-02 +0.00000000E+00
 +9.47011489E-01 +2.45069283E-02 +0.00000000E+00 +9.63349441E-01 +3.26759044E-02 +0.00000000E+00
 +9.71518417E-01 +4.08448805E-02 +0.00000000E+00 +9.63349441E-01 +4.08448805E-02 +0.00000000E+00
 +9.79687393E-01 +4.90138566E-02 +0.00000000E+00 +9.87856369E-01 +5.71828328E-02 +0.00000000E+00
 +9.79687393E-01 +5.71828328E-02 +0.00000000E+00 +9.96025346E-01 +6.53518089E-02 +0.00000000E+00
 +1.00419432E+00 +7.35207850E-02 +0.00000000E+00 +9.96025346E-01 +7.35207850E-02 +0.00000000E+00
 +9.63349441E-01 +1.96055427E-01 +0.00000000E+00 +9.63349441E-01 +2.12393379E-01 +0.00000000E+00
 +9.55180465E-01 +2.04224403E-01 +0.00000000E+00 +9.63349441E-01 +2.04224403E-01 +0.00000000E+00
 +9.55180465E-01 +2.20562355E-01 +0.00000000E+00 +9.63349441E-01 +2.20562355E-01 +0.00000000E+00
 +9.87856369E-01 +2.53238259E-01 +0.00000000E+00 +9.79687393E-01 +2.61407235E-01 +0.00000000E+00
 +9.79687393E-01 +2.53238259E-01 +0.00000000E+00 +9.30673537E-01 +2.28731331E-01 +0.00000000E+00
 +9.38842513E-01 +2.36900307E-01 +0.00000000E+00 +9.30673537E-01 +2.36900307E-01 +0.00000000E+00
 +9.47011489E-01 +2.28731331E-01 +0.00000000E+00 +9.47011489E-01 +2.36900307E-01 +0.00000000E+00
 +8.97997632E-01 +2.61407235E-01 +0.00000000E+00 +8.89828656E-01 +2.53238259E-01 +0.00000000E+00
 +8.97997632E-01 +2.53238259E-01 +0.00000000E+00 +8.81659680E-01 +2.61407235E-01 +0.00000000E+00
 +8.73490704E-01 +2.53238259E-01 +0.00000000E+00 +8.81659680E-01 +2.53238259E-01 +0.00000000E+00
 +7.83631967E-01 +2.28731331E-01 +0.00000000E+00 +7.75462991E-01 +2.20562355E-01 +0.00000000E+00
 +7.83631967E-01 +2.20562355E-01 +0.00000000E+00 +7.67294015E-01 +2.28731331E-01 +0.00000000E+00
 +7.59125038E-01 +2.20562355E-01 +0.00000000E+00 +7.67294015E-01 +2.20562355E-01 +0.00000000E+00
 +7.99969919E-01 +1.96055427E-01 +0.00000000E+00 +8.08138895E-01 +2.04224403E-01 +0.00000000E+00
 +7.99969919E-01 +2.04224403E-01 +0.00000000E+00 +8.16307871E-01 +1.96055427E-01 +0.00000000E+00
 +8.24476847E-01 +2.04224403E-01 +0.00000000E+00 +8.16307871E-01 +2.04224403E-01 +0.00000000E+00
 +5.22224731E-01 +3.26759044E-02 +0.00000000E+00 +5.30393707E-01 +4.08448805E-02 +0.00000000E+00
 +5.22224731E-01 +4.08448805E-02 +0.00000000E+00 +5.05886779E-01 +6.53518089E-02 +0.00000000E+00
 +4.97717803E-01 +5.71828328E-02 +0.00000000E+00 +5.05886779E-01 +5.71828328E-02 +0.00000000E+00
 +5.87576540E-01 +8.16897611E-02 +0.00000000E+00 +5.95745516E-01 +8.98587372E-02 +0.00000000E+00
 +5.87576540E-01 +9.80277133E-02 +0.00000000E+00 +5.87576540E-01 +8.98587372E-02 +0.00000000E+00
 +6.03914492E-01 +8.16897611E-02 +0.00000000E+00 +6.03914492E-01 +9.80277133E-02 +0.00000000E+00
 +6.03914492E-01 +8.98587372E-02 +0.00000000E+00 +5.54900636E-01 +6.53518089E-02 +0.00000000E+00
 +5.63069612E-01 +7.35207850E-02 +0.00000000E+00 +5.54900636E-01 +7.35207850E-02 +0.00000000E+00
 +6.36590397E-01 +6.53518089E-02 +0.00000000E+00 +6.28421421E-01 +7.35207850E-02 +0.00000000E+00
 +6.36590397E-01 +7.35207850E-02 +0.00000000E+00 +6.93773230E-01 +7.35207850E-02 +0.00000000E+00
 +6.85604253E-01 +8.16897611E-02 +0.00000000E+00 +6.85604253E-01 +7.35207850E-02 +0.00000000E+00
 +6.77435277E-01 +8.98587372E-02 +0.00000000E+00 +6.69266301E-01 +9.80277133E-02 +0.00000000E+00
 +6.69266301E-01 +8.98587372E-02 +0.00000000E+00 +6.85604253E-01 +1.63379522E-01 +0.00000000E+00
 +6.93773230E-01 +1.71548498E-01 +0.00000000E+00 +6.85604253E-01 +1.71548498E-01 +0.00000000E+00
 +6.52928349E-01 +1.96055427E-01 +0.00000000E+00 +6.44759373E-01 +1.87886450E-01 +0.00000000E+00
 +6.52928349E-01 +1.87886450E-01 +0.00000000E+00 +6.36590397E-01 +1.96055427E-01 +0.00000000E+00
 +6.28421421E-01 +1.87886450E-01 +0.00000000E+00 +6.36590397E-01 +1.87886450E-01 +0.00000000E+00
 +7.01942206E-01 +1.63379522E-01 +0.00000000E+00 +7.10111182E-01 +1.71548498E-01 +0.00000000E+00
 +7.01942206E-01 +1.71548498E-01 +0.00000000E+00 +5.30393707E-01 +1.55210546E-01 +0.00000000E+00
 +5.22224731E-01 +1.63379522E-01 +0.00000000E+00 +5.14055755E-01 +1.55210546E-01 +0.00000000E+00
 +5.22224731E-01 +1.55210546E-01 +0.00000000E+00 +5.54900636E-01 +1.30703618E-01 +0.00000000E+00
 +5.63069612E-01 +1.38872594E-01 +0.00000000E+00 +5.54900636E-01 +1.38872594E-01 +0.00000000E+00
 +5.38562684E-01 +1.63379522E-01 +0.00000000E+00 +5.38562684E-01 +1.55210546E-01 +0.00000000E+00
 +5.71238588E-01 +1.30703618E-01 +0.00000000E+00 +5.79407564E-01 +1.38872594E-01 +0.00000000E+00
 +5.71238588E-01 +1.38872594E-01 +0.00000000E+00 +6.20252445E-01 +1.47041570E-01 +0.00000000E+00
 +6.28421421E-01 +1.55210546E-01 +0.00000000E+00 +6.20252445E-01 +1.55210546E-01 +0.00000000E+00
 +6.03914492E-01 +1.79717474E-01 +0.00000000E+00 +5.95745516E-01 +1.71548498E-01 +0.00000000E+00
 +6.03914492E-01 +1.71548498E-01 +0.00000000E+00 +1.54620806E-01 -2.45069283E-02 +0.00000000E+00
 +1.46451830E-01 -1.63379522E-02 +0.00000000E+00 +1.46451830E-01 -2.45069283E-02 +0.00000000E+00
 +9.74379737E-02 -4.90138566E-02 +0.00000000E+00 +8.92689976E-02 -4.08448805E-02 +0.00000000E+00
 +9.74379737E-02 -4.08448805E-02 +0.00000000E+00 -5.89739577E-04 -1.63379522E-02 +0.00000000E+00
 -5.89739577E-04 +0.00000000E+00 +0.00000000E+00 -8.75871568E-03 -8.16897611E-03 +0.00000000E+00
 -5.89739577E-04 -8.16897611E-03 +0.00000000E+00 +3.83352137E-01 -8.98587372E-02 +0.00000000E+00
 +3.75183161E-01 -8.16897611E-02 +0.00000000E+00 +3.75183161E-01 -8.98587372E-02 +0.00000000E+00
 +3.99690090E-01 -8.98587372E-02 +0.00000000E+00 +3.91521114E-01 -8.16897611E-02 +0.00000000E+00
 +3.91521114E-01 -8.98587372E-02 +0.00000000E+00 +3.58845209E-01 -1.14365666E-01 +0.00000000E+00
 +3.50676233E-01 -1.06196689E-01 +0.00000000E+00 +3.58845209E-01 -1.06196689E-01 +0.00000000E+00
 +3.42507257E-01 -1.14365666E-01 +0.00000000E+00 +3.34338281E-01 -1.06196689E-01 +0.00000000E+00
 +3.42507257E-01 -1.06196689E-01 +0.00000000E+00 +3.50676233E-01 +1.06196689E-01 +0.00000000E+00
 +3.42507257E-01 +1.14365666E-01 +0.00000000E+00 +3.34338281E-01 +1.06196689E-01 +0.00000000E+00
 +3.42507257E-01 +1.06196689E-01 +0.00000000E+00 +3.58845209E-01 +1.14365666E-01 +0.00000000E+00
 +3.58845209E-01 +1.06196689E-01 +0.00000000E+00 +3.91521114E-01 +8.16897611E-02 +0.00000000E+00
 +3.99690090E-01 +8.98587372E-02 +0.00000000E+00 +3.83352137E-01 +8.98587372E-02 +0.00000000E+00
 +3.91521114E-01 +8.98587372E-02 +0.00000000E+00 +3.75183161E-01 +8.16897611E-02 +0.00000000E+00
 +3.75183161E-01 +8.98587372E-02 +0.00000000E+00 -5.89739577E-04 +1.63379522E-02 +0.00000000E+00
 -8.75871568E-03 +8.16897611E-03 +0.00000000E+00 -5.89739577E-04 +8.16897611E-03 +0.00000000E+00
 +9.74379737E-02 +4.90138566E-02 +0.00000000E+00 +8.92689976E-02 +4.08448805E-02 +0.00000000E+00
 +9.74379737E-02 +4.08448805E-02 +0.00000000E+00 +1.46451830E-01 +1.63379522E-02 +0.00000000E+00
 +1.54620806E-01 +2.45069283E-02 +0.00000000E+00 +1.46451830E-01 +2.45069283E-02 +0.00000000E+00
 +5.87576540E-01 -1.79717474E-01 +0.00000000E+00 +5.79407564E-01 -1.71548498E-01 +0.00000000E+00
 +5.87576540E-01 -1.71548498E-01 +0.00000000E+00 +7.18280158E-01 -2.12393379E-01 +0.00000000E+00
 +7.10111182E-01 -2.04224403E-01 +0.00000000E+00 +7.18280158E-01 -2.04224403E-01 +0.00000000E+00
 +7.01942206E-01 -2.12393379E-01 +0.00000000E+00 +6.93773230E-01 -2.04224403E-01 +0.00000000E+00
 +7.01942206E-01 -2.04224403E-01 +0.00000000E+00 +7.42787086E-01 -1.87886450E-01 +0.00000000E+00
 +7.34618110E-01 -1.79717474E-01 +0.00000000E+00 +7.34618110E-01 -1.87886450E-01 +0.00000000E+00
 +7.59125038E-01 -1.87886450E-01 +0.00000000E+00 +7.50956062E-01 -1.79717474E-01 +0.00000000E+00
 +7.50956062E-01 -1.87886450E-01 +0.00000000E+00 +6.44759373E-01 -1.55210546E-01 +0.00000000E+00
 +6.36590397E-01 -1.47041570E-01 +0.00000000E+00 +6.36590397E-01 -1.55210546E-01 +0.00000000E+00
 +6.36590397E-01 -1.14365666E-01 +0.00000000E+00 +6.44759373E-01 -1.06196689E-01 +0.00000000E+00
 +6.28421421E-01 -1.06196689E-01 +0.00000000E+00 +6.36590397E-01 -1.06196689E-01 +0.00000000E+00
 +7.01942206E-01 -4.90138566E-02 +0.00000000E+00 +7.10111182E-01 -4.08448805E-02 +0.00000000E+00
 +7.01942206E-01 -4.08448805E-02 +0.00000000E+00 +6.85604253E-01 -1.63379522E-02 +0.00000000E+00
 +6.77435277E-01 -2.45069283E-02 +0.00000000E+00 +6.85604253E-01 -2.45069283E-02 +0.00000000E+00
 +6.85604253E-01 +0.00000000E+00 +0.00000000E+00 +6.77435277E-01 -8.16897611E-03 +0.00000000E+00
 +6.85604253E-01 -8.16897611E-03 +0.00000000E+00 +5.14055755E-01 -1.22534642E-01 +0.00000000E+00
 +5.05886779E-01 -1.14365666E-01 +0.00000000E+00 +5.05886779E-01 -1.22534642E-01 +0.00000000E+00
 +5.30393707E-01 -1.22534642E-01 +0.00000000E+00 +5.22224731E-01 -1.14365666E-01 +0.00000000E+00
 +5.22224731E-01 -1.22534642E-01 +0.00000000E+00 +5.54900636E-01 -1.14365666E-01 +0.00000000E+00
 +5.63069612E-01 -1.06196689E-01 +0.00000000E+00 +5.46731660E-01 -1.06196689E-01 +0.00000000E+00
 +5.54900636E-01 -1.06196689E-01 +0.00000000E+00 +5.71238588E-01 -1.14365666E-01 +0.00000000E+00
 +5.79407564E-01 -1.06196689E-01 +0.00000000E+00 +5.71238588E-01 -1.06196689E-01 +0.00000000E+00
 +6.20252445E-01 -9.80277133E-02 +0.00000000E+00 +6.20252445E-01 -8.16897611E-02 +0.00000000E+00
 +6.12083469E-01 -8.98587372E-02 +0.00000000E+00 +6.20252445E-01 -8.98587372E-02 +0.00000000E+00
 +5.46731660E-01 -5.71828328E-02 +0.00000000E+00 +5.38562684E-01 -4.90138566E-02 +0.00000000E+00
 +5.38562684E-01 -5.71828328E-02 +0.00000000E+00 +8.48983776E-01 -2.45069283E-01 +0.00000000E+00
 +8.40814800E-01 -2.36900307E-01 +0.00000000E+00 +8.48983776E-01 -2.36900307E-01 +0.00000000E+00
 +8.32645823E-01 -2.45069283E-01 +0.00000000E+00 +8.24476847E-01 -2.36900307E-01 +0.00000000E+00
 +8.32645823E-01 -2.36900307E-01 +0.00000000E+00 +8.73490704E-01 -2.20562355E-01 +0.00000000E+00
 +8.65321728E-01 -2.12393379E-01 +0.00000000E+00 +8.65321728E-01 -2.20562355E-01 +0.00000000E+00
 +8.89828656E-01 -2.20562355E-01 +0.00000000E+00 +8.81659680E-01 -2.12393379E-01 +0.00000000E+00
 +8.81659680E-01 -2.20562355E-01 +0.00000000E+00 +9.96025346E-01 -2.12393379E-01 +0.00000000E+00
 +1.00419432E+00 -2.04224403E-01 +0.00000000E+00 +9.96025346E-01 -1.96055427E-01 +0.00000000E+00
 +9.96025346E-01 -2.04224403E-01 +0.00000000E+00 +1.00419432E+00 -1.87886450E-01 +0.00000000E+00
 +9.96025346E-01 -1.79717474E-01 +0.00000000E+00 +9.96025346E-01 -1.87886450E-01 +0.00000000E+00
 +1.00419432E+00 -1.71548498E-01 +0.00000000E+00 +9.96025346E-01 -1.71548498E-01 +0.00000000E+00
 +9.79687393E-01 -1.47041570E-01 +0.00000000E+00 +9.71518417E-01 -1.55210546E-01 +0.00000000E+00
 +9.79687393E-01 -1.55210546E-01 +0.00000000E+00 +9.79687393E-01 -1.30703618E-01 +0.00000000E+00
 +9.71518417E-01 -1.38872594E-01 +0.00000000E+00 +9.79687393E-01 -1.38872594E-01 +0.00000000E+00
 +9.79687393E-01 -1.14365666E-01 +0.00000000E+00 +9.71518417E-01 -1.22534642E-01 +0.00000000E+00
 +9.79687393E-01 -1.22534642E-01 +0.00000000E+00 +9.71518417E-01 -1.06196689E-01 +0.00000000E+00
 +9.79687393E-01 -1.06196689E-01 +0.00000000E+00 +9.79687393E-01 +1.14365666E-01 +0.00000000E+00
 +9.71518417E-01 +1.06196689E-01 +0.00000000E+00 +9.79687393E-01 +1.06196689E-01 +0.00000000E+00
 +9.79687393E-01 +1.30703618E-01 +0.00000000E+00 +9.71518417E-01 +1.22534642E-01 +0.00000000E+00
 +9.79687393E-01 +1.22534642E-01 +0.00000000E+00 +9.79687393E-01 +1.47041570E-01 +0.00000000E+00
 +9.71518417E-01 +1.38872594E-01 +0.00000000E+00 +9.79687393E-01 +1.38872594E-01 +0.00000000E+00
 +9.71518417E-01 +1.55210546E-01 +0.00000000E+00 +9.79687393E-01 +1.55210546E-01 +0.00000000E+00
 +1.00419432E+00 +1.71548498E-01 +0.00000000E+00 +9.96025346E-01 +1.79717474E-01 +0.00000000E+00
 +9.96025346E-01 +1.71548498E-01 +0.00000000E+00 +1.00419432E+00 +1.87886450E-01 +0.00000000E+00
 +9.96025346E-01 +1.96055427E-01 +0.00000000E+00 +9.96025346E-01 +1.87886450E-01 +0.00000000E+00
 +1.00419432E+00 +2.04224403E-01 +0.00000000E+00 +9.96025346E-01 +2.12393379E-01 +0.00000000E+00
 +9.96025346E-01 +2.04224403E-01 +0.00000000E+00 +8.81659680E-01 +2.12393379E-01 +0.00000000E+00
 +8.89828656E-01 +2.20562355E-01 +0.00000000E+00 +8.73490704E-01 +2.20562355E-01 +0.00000000E+00
 +8.81659680E-01 +2.20562355E-01 +0.00000000E+00 +8.65321728E-01 +2.12393379E-01 +0.00000000E+00
 +8.65321728E-01 +2.20562355E-01 +0.00000000E+00 +8.40814800E-01 +2.36900307E-01 +0.00000000E+00
 +8.32645823E-01 +2.45069283E-01 +0.00000000E+00 +8.24476847E-01 +2.36900307E-01 +0.00000000E+00
 +8.32645823E-01 +2.36900307E-01 +0.00000000E+00 +8.48983776E-01 +2.45069283E-01 +0.00000000E+00
 +8.48983776E-01 +2.36900307E-01 +0.00000000E+00 +5.38562684E-01 +4.90138566E-02 +0.00000000E+00
 +5.46731660E-01 +5.71828328E-02 +0.00000000E+00 +5.38562684E-01 +5.71828328E-02 +0.00000000E+00
 +6.28421421E-01 +1.06196689E-01 +0.00000000E+00 +6.20252445E-01 +1.14365666E-01 +0.00000000E+00
 +6.12083469E-01 +1.06196689E-01 +0.00000000E+00 +6.20252445E-01 +1.06196689E-01 +0.00000000E+00
 +5.79407564E-01 +1.06196689E-01 +0.00000000E+00 +5.71238588E-01 +1.14365666E-01 +0.00000000E+00
 +5.63069612E-01 +1.06196689E-01 +0.00000000E+00 +5.71238588E-01 +1.06196689E-01 +0.00000000E+00
 +5.54900636E-01 +1.14365666E-01 +0.00000000E+00 +5.46731660E-01 +1.06196689E-01 +0.00000000E+00
 +5.54900636E-01 +1.06196689E-01 +0.00000000E+00 +5.22224731E-01 +1.14365666E-01 +0.00000000E+00
 +5.30393707E-01 +1.22534642E-01 +0.00000000E+00 +5.14055755E-01 +1.22534642E-01 +0.00000000E+00
 +5.22224731E-01 +1.22534642E-01 +0.00000000E+00 +5.05886779E-01 +1.14365666E-01 +0.00000000E+00
 +5.05886779E-01 +1.22534642E-01 +0.00000000E+00 +6.85604253E-01 +1.63379522E-02 +0.00000000E+00
 +6.77435277E-01 +8.16897611E-03 +0.00000000E+00 +6.85604253E-01 +8.16897611E-03 +0.00000000E+00
 +6.77435277E-01 +2.45069283E-02 +0.00000000E+00 +6.85604253E-01 +2.45069283E-02 +0.00000000E+00
 +7.10111182E-01 +4.08448805E-02 +0.00000000E+00 +7.01942206E-01 +4.90138566E-02 +0.00000000E+00
 +7.01942206E-01 +4.08448805E-02 +0.00000000E+00 +7.10111182E-01 +5.71828328E-02 +0.00000000E+00
 +7.01942206E-01 +6.53518089E-02 +0.00000000E+00 +7.01942206E-01 +5.71828328E-02 +0.00000000E+00
 +6.44759373E-01 +1.06196689E-01 +0.00000000E+00 +6.36590397E-01 +1.14365666E-01 +0.00000000E+00
 +6.36590397E-01 +1.06196689E-01 +0.00000000E+00 +6.36590397E-01 +1.47041570E-01 +0.00000000E+00
 +6.44759373E-01 +1.55210546E-01 +0.00000000E+00 +6.36590397E-01 +1.55210546E-01 +0.00000000E+00
 +7.50956062E-01 +1.79717474E-01 +0.00000000E+00 +7.59125038E-01 +1.87886450E-01 +0.00000000E+00
 +7.42787086E-01 +1.87886450E-01 +0.00000000E+00 +7.50956062E-01 +1.87886450E-01 +0.00000000E+00
 +7.34618110E-01 +1.79717474E-01 +0.00000000E+00 +7.34618110E-01 +1.87886450E-01 +0.00000000E+00
 +7.10111182E-01 +2.04224403E-01 +0.00000000E+00 +7.01942206E-01 +2.12393379E-01 +0.00000000E+00
 +6.93773230E-01 +2.04224403E-01 +0.00000000E+00 +7.01942206E-01 +2.04224403E-01 +0.00000000E+00
 +7.18280158E-01 +2.12393379E-01 +0.00000000E+00 +7.18280158E-01 +2.04224403E-01 +0.00000000E+00
 +5.87576540E-01 +1.79717474E-01 +0.00000000E+00 +5.79407564E-01 +1.71548498E-01 +0.00000000E+00
 +5.87576540E-01 +1.71548498E-01 +0.00000000E+00 +2.28141591E-01 -8.16897611E-02 +0.00000000E+00
 +2.19972615E-01 -7.35207850E-02 +0.00000000E+00 +2.28141591E-01 -7.35207850E-02 +0.00000000E+00
 +2.11803639E-01 -8.16897611E-02 +0.00000000E+00 +2.03634663E-01 -7.35207850E-02 +0.00000000E+00
 +2.11803639E-01 -7.35207850E-02 +0.00000000E+00 +4.89548827E-01 -3.26759044E-02 +0.00000000E+00
 +4.89548827E-01 -1.63379522E-02 +0.00000000E+00 +4.81379851E-01 -2.45069283E-02 +0.00000000E+00
 +4.89548827E-01 -2.45069283E-02 +0.00000000E+00 +4.89548827E-01 +0.00000000E+00 +0.00000000E+00
 +4.81379851E-01 -8.16897611E-03 +0.00000000E+00 +4.89548827E-01 -8.16897611E-03 +0.00000000E+00
 +2.52648520E-01 -5.71828328E-02 +0.00000000E+00 +2.44479544E-01 -4.90138566E-02 +0.00000000E+00
 +2.44479544E-01 -5.71828328E-02 +0.00000000E+00 +2.68986472E-01 -5.71828328E-02 +0.00000000E+00
 +2.60817496E-01 -4.90138566E-02 +0.00000000E+00 +2.60817496E-01 -5.71828328E-02 +0.00000000E+00
 +2.85324424E-01 -5.71828328E-02 +0.00000000E+00 +2.77155448E-01 -4.90138566E-02 +0.00000000E+00
 +2.77155448E-01 -5.71828328E-02 +0.00000000E+00 +2.77155448E-01 +4.90138566E-02 +0.00000000E+00
 +2.85324424E-01 +5.71828328E-02 +0.00000000E+00 +2.68986472E-01 +5.71828328E-02 +0.00000000E+00
 +2.77155448E-01 +5.71828328E-02 +0.00000000E+00 +2.60817496E-01 +4.90138566E-02 +0.00000000E+00
 +2.52648520E-01 +5.71828328E-02 +0.00000000E+00 +2.60817496E-01 +5.71828328E-02 +0.00000000E+00
 +2.44479544E-01 +4.90138566E-02 +0.00000000E+00 +2.44479544E-01 +5.71828328E-02 +0.00000000E+00
 +4.89548827E-01 +1.63379522E-02 +0.00000000E+00 +4.81379851E-01 +8.16897611E-03 +0.00000000E+00
 +4.89548827E-01 +8.16897611E-03 +0.00000000E+00 +4.89548827E-01 +3.26759044E-02 +0.00000000E+00
 +4.81379851E-01 +2.45069283E-02 +0.00000000E+00 +4.89548827E-01 +2.45069283E-02 +0.00000000E+00
 +2.19972615E-01 +7.35207850E-02 +0.00000000E+00 +2.11803639E-01 +8.16897611E-02 +0.00000000E+00
 +2.03634663E-01 +7.35207850E-02 +0.00000000E+00 +2.11803639E-01 +7.35207850E-02 +0.00000000E+00
 +2.28141591E-01 +8.16897611E-02 +0.00000000E+00 +2.28141591E-01 +7.35207850E-02 +0.00000000E+00
 +7.75462991E-01 -1.87886450E-01 +0.00000000E+00 +7.67294015E-01 -1.79717474E-01 +0.00000000E+00
 +7.67294015E-01 -1.87886450E-01 +0.00000000E+00 +7.67294015E-01 +1.79717474E-01 +0.00000000E+00
 +7.75462991E-01 +1.87886450E-01 +0.00000000E+00 +7.67294015E-01 +1.87886450E-01 +0.00000000E+00
 +4.89548827E-01 -1.47041570E-01 +0.00000000E+00 +4.81379851E-01 -1.38872594E-01 +0.00000000E+00
 +4.89548827E-01 -1.38872594E-01 +0.00000000E+00 +4.73210875E-01 -1.47041570E-01 +0.00000000E+00
 +4.65041899E-01 -1.38872594E-01 +0.00000000E+00 +4.73210875E-01 -1.38872594E-01 +0.00000000E+00
 +4.56872922E-01 -1.47041570E-01 +0.00000000E+00 +4.48703946E-01 -1.38872594E-01 +0.00000000E+00
 +4.56872922E-01 -1.38872594E-01 +0.00000000E+00 +4.65041899E-01 +1.38872594E-01 +0.00000000E+00
 +4.56872922E-01 +1.47041570E-01 +0.00000000E+00 +4.48703946E-01 +1.38872594E-01 +0.00000000E+00
 +4.56872922E-01 +1.38872594E-01 +0.00000000E+00 +4.81379851E-01 +1.38872594E-01 +0.00000000E+00
 +4.73210875E-01 +1.47041570E-01 +0.00000000E+00 +4.73210875E-01 +1.38872594E-01 +0.00000000E+00
 +4.89548827E-01 +1.47041570E-01 +0.00000000E+00 +4.89548827E-01 +1.38872594E-01 +0.00000000E+00
 +2.36310568E-01 -1.63379522E-02 +0.00000000E+00 +2.19972615E-01 +0.00000000E+00 +0.00000000E+00
 +2.19972615E-01 -1.63379522E-02 +0.00000000E+00 +2.39171887E-02 -6.53518089E-02 +0.00000000E+00
 +7.57923653E-03 -4.90138566E-02 +0.00000000E+00 +2.39171887E-02 -4.90138566E-02 +0.00000000E+00
 +4.65041899E-01 -8.16897611E-02 +0.00000000E+00 +4.48703946E-01 -6.53518089E-02 +0.00000000E+00
 +4.48703946E-01 -8.16897611E-02 +0.00000000E+00 +2.85324424E-01 -1.30703618E-01 +0.00000000E+00
 +2.68986472E-01 -1.14365666E-01 +0.00000000E+00 +2.85324424E-01 -1.14365666E-01 +0.00000000E+00
 +2.85324424E-01 +1.30703618E-01 +0.00000000E+00 +2.68986472E-01 +1.14365666E-01 +0.00000000E+00
 +2.85324424E-01 +1.14365666E-01 +0.00000000E+00 +4.48703946E-01 +6.53518089E-02 +0.00000000E+00
 +4.65041899E-01 +8.16897611E-02 +0.00000000E+00 +4.48703946E-01 +8.16897611E-02 +0.00000000E+00
 +2.39171887E-02 +6.53518089E-02 +0.00000000E+00 +7.57923653E-03 +4.90138566E-02 +0.00000000E+00
 +2.39171887E-02 +4.90138566E-02 +0.00000000E+00 +2.36310568E-01 +1.63379522E-02 +0.00000000E+00
 +2.19972615E-01 +1.63379522E-02 +0.00000000E+00 +5.14055755E-01 -1.96055427E-01 +0.00000000E+00
 +4.97717803E-01 -1.79717474E-01 +0.00000000E+00 +5.14055755E-01 -1.79717474E-01 +0.00000000E+00
 +7.26449134E-01 -1.47041570E-01 +0.00000000E+00 +7.10111182E-01 -1.30703618E-01 +0.00000000E+00
 +7.10111182E-01 -1.47041570E-01 +0.00000000E+00 +6.93773230E-01 -1.14365666E-01 +0.00000000E+00
 +6.77435277E-01 -1.14365666E-01 +0.00000000E+00 +6.12083469E-01 -1.14365666E-01 +0.00000000E+00
 +7.75462991E-01 -2.61407235E-01 +0.00000000E+00 +7.59125038E-01 -2.45069283E-01 +0.00000000E+00
 +7.75462991E-01 -2.45069283E-01 +0.00000000E+00 +9.38842513E-01 -1.96055427E-01 +0.00000000E+00
 +9.38842513E-01 -2.12393379E-01 +0.00000000E+00 +1.02053227E+00 -4.90138566E-02 +0.00000000E+00
 +1.00419432E+00 -3.26759044E-02 +0.00000000E+00 +1.00419432E+00 -4.90138566E-02 +0.00000000E+00
 +9.87856369E-01 -1.63379522E-02 +0.00000000E+00 +9.71518417E-01 +0.00000000E+00 +0.00000000E+00
 +9.71518417E-01 -1.63379522E-02 +0.00000000E+00 +9.87856369E-01 +1.63379522E-02 +0.00000000E+00
 +9.71518417E-01 +1.63379522E-02 +0.00000000E+00 +1.00419432E+00 +3.26759044E-02 +0.00000000E+00
 +1.02053227E+00 +4.90138566E-02 +0.00000000E+00 +1.00419432E+00 +4.90138566E-02 +0.00000000E+00
 +9.38842513E-01 +1.96055427E-01 +0.00000000E+00 +9.38842513E-01 +2.12393379E-01 +0.00000000E+00
 +7.75462991E-01 +2.61407235E-01 +0.00000000E+00 +7.59125038E-01 +2.45069283E-01 +0.00000000E+00
 +7.75462991E-01 +2.45069283E-01 +0.00000000E+00 +6.93773230E-01 +1.14365666E-01 +0.00000000E+00
 +6.77435277E-01 +1.14365666E-01 +0.00000000E+00 +7.10111182E-01 +1.30703618E-01 +0.00000000E+00
 +7.26449134E-01 +1.47041570E-01 +0.00000000E+00 +7.10111182E-01 +1.47041570E-01 +0.00000000E+00
 +5.14055755E-01 +1.96055427E-01 +0.00000000E+00 +4.97717803E-01 +1.79717474E-01 +0.00000000E+00
 +5.14055755E-01 +1.79717474E-01 +0.00000000E+00 +1.54620806E-01 -9.80277133E-02 +0.00000000E+00
 +1.38282854E-01 -8.16897611E-02 +0.00000000E+00 +1.54620806E-01 -8.16897611E-02 +0.00000000E+00
 +3.34338281E-01 -4.90138566E-02 +0.00000000E+00 +3.18000329E-01 -3.26759044E-02 +0.00000000E+00
 +3.18000329E-01 -4.90138566E-02 +0.00000000E+00 +3.18000329E-01 +3.26759044E-02 +0.00000000E+00
 +3.34338281E-01 +4.90138566E-02 +0.00000000E+00 +3.18000329E-01 +4.90138566E-02 +0.00000000E+00
 +1.54620806E-01 +9.80277133E-02 +0.00000000E+00 +1.38282854E-01 +8.16897611E-02 +0.00000000E+00
 +1.54620806E-01 +8.16897611E-02 +0.00000000E+00 +6.44759373E-01 -2.28731331E-01 +0.00000000E+00
 +6.28421421E-01 -2.12393379E-01 +0.00000000E+00 +6.44759373E-01 -2.12393379E-01 +0.00000000E+00
 +7.10111182E-01 -9.80277133E-02 +0.00000000E+00 +7.26449134E-01 -8.16897611E-02 +0.00000000E+00
 +7.10111182E-01 -8.16897611E-02 +0.00000000E+00 +8.24476847E-01 -1.79717474E-01 +0.00000000E+00
 +8.08138895E-01 -1.63379522E-01 +0.00000000E+00 +8.08138895E-01 -1.79717474E-01 +0.00000000E+00
 +8.08138895E-01 +1.63379522E-01 +0.00000000E+00 +8.24476847E-01 +1.79717474E-01 +0.00000000E+00
 +8.08138895E-01 +1.79717474E-01 +0.00000000E+00 +7.26449134E-01 +8.16897611E-02 +0.00000000E+00
 +7.10111182E-01 +9.80277133E-02 +0.00000000E+00 +7.10111182E-01 +8.16897611E-02 +0.00000000E+00
 +6.44759373E-01 +2.28731331E-01 +0.00000000E+00 +6.28421421E-01 +2.12393379E-01 +0.00000000E+00
 +6.44759373E-01 +2.12393379E-01 +0.00000000E+00 +3.83352137E-01 -1.63379522E-01 +0.00000000E+00
 +3.67014185E-01 -1.47041570E-01 +0.00000000E+00 +3.83352137E-01 -1.47041570E-01 +0.00000000E+00
 +3.83352137E-01 +1.63379522E-01 +0.00000000E+00 +3.67014185E-01 +1.47041570E-01 +0.00000000E+00
 +3.83352137E-01 +1.47041570E-01 +0.00000000E+00 +7.57923653E-03 -1.30703618E-01 +0.00000000E+00
 -2.50966679E-02 -9.80277133E-02 +0.00000000E+00 +7.57923653E-03 -9.80277133E-02 +0.00000000E+00
 +7.57923653E-03 +1.30703618E-01 +0.00000000E+00 -2.50966679E-02 +9.80277133E-02 +0.00000000E+00
 +7.57923653E-03 +9.80277133E-02 +0.00000000E+00 +2.68986472E-01 -1.96055427E-01 +0.00000000E+00
 +2.36310568E-01 -1.63379522E-01 +0.00000000E+00 +2.68986472E-01 -1.63379522E-01 +0.00000000E+00
 +2.68986472E-01 +1.96055427E-01 +0.00000000E+00 +2.36310568E-01 +1.63379522E-01 +0.00000000E+00
 +2.68986472E-01 +1.63379522E-01 +0.00000000E+00

CELLS 2114 10570
4 151 149 55 150
4 169 66 170 173
4 207 204 32 205
4 215 84 216 219
4 219 216 14 217
4 217 14 310 312
4 312 310 117 311
4 320 41 321 323
4 32 92 346 84
4 92 38 100 346
4 84 346 345 14
4 14 345 347 117
4 347 104 42 110
4 117 347 110 41
4 356 354 127 355
4 368 365 132 366
4 367 368 366 17
4 372 367 17 370
4 397 395 149 396
4 391 397 396 151
4 411 408 57 409
4 410 411 409 158
4 160 420 423 416
4 420 62 421 423
4 173 432 436 435
4 432 170 433 436
4 370 17 456 458
4 17 366 461 456
4 366 132 459 461
4 470 187 471 474
4 486 483 34 484
4 485 486 484 192
4 490 485 192 488
4 508 505 207 506
4 516 211 517 520
4 525 219 526 529
4 529 526 217 527
4 149 539 542 541
4 539 225 537 542
4 541 542 540 55
4 571 569 238 570
4 556 571 570 93
4 97 585 591 590
4 590 591 589 250
4 254 605 608 607
4 260 613 616 615
4 262 621 624 623
4 627 628 626 266
4 634 635 633 265
4 642 643 641 273
4 277 656 660 659
4 659 660 658 109
4 113 677 681 680
4 677 287 678 681
4 66 699 714 713
4 714 711 305 712
4 713 714 712 170
4 527 217 723 726
4 726 723 312 724
4 733 731 313 732
4 743 323 744 746
4 760 301 761 763
4 301 764 767 761
4 764 44 765 767
4 58 150 779 778
4 778 779 777 56
4 158 57 780 783
4 783 780 22 781
4 782 783 781 60
4 785 782 60 784
4 127 785 784 10
4 10 784 787 187
4 784 60 786 787
4 60 781 789 786
4 781 22 788 789
4 789 788 62 160
4 56 777 791 790
4 790 791 169 68
4 82 205 805 211
4 205 32 804 805
4 805 804 84 215
4 93 238 811 810
4 238 91 808 811
4 811 808 38 809
4 810 811 809 92
4 813 810 92 812
4 204 813 812 32
4 91 242 815 808
4 242 97 250 815
4 815 250 96 814
4 808 815 814 38
4 38 814 817 816
4 814 96 254 817
4 816 817 260 100
4 104 265 820 819
4 820 273 103 818
4 819 820 818 42
4 42 818 822 821
4 818 103 277 822
4 822 277 109 283
4 821 822 283 108
4 41 823 825 321
4 823 110 824 825
4 110 826 827 824
4 826 42 821 827
4 827 821 108 287
4 824 827 287 113
4 311 117 829 830
4 830 829 41 320
4 313 830 320 118
4 346 849 852 851
4 849 100 262 852
4 851 852 850 345
4 345 850 855 854
4 855 266 104 853
4 854 855 853 347
4 871 868 350 869
4 870 871 869 129
4 875 873 356 874
4 879 877 354 878
4 873 879 878 356
4 888 870 129 886
4 887 888 886 363
4 896 893 368 894
4 895 896 894 367
4 904 895 367 903
4 898 904 903 372
4 913 910 374 911
4 912 913 911 51
4 917 912 51 915
4 939 936 144 937
4 938 939 937 388
4 942 938 388 941
4 923 942 941 147
4 950 948 391 949
4 954 952 397 953
4 948 954 953 391
4 955 21 956 958
4 958 956 395 957
4 952 958 957 397
4 963 960 61 961
4 962 963 961 400
4 967 962 400 965
4 980 977 411 978
4 979 980 978 410
4 984 982 408 983
4 977 984 983 411
4 423 1002 1006 1005
4 1002 421 1003 1006
4 416 1007 1009 994
4 1007 423 1005 1009
4 1019 429 1020 1022
4 429 1023 1026 1020
4 1023 65 1024 1026
4 436 1027 1031 1030
4 1027 433 1028 1031
4 1031 1028 24 1029
4 435 1032 1035 1034
4 1032 436 1030 1035
4 1036 435 1034 1039
4 176 1044 1048 1047
4 1044 441 1045 1048
4 441 1049 1052 1045
4 1049 172 1050 1052
4 915 51 1068 1070
4 51 911 1073 1068
4 911 374 1071 1073
4 458 1079 1083 1082
4 1079 456 1080 1083
4 456 1087 1090 1080
4 1087 461 1088 1090
4 462 1096 1099 1092
4 1096 184 1097 1099
4 474 1104 1108 1107
4 1104 471 1105 1108
4 1109 474 1107 1112
4 184 1113 1116 1097
4 1113 475 1114 1116
4 1130 1127 486 1128
4 1129 1130 1128 485
4 1138 1129 485 1137
4 1132 1138 1137 490
4 1147 1144 492 1145
4 1146 1147 1145 196
4 1151 1146 196 1149
4 1169 1166 508 1167
4 1173 1171 505 1172
4 1166 1173 1172 508
4 1178 1175 210 1176
4 1177 1178 1176 511
4 1184 515 1190 1192
4 1192 1190 514 1191
4 1175 1192 1191 210
4 1193 520 1194 1197
4 521 1203 1206 1199
4 1203 214 1204 1206
4 1210 525 1211 1214
4 1214 1211 529 1212
4 1212 529 1215 1218
4 1218 1215 527 1216
4 1223 87 1224 1226
4 1226 1224 530 1225
4 225 1231 1235 1234
4 1231 534 1232 1235
4 1234 1235 1233 537
4 534 1236 1239 1232
4 542 1244 1247 1246
4 1244 537 1242 1247
4 1246 1247 1245 540
4 549 1256 1260 1259
4 1259 1260 1258 230
4 1282 1279 234 1280
4 1281 1282 1280 561
4 1285 1281 561 1284
4 1298 1296 571 1297
4 1275 1298 1297 556
4 1302 1300 569 1301
4 1296 1302 1301 571
4 1305 573 1308 1311
4 1311 1308 243 1309
4 1310 1311 1309 574
4 1314 1310 574 1313
4 1287 1314 1313 237
4 1322 1320 577 1321
4 1320 1326 1325 577
4 577 1325 1334 1333
4 1334 1330 582 1332
4 1333 1334 1332 241
4 585 1340 1346 1345
4 1345 1346 1344 591
4 591 1344 1350 1349
4 1349 1350 1348 589
4 605 1372 1375 1374
4 1372 255 1370 1375
4 1374 1375 1373 608
4 607 1380 1383 1382
4 1380 608 1378 1383
4 1382 1383 1381 101
4 613 1388 1391 1390
4 1388 101 1386 1391
4 1390 1391 1389 616
4 615 1396 1399 1398
4 1396 616 1394 1399
4 1398 1399 1397 263
4 621 1404 1407 1406
4 1404 263 1402 1407
4 1406 1407 1405 624
4 623 1412 1415 1414
4 1412 624 1410 1415
4 1414 1415 1413 37
4 37 1413 1419 1418
4 1419 1416 628 1417
4 1418 1419 1417 627
4 628 1421 1426 1425
4 1426 1423 267 1424
4 1425 1426 1424 626
4 267 1429 1434 1433
4 1434 1431 635 1432
4 1433 1434 1432 634
4 635 1437 1442 1441
4 1442 1439 105 1440
4 1441 1442 1440 633
4 105 1445 1450 1449
4 1450 1447 643 1448
4 1449 1450 1448 642
4 643 1453 1458 1457
4 1458 1455 274 1456
4 1457 1458 1456 641
4 656 1479 1483 1482
4 1482 1483 1481 660
4 660 1481 1487 1486
4 1486 1487 1485 658
4 281 1496 1500 1499
4 1496 662 1497 1500
4 1499 1500 1498 667
4 667 1498 1507 1506
4 1508 667 1506 1511
4 285 1516 1520 1519
4 1516 673 1517 1520
4 673 1521 1524 1517
4 1521 286 1522 1524
4 1524 1522 671 1523
4 681 1528 1532 1531
4 1528 678 1529 1532
4 680 1533 1536 1535
4 1533 681 1531 1536
4 1545 686 1546 1549
4 686 1550 1553 1546
4 1550 291 1551 1553
4 297 1567 1573 1572
4 1572 1573 1571 700
4 699 1576 1592 1591
4 1592 1589 711 1590
4 1591 1592 1590 714
4 1599 1600 1598 716
4 711 1595 1603 1602
4 1603 1599 716 1601
4 1602 1603 1601 305
4 1612 1609 119 1610
4 1216 527 1617 1620
4 1620 1617 726 1618
4 1618 726 1621 1624
4 1624 1621 724 1622
4 1633 1630 315 1631
4 1632 1633 1631 729
4 1639 1637 733 1638
4 319 1640 1644 1643
4 1640 734 1641 1644
4 1644 1641 738 1642
4 739 1658 1660 1654
4 1658 319 1643 1660
4 746 1661 1665 1664
4 1661 744 1662 1665
4 1666 746 1664 1668
4 1682 304 1683 1685
4 304 1686 1689 1683
4 1686 756 1687 1689
4 763 1695 1699 1698
4 1695 761 1696 1699
4 761 1703 1706 1696
4 1703 767 1704 1706
4 129 350 1714 1713
4 350 130 1711 1714
4 1714 1711 128 1712
4 1713 1714 1712 47
4 363 129 1713 1716
4 1716 1713 47 1715
4 365 1716 1715 132
4 147 388 1730 1729
4 388 144 1727 1730
4 1730 1727 58 1728
4 1729 1730 1728 145
4 1732 1729 145 1731
4 408 1732 1731 57
4 62 1745 1747 421
4 1745 174 1746 1747
4 174 1748 1750 1746
4 1748 68 1749 1750
4 1750 1749 172 441
4 1746 1750 441 176
4 132 1715 1761 459
4 1715 47 1760 1761
4 1761 1760 184 462
4 47 1712 1763 1760
4 1712 128 1762 1763
4 1763 1762 189 475
4 1760 1763 475 184
4 1775 1773 204 1774
4 505 1775 1774 207
4 210 514 1779 1778
4 514 206 1776 1779
4 1779 1776 82 1777
4 1778 1779 1777 209
4 511 210 1778 1781
4 1781 1778 209 1780
4 483 1781 1780 34
4 34 1780 1784 1783
4 1780 209 1782 1784
4 1784 1782 214 521
4 87 1785 1787 530
4 1785 215 1786 1787
4 1787 1786 219 525
4 1795 1794 225 539
4 395 1795 539 149
4 196 492 1797 1794
4 492 77 1796 1797
4 1794 1797 534 225
4 77 488 1799 1796
4 488 192 1798 1799
4 1799 1798 227 543
4 1814 1812 91 1813
4 569 1814 1813 238
4 237 574 1817 1812
4 574 243 1815 1817
4 1817 1815 242 1816
4 1812 1817 1816 91
4 250 589 1829 1828
4 1828 1829 1827 96
4 96 1827 1831 1830
4 1830 1831 605 254
4 100 1832 1834 1833
4 1832 260 615 1834
4 1834 615 263 621
4 1833 1834 621 262
4 266 626 1837 1836
4 626 267 634 1837
4 1837 634 265 1835
4 1836 1837 1835 104
4 273 641 1840 1839
4 1839 1840 1838 103
4 103 1838 1842 1841
4 1841 1842 656 277
4 108 1852 1855 1854
4 1852 283 1853 1855
4 1855 1853 286 673
4 1854 1855 673 285
4 287 1856 1857 678
4 1856 108 1854 1857
4 303 709 1869 1868
4 1869 1867 44 764
4 1868 1869 764 301
4 704 303 1868 1871
4 1871 1868 301 760
4 1870 1871 760 115
4 305 716 1873 1872
4 1873 1870 115 756
4 1872 1873 756 304
4 170 712 1874 433
4 712 305 1872 1874
4 724 312 1880 1882
4 1882 1880 311 1881
4 729 315 1883 1885
4 1885 1883 314 1884
4 1867 1885 1884 44
4 44 1884 1887 765
4 1884 314 1886 1887
4 1887 1886 319 739
4 314 1888 1890 1886
4 1888 118 1889 1890
4 1890 1889 316 734
4 1886 1890 734 319
4 323 1891 1893 744
4 1891 321 1892 1893
4 150 1909 1912 1911
4 1909 55 549 1912
4 1912 549 230 1910
4 1911 1912 1910 779
4 779 1910 1915 1914
4 1914 1915 1913 777
4 1918 1916 785 1917
4 354 1918 1917 127
4 400 61 1919 1921
4 1921 1919 782 1920
4 1916 1921 1920 785
4 787 1922 1925 1924
4 1922 786 1923 1925
4 1925 1923 65 429
4 187 1926 1927 471
4 1926 787 1924 1927
4 777 1913 1930 1929
4 1929 1930 1928 791
4 791 1928 1933 1932
4 1928 297 700 1933
4 1933 700 66 1931
4 1932 1933 1931 169
4 561 234 1943 1945
4 1945 1943 813 1944
4 1773 1945 1944 204
4 817 1946 1948 1947
4 1946 254 607 1948
4 1948 607 101 613
4 1947 1948 613 260
4 265 633 1951 1950
4 633 105 642 1951
4 1951 642 273 1949
4 1950 1951 1949 820
4 321 1952 1954 1892
4 1952 825 1953 1954
4 1954 1953 291 686
4 852 1976 1979 1978
4 1976 262 623 1979
4 1979 623 37 1977
4 1978 1979 1977 850
4 850 1977 1982 1981
4 1977 37 627 1982
4 1982 627 266 1980
4 1981 1982 1980 855
4 57 145 1987 780
4 145 58 778 1987
4 1987 778 56 1986
4 780 1987 1986 22
4 22 1986 1988 788
4 1986 56 790 1988
4 1988 790 68 174
4 788 1988 174 62
4 866 2010 2014 2013
4 2010 863 2011 2014
4 2014 2011 349 2012
4 2013 2014 2012 864
4 2018 2013 864 2016
4 2017 2018 2016 352
4 351 2019 2023 2022
4 2019 867 2020 2023
4 2023 2020 871 2021
4 2022 2023 2021 870
4 867 2024 2027 2020
4 2024 352 2025 2027
4 2027 2025 868 2026
4 2020 2027 2026 871
4 2032 2029 873 2030
4 2031 2032 2030 875
4 863 2033 2036 2011
4 2033 875 2034 2036
4 2036 2034 874 2035
4 2011 2036 2035 349
4 2040 2038 879 2039
4 2029 2040 2039 873
4 876 2041 2044 2038
4 2041 46 2042 2044
4 2044 2042 877 2043
4 2038 2044 2043 879
4 2049 2046 134 2047
4 2048 2049 2047 882
4 2053 2048 882 2051
4 2052 2053 2051 359
4 2058 2055 888 2056
4 2057 2058 2056 887
4 2059 351 2022 2061
4 2061 2022 870 2060
4 2055 2061 2060 888
4 891 2062 2066 2065
4 2062 887 2063 2066
4 2066 2063 363 2064
4 2065 2066 2064 890
4 881 2067 2069 2046
4 2067 891 2065 2069
4 2069 2065 890 2068
4 2046 2069 2068 134
4 133 2070 2074 2073
4 2070 892 2071 2074
4 2074 2071 896 2072
4 2073 2074 2072 895
4 892 2075 2078 2071
4 2075 359 2076 2078
4 2078 2076 893 2077
4 2071 2078 2077 896
4 901 2079 2083 2082
4 2079 898 2080 2083
4 2083 2080 372 2081
4 2082 2083 2081 899
4 2084 901 2082 2087
4 2087 2082 899 2085
4 2086 2087 2085 371
4 2092 2089 904 2090
4 2091 2092 2090 898
4 2095 2073 895 2094
4 2089 2095 2094 904
4 2099 2086 371 2097
4 2098 2099 2097 906
4 2103 2098 906 2101
4 2104 909 2105 2108
4 2108 2105 913 2106
4 2107 2108 2106 912
4 909 2109 2112 2105
4 2109 376 2110 2112
4 2112 2110 910 2111
4 2105 2112 2111 913
4 2116 2107 912 2114
4 2115 2116 2114 917
4 916 2117 2121 2120
4 2117 917 2118 2121
4 2121 2118 915 2119
4 2120 2121 2119 378
4 921 2122 2125 2124
4 2122 916 2120 2125
4 2125 2120 378 2123
4 2124 2125 2123 919
4 2129 2124 919 2127
4 2128 2129 2127 140
4 2134 2131 923 2132
4 926 2132 2138 2137
4 2132 923 2135 2138
4 2138 2135 147 2136
4 2137 2138 2136 924
4 925 2139 2142 2141
4 2139 926 2137 2142
4 2142 2137 924 2140
4 2141 2142 2140 383
4 2143 925 2141 2146
4 2146 2141 383 2144
4 2145 2146 2144 928
4 2150 2145 928 2148
4 2149 2150 2148 146
4 2155 2152 387 2153
4 2154 2155 2153 933
4 389 2156 2160 2159
4 2156 933 2157 2160
4 2160 2157 939 2158
4 2159 2160 2158 938
4 933 2153 2163 2157
4 2153 387 2161 2163
4 2163 2161 936 2162
4 2157 2163 2162 939
4 2167 2165 942 2166
4 2131 2167 2166 923
4 2168 389 2159 2170
4 2170 2159 938 2169
4 2165 2170 2169 942
4 946 2171 2175 2174
4 2171 944 2172 2175
4 2175 2172 393 2173
4 2174 2175 2173 945
4 2178 2174 945 2177
4 2152 2178 2177 387
4 2183 2180 948 2181
4 2182 2183 2181 950
4 944 2184 2187 2172
4 2184 950 2185 2187
4 2187 2185 949 2186
4 2172 2187 2186 393
4 2191 2189 954 2190
4 2180 2191 2190 948
4 951 2192 2195 2189
4 2192 394 2193 2195
4 2195 2193 952 2194
4 2189 2195 2194 954
4 394 2196 2199 2193
4 2196 955 2197 2199
4 2199 2197 958 2198
4 2193 2199 2198 952
4 2200 959 2201 2204
4 2204 2201 963 2202
4 2203 2204 2202 962
4 959 2205 2208 2201
4 2205 399 2206 2208
4 2208 2206 960 2207
4 2201 2208 2207 963
4 2213 2210 967 2211
4 2216 2203 962 2215
4 2210 2216 2215 967
4 966 2211 2220 2219
4 2211 967 2217 2220
4 2220 2217 965 2218
4 2219 2220 2218 154
4 971 2221 2224 2223
4 2221 966 2219 2224
4 2224 2219 154 2222
4 2223 2224 2222 969
4 2225 971 2223 2228
4 2228 2223 969 2226
4 2227 2228 2226 404
4 2232 2227 404 2230
4 2231 2232 2230 973
4 2237 2234 980 2235
4 2236 2237 2235 979
4 2241 2239 977 2240
4 2234 2241 2240 980
4 407 2242 2245 2239
4 2242 981 2243 2245
4 2245 2243 984 2244
4 2239 2245 2244 977
4 981 2246 2249 2243
4 2246 146 2247 2249
4 2249 2247 982 2248
4 2243 2249 2248 984
4 2254 2251 414 2252
4 2253 2254 2252 987
4 2258 2253 987 2256
4 992 2259 2263 2262
4 2259 979 2260 2263
4 2263 2260 410 2261
4 2262 2263 2261 991
4 986 2264 2266 2251
4 2264 992 2262 2266
4 2266 2262 991 2265
4 2251 2266 2265 414
4 419 2267 2271 2270
4 2267 993 2268 2271
4 2271 2268 997 2269
4 2270 2271 2269 996
4 993 2272 2275 2268
4 2272 416 2273 2275
4 2275 2273 994 2274
4 2268 2275 2274 997
4 2276 998 2277 2280
4 998 2281 2283 2277
4 2281 419 2270 2283
4 1006 2284 2288 2287
4 2284 1003 2285 2288
4 2288 2285 161 2286
4 2287 2288 2286 1004
4 1005 2289 2292 2291
4 2289 1006 2287 2292
4 2292 2287 1004 2290
4 2291 2292 2290 422
4 1009 2293 2296 2295
4 2293 1005 2291 2296
4 994 2297 2300 2299
4 2297 1009 2295 2300
4 1010 2301 2305 2304
4 2301 424 2302 2305
4 424 2306 2309 2302
4 2306 1015 2307 2309
4 2309 2307 1018 2308
4 1015 2310 2313 2307
4 2310 165 2311 2313
4 2313 2311 1016 2312
4 2307 2313 2312 1018
4 165 2314 2317 2311
4 2314 1019 2315 2317
4 2317 2315 1022 2316
4 2311 2317 2316 1016
4 1022 2318 2322 2321
4 2318 1020 2319 2322
4 2316 1022 2321 2325
4 1026 2326 2330 2329
4 2326 1024 2327 2330
4 2330 2327 418 2328
4 2329 2330 2328 1025
4 1020 2331 2333 2319
4 2331 1026 2329 2333
4 2333 2329 1025 2332
4 1030 2334 2338 2337
4 2334 1031 2335 2338
4 2338 2335 1029 2336
4 2337 2338 2336 434
4 1035 2339 2342 2341
4 2339 1030 2337 2342
4 2342 2337 434 2340
4 2341 2342 2340 1033
4 1034 2343 2346 2345
4 2343 1035 2341 2346
4 440 2347 2351 2350
4 2347 1036 2348 2351
4 2351 2348 1039 2349
4 2350 2351 2349 1038
4 1039 2352 2355 2354
4 2352 1034 2345 2355
4 439 2356 2360 2359
4 2356 1040 2357 2360
4 1040 2361 2363 2357
4 2361 440 2350 2363
4 2363 2350 1038 2362
4 2357 2363 2362 1043
4 1048 2364 2368 2367
4 2364 1045 2365 2368
4 2368 2365 444 2366
4 1047 2369 2372 2371
4 2369 1048 2367 2372
4 1052 2373 2377 2376
4 2373 1050 2374 2377
4 2377 2374 439 2375
4 2376 2377 2375 1051
4 1045 2378 2380 2365
4 2378 1052 2376 2380
4 2380 2376 1051 2379
4 2365 2380 2379 444
4 1051 2375 2383 2382
4 2375 439 2359 2383
4 161 2384 2388 2387
4 2384 1056 2385 2388
4 1056 2389 2392 2385
4 2389 445 2390 2392
4 2392 2390 1057 2391
4 445 2393 2396 2390
4 2393 1061 2394 2396
4 2396 2394 1063 2395
4 2390 2396 2395 1057
4 1061 2397 2400 2394
4 2397 176 2398 2400
4 2400 2398 1047 2399
4 2394 2400 2399 1063
4 2399 1047 2371 2403
4 140 2127 2407 2406
4 2127 919 2404 2407
4 919 2123 2410 2404
4 2123 378 2408 2410
4 2410 2408 1064 2409
4 2404 2410 2409 1067
4 378 2119 2413 2408
4 2119 915 2411 2413
4 2413 2411 1070 2412
4 2408 2413 2412 1064
4 1070 2414 2418 2417
4 2414 1068 2415 2418
4 1073 2419 2423 2422
4 2419 1071 2420 2423
4 2423 2420 455 2421
4 2422 2423 2421 1072
4 1068 2424 2426 2415
4 2424 1073 2422 2426
4 2426 2422 1072 2425
4 2427 1074 2428 2431
4 1074 2432 2435 2428
4 2432 453 2433 2435
4 1083 2436 2440 2439
4 2436 1080 2437 2440
4 1082 2441 2444 2443
4 2441 1083 2439 2444
4 453 2445 2448 2433
4 2445 1084 2446 2448
4 2448 2446 1086 2447
4 1084 2449 2452 2446
4 2449 458 2450 2452
4 2452 2450 1082 2451
4 2446 2452 2451 1086
4 1090 2453 2457 2456
4 2453 1088 2454 2457
4 2457 2454 460 2455
4 2456 2457 2455 1089
4 1080 2458 2460 2437
4 2458 1090 2456 2460
4 2460 2456 1089 2459
4 2437 2460 2459 181
4 186 2461 2465 2464
4 2461 1091 2462 2465
4 2465 2462 1095 2463
4 2464 2465 2463 1094
4 1091 2466 2469 2462
4 2466 462 2467 2469
4 2469 2467 1092 2468
4 2462 2469 2468 1095
4 1099 2470 2474 2473
4 2470 1097 2471 2474
4 2474 2471 463 2472
4 1092 2475 2478 2477
4 2475 1099 2473 2478
4 460 2479 2483 2482
4 2479 1100 2480 2483
4 1100 2484 2486 2480
4 2484 186 2464 2486
4 1108 2487 2491 2490
4 2487 1105 2488 2491
4 2491 2488 64 2489
4 2490 2491 2489 1106
4 1107 2492 2495 2494
4 2492 1108 2490 2495
4 473 2496 2500 2499
4 2496 1109 2497 2500
4 2500 2497 1112 2498
4 2499 2500 2498 1111
4 1112 2501 2504 2503
4 2501 1107 2494 2504
4 1116 2505 2509 2508
4 2505 1114 2506 2509
4 2509 2506 477 2507
4 2508 2509 2507 1115
4 1097 2510 2512 2471
4 2510 1116 2508 2512
4 2512 2508 1115 2511
4 2471 2512 2511 463
4 477 2513 2517 2516
4 2513 1117 2514 2517
4 1117 2518 2520 2514
4 2518 473 2499 2520
4 2520 2499 1111 2519
4 2514 2520 2519 1120
4 2521 1122 2522 2525
4 2525 2522 191 2523
4 2524 2525 2523 1123
4 2529 2524 1123 2527
4 2528 2529 2527 480
4 194 2530 2534 2533
4 2530 1126 2531 2534
4 2534 2531 1130 2532
4 2533 2534 2532 1129
4 1126 2535 2538 2531
4 2535 480 2536 2538
4 2538 2536 1127 2537
4 2531 2538 2537 1130
4 1135 2539 2543 2542
4 2539 1132 2540 2543
4 2543 2540 490 2541
4 2542 2543 2541 1133
4 1134 2544 2547 2546
4 2544 1135 2542 2547
4 2547 2542 1133 2545
4 2546 2547 2545 489
4 2552 2549 1138 2550
4 2551 2552 2550 1132
4 2553 194 2533 2555
4 2555 2533 1129 2554
4 2549 2555 2554 1138
4 2559 2546 489 2557
4 2558 2559 2557 1140
4 2563 2558 1140 2561
4 2562 2563 2561 494
4 2564 1143 2565 2568
4 2568 2565 1147 2566
4 2567 2568 2566 1146
4 1143 2569 2572 2565
4 2569 494 2570 2572
4 2572 2570 1144 2571
4 2565 2572 2571 1147
4 2577 2574 1151 2575
4 2580 2567 1146 2579
4 2574 2580 2579 1151
4 1150 2575 2584 2583
4 2575 1151 2581 2584
4 2584 2581 1149 2582
4 2583 2584 2582 496
4 1155 2585 2588 2587
4 2585 1150 2583 2588
4 2588 2583 496 2586
4 2587 2588 2586 1153
4 2589 1155 2587 2592
4 2592 2587 1153 2590
4 2591 2592 2590 21
4 1160 2593 2597 2596
4 2593 1157 2594 2597
4 2597 2594 81 2595
4 2596 2597 2595 1158
4 2598 1160 2596 2601
4 2601 2596 1158 2599
4 2600 2601 2599 501
4 2605 2600 501 2603
4 2604 2605 2603 1162
4 2609 2604 1162 2607
4 2614 2611 1166 2612
4 2613 2614 2612 1169
4 1168 2615 2619 2618
4 2615 1169 2616 2619
4 2619 2616 1167 2617
4 2618 2619 2617 507
4 2620 1170 2621 2623
4 2623 2621 1173 2622
4 2611 2623 2622 1166
4 1170 2624 2627 2621
4 2624 201 2625 2627
4 2627 2625 1171 2626
4 2621 2627 2626 1173
4 2632 2629 1178 2630
4 2631 2632 2630 1177
4 1174 2633 2636 2629
4 2633 510 2634 2636
4 2636 2634 1175 2635
4 2629 2636 2635 1178
4 2640 2631 1177 2638
4 1181 2638 2644 2643
4 2638 1177 2641 2644
4 2644 2641 511 2642
4 2643 2644 2642 1180
4 1122 2645 2647 2522
4 2645 1181 2643 2647
4 2647 2643 1180 2646
4 2522 2647 2646 191
4 2652 2649 515 2650
4 2651 2652 2650 1184
4 1189 2653 2656 2655
4 2653 1168 2618 2656
4 2656 2618 507 2654
4 2655 2656 2654 1188
4 2659 2655 1188 2658
4 2649 2659 2658 515
4 510 2660 2663 2634
4 2660 1184 2661 2663
4 2663 2661 1192 2662
4 2634 2663 2662 1175
4 519 2664 2668 2667
4 2664 1193 2665 2668
4 2668 2665 1197 2666
4 2667 2668 2666 1196
4 1197 2669 2673 2672
4 2669 1194 2670 2673
4 2673 2670 518 2671
4 2672 2673 2671 1195
4 2666 1197 2672 2676
4 213 2677 2681 2680
4 2677 1198 2678 2681
4 2681 2678 1202 2679
4 1198 2682 2685 2678
4 2682 521 2683 2685
4 2685 2683 1199 2684
4 2678 2685 2684 1202
4 1206 2686 2690 2689
4 2686 1204 2687 2690
4 2690 2687 519 2688
4 2689 2690 2688 1205
4 1199 2691 2694 2693
4 2691 1206 2689 2694
4 2694 2689 1205 2692
4 2688 519 2667 2697
4 218 2698 2702 2701
4 2698 1210 2699 2702
4 2702 2699 1214 2700
4 2701 2702 2700 1213
4 1213 2700 2706 2705
4 2700 1214 2703 2706
4 2706 2703 1212 2704
4 2705 2706 2704 528
4 2704 1212 2707 2710
4 2710 2707 1218 2708
4 2708 1218 2711 2714
4 2714 2711 1216 2712
4 2671 518 2715 2718
4 518 2719 2722 2715
4 2719 1223 2720 2722
4 2722 2720 1226 2721
4 2715 2722 2721 1219
4 2721 1226 2723 2726
4 2726 2723 1225 2724
4 1225 2727 2731 2730
4 2727 530 2728 2731
4 2731 2728 1227 2729
4 2730 2731 2729 1230
4 2729 1227 2732 2735
4 2735 2732 218 2733
4 1235 2736 2740 2739
4 2736 1232 2737 2740
4 2740 2737 538 2738
4 2739 2740 2738 1233
4 1236 2741 2745 2744
4 2741 223 2742 2745
4 2745 2742 1237 2743
4 2744 2745 2743 1239
4 1232 2746 2749 2737
4 2746 1239 2747 2749
4 2737 2749 2748 538
4 537 2750 2754 2753
4 2750 1233 2751 2754
4 2754 2751 1243 2752
4 2753 2754 2752 1242
4 1233 2738 2757 2751
4 2738 538 2755 2757
4 1242 2752 2761 2760
4 1247 2762 2765 2764
4 2762 1242 2760 2765
4 2765 2760 224 2763
4 2764 2765 2763 1245
4 223 2766 2769 2742
4 2766 1248 2767 2769
4 2742 2769 2768 1237
4 1248 2770 2773 2767
4 2770 543 2771 2773
4 540 2774 2778 2777
4 2774 1245 2775 2778
4 2778 2775 1255 2776
4 2777 2778 2776 1254
4 1245 2763 2781 2775
4 1254 2776 2785 2784
4 2784 2785 2783 550
4 1256 2786 2790 2789
4 2786 550 2787 2790
4 2790 2787 1257 2788
4 2789 2790 2788 1260
4 1260 2788 2794 2793
4 2793 2794 2792 1258
4 230 2795 2799 2798
4 2795 1258 2796 2799
4 2799 2796 1264 2797
4 2798 2799 2797 1263
4 1263 2797 2803 2802
4 2797 1264 2800 2803
4 2803 2800 1262 2801
4 2802 2803 2801 553
4 553 2801 2807 2806
4 2806 2807 2805 1267
4 1267 2805 2811 2810
4 2810 2811 2809 7
4 2816 2813 559 2814
4 2815 2816 2814 1271
4 2820 2815 1271 2818
4 2819 2820 2818 558
4 1277 2821 2825 2824
4 2821 1275 2822 2825
4 2825 2822 556 2823
4 2824 2825 2823 1276
4 1270 2826 2828 2813
4 2826 1277 2824 2828
4 2828 2824 1276 2827
4 2813 2828 2827 559
4 562 2829 2833 2832
4 2829 1278 2830 2833
4 2833 2830 1282 2831
4 2832 2833 2831 1281
4 1278 2834 2837 2830
4 2834 558 2835 2837
4 2837 2835 1279 2836
4 2830 2837 2836 1282
4 2842 2839 1285 2840
4 2845 2832 1281 2844
4 2839 2845 2844 1285
4 1157 2840 2848 2594
4 2840 1285 2846 2848
4 2848 2846 1284 2847
4 2594 2848 2847 81
4 2853 2850 1287 2851
4 2852 2853 2851 1290
4 1290 2851 2857 2856
4 2851 1287 2854 2857
4 2857 2854 237 2855
4 2856 2857 2855 1288
4 1289 2858 2861 2860
4 2858 1290 2856 2861
4 2861 2856 1288 2859
4 2860 2861 2859 565
4 2862 1289 2860 2865
4 2865 2860 565 2863
4 2864 2865 2863 1292
4 2869 2864 1292 2867
4 2868 2869 2867 239
4 2874 2871 1298 2872
4 2873 2874 2872 1275
4 2875 568 2876 2878
4 2878 2876 1296 2877
4 2871 2878 2877 1298
4 568 2879 2882 2876
4 2879 1299 2880 2882
4 2882 2880 1302 2881
4 2876 2882 2881 1296
4 1299 2883 2886 2880
4 2883 239 2884 2886
4 2886 2884 1300 2885
4 2880 2886 2885 1302
4 2891 2888 573 2889
4 2890 2891 2889 1305
4 575 2892 2896 2895
4 2892 1305 2893 2896
4 2896 2893 1311 2894
4 2895 2896 2894 1310
4 2900 2898 1314 2899
4 2850 2900 2899 1287
4 1312 2901 2903 2898
4 2901 575 2895 2903
4 2903 2895 1310 2902
4 2898 2903 2902 1314
4 1318 2904 2908 2907
4 2904 1316 2905 2908
4 2908 2905 579 2906
4 2907 2908 2906 1317
4 2911 2907 1317 2910
4 2888 2911 2910 573
4 2916 2913 1320 2914
4 2915 2916 2914 1322
4 1316 2917 2920 2905
4 2917 1322 2918 2920
4 2920 2918 1321 2919
4 2905 2920 2919 579
4 2921 1323 2922 2924
4 2924 2922 1326 2923
4 2913 2924 2923 1320
4 1323 2925 2928 2922
4 2922 2928 2927 1326
4 1326 2927 2932 2931
4 2927 1324 2929 2932
4 2932 2929 583 2930
4 2931 2932 2930 1325
4 1330 2933 2937 2936
4 2936 2937 2935 582
4 1325 2930 2941 2940
4 2930 583 2938 2941
4 2941 2938 1330 2939
4 2940 2941 2939 1334
4 582 2935 2945 2944
4 2944 2945 2943 1337
4 1337 2943 2949 2948
4 2943 1338 2946 2949
4 2949 2946 1336 2947
4 2948 2949 2947 587
4 587 2947 2953 2952
4 2947 1336 2950 2953
4 2953 2950 1342 2951
4 2952 2953 2951 1341
4 2957 2958 2956 1340
4 1341 2951 2961 2960
4 2951 1342 2957 2961
4 2961 2957 1340 2959
4 2960 2961 2959 585
4 1340 2956 2965 2964
4 2964 2965 2963 1346
4 1346 2963 2969 2968
4 2968 2969 2967 1344
4 1344 2967 2973 2972
4 2967 588 2970 2973
4 2973 2970 1347 2971
4 2972 2973 2971 1350
4 1350 2971 2977 2976
4 2971 1347 2974 2977
4 2977 2974 251 2975
4 2976 2977 2975 1348
4 1354 2978 2982 2981
4 2981 2982 2980 595
4 595 2980 2986 2985
4 2985 2986 2984 1358
4 1358 2984 2990 2989
4 2989 2990 2988 249
4 249 2988 2994 2993
4 2994 2991 1363 2992
4 2993 2994 2992 1362
4 1362 2992 2998 2997
4 2992 1363 2995 2998
4 2998 2995 1361 2996
4 2997 2998 2996 599
4 599 2996 3002 3001
4 2996 1361 2999 3002
4 3002 2999 1367 3000
4 3001 3002 3000 1366
4 1366 3000 3006 3005
4 3000 1367 3003 3006
4 3006 3003 1365 3004
4 3005 3006 3004 255
4 255 3004 3010 3009
4 3004 1365 3007 3010
4 3010 3007 1371 3008
4 3009 3010 3008 1370
4 1370 3008 3014 3013
4 1375 3015 3018 3017
4 3015 1370 3013 3018
4 3018 3013 603 3016
4 3017 3018 3016 1373
4 608 3019 3023 3022
4 3019 1373 3020 3023
4 3023 3020 1379 3021
4 3022 3023 3021 1378
4 1373 3016 3026 3020
4 1378 3021 3030 3029
4 1383 3031 3034 3033
4 3031 1378 3029 3034
4 3034 3029 606 3032
4 3033 3034 3032 1381
4 101 3035 3039 3038
4 3035 1381 3036 3039
4 3039 3036 1387 3037
4 3038 3039 3037 1386
4 1381 3032 3042 3036
4 1386 3037 3046 3045
4 1391 3047 3050 3049
4 3047 1386 3045 3050
4 3050 3045 611 3048
4 3049 3050 3048 1389
4 616 3051 3055 3054
4 3051 1389 3052 3055
4 3055 3052 1395 3053
4 3054 3055 3053 1394
4 1389 3048 3058 3052
4 1394 3053 3062 3061
4 1399 3063 3066 3065
4 3063 1394 3061 3066
4 3066 3061 614 3064
4 3065 3066 3064 1397
4 263 3067 3071 3070
4 3067 1397 3068 3071
4 3071 3068 1403 3069
4 3070 3071 3069 1402
4 1397 3064 3074 3068
4 1402 3069 3078 3077
4 1407 3079 3082 3081
4 3079 1402 3077 3082
4 3082 3077 619 3080
4 3081 3082 3080 1405
4 624 3083 3087 3086
4 3083 1405 3084 3087
4 3087 3084 1411 3085
4 3086 3087 3085 1410
4 1405 3080 3090 3084
4 1410 3085 3094 3093
4 1415 3095 3098 3097
4 3095 1410 3093 3098
4 3098 3093 622 3096
4 3097 3098 3096 1413
4 1413 3096 3102 3101
4 3096 622 3099 3102
4 3102 3099 1416 3100
4 3101 3102 3100 1419
4 3099 3105 3104 1416
4 3109 3110 3108 1421
4 1416 3104 3113 3112
4 3104 1422 3109 3113
4 3113 3109 1421 3111
4 3112 3113 3111 628
4 1421 3108 3117 3116
4 3108 625 3114 3117
4 3117 3114 1423 3115
4 3116 3117 3115 1426
4 3114 3121 3120 1423
4 3125 3126 3124 1429
4 1423 3120 3129 3128
4 3120 1430 3125 3129
4 3129 3125 1429 3127
4 3128 3129 3127 267
4 1429 3124 3133 3132
4 3124 630 3130 3133
4 3133 3130 1431 3131
4 3132 3133 3131 1434
4 3130 3137 3136 1431
4 3141 3142 3140 1437
4 1431 3136 3145 3144
4 3136 1438 3141 3145
4 3145 3141 1437 3143
4 3144 3145 3143 635
4 1437 3140 3149 3148
4 3140 632 3146 3149
4 3149 3146 1439 3147
4 3148 3149 3147 1442
4 3146 3153 3152 1439
4 3157 3158 3156 1445
4 1439 3152 3161 3160
4 3152 1446 3157 3161
4 3161 3157 1445 3159
4 3160 3161 3159 105
4 1445 3156 3165 3164
4 3156 638 3162 3165
4 3165 3162 1447 3163
4 3164 3165 3163 1450
4 3162 3169 3168 1447
4 3173 3174 3172 1453
4 1447 3168 3177 3176
4 3168 1454 3173 3177
4 3177 3173 1453 3175
4 3176 3177 3175 643
4 1453 3172 3181 3180
4 3172 640 3178 3181
4 3181 3178 1455 3179
4 3180 3181 3179 1458
4 3178 3185 3184 1455
4 1455 3184 3189 3188
4 3184 1462 3186 3189
4 3189 3186 1461 3187
4 3188 3189 3187 274
4 274 3187 3193 3192
4 3187 1461 3190 3193
4 3193 3190 1466 3191
4 3192 3193 3191 1465
4 1465 3191 3197 3196
4 3191 1466 3194 3197
4 3197 3194 1464 3195
4 3196 3197 3195 650
4 650 3195 3201 3200
4 3195 1464 3198 3201
4 3201 3198 1470 3199
4 3200 3201 3199 1469
4 1469 3199 3205 3204
4 3199 1470 3202 3205
4 3204 3205 3203 272
4 272 3203 3209 3208
4 3208 3209 3207 1473
4 1473 3207 3213 3212
4 3212 3213 3211 654
4 654 3211 3217 3216
4 3216 3217 3215 1477
4 1479 3218 3222 3221
4 3218 278 3219 3222
4 3222 3219 1480 3220
4 3221 3222 3220 1483
4 1483 3220 3226 3225
4 3220 1480 3223 3226
4 3226 3223 657 3224
4 3225 3226 3224 1481
4 1481 3224 3230 3229
4 3229 3230 3228 1487
4 1487 3228 3234 3233
4 3233 3234 3232 1485
4 658 3235 3239 3238
4 3235 1485 3236 3239
4 3239 3236 1491 3237
4 3238 3239 3237 1490
4 1485 3232 3242 3236
4 1490 3237 3246 3245
4 3237 1491 3243 3246
4 3246 3243 1489 3244
4 3245 3246 3244 664
4 664 3244 3250 3249
4 3244 1489 3247 3250
4 3250 3247 1495 3248
4 3249 3250 3248 1494
4 1494 3248 3254 3253
4 3253 3254 3252 662
4 1500 3255 3259 3258
4 3255 1497 3256 3259
4 3259 3256 668 3257
4 3258 3259 3257 1498
4 662 3252 3263 3262
4 3262 3263 3261 1497
4 1498 3257 3267 3266
4 3257 668 3264 3267
4 3267 3264 1504 3265
4 3266 3267 3265 1507
4 1507 3265 3271 3270
4 3270 3271 3269 1505
4 1506 3272 3275 3274
4 3272 1507 3270 3275
4 3275 3270 1505 3273
4 672 3276 3280 3279
4 3276 1508 3277 3280
4 3280 3277 1511 3278
4 3279 3280 3278 1510
4 1511 3281 3284 3283
4 3281 1506 3274 3284
4 671 3285 3289 3288
4 3285 1512 3286 3289
4 1512 3290 3292 3286
4 3290 672 3279 3292
4 3292 3279 1510 3291
4 3286 3292 3291 1515
4 1520 3293 3297 3296
4 3293 1517 3294 3297
4 3297 3294 676 3295
4 3296 3297 3295 1518
4 1519 3298 3301 3300
4 3298 1520 3296 3301
4 1517 3302 3305 3294
4 3302 1524 3303 3305
4 3305 3303 1523 3304
4 3294 3305 3304 676
4 1523 3306 3309 3308
4 3306 671 3288 3309
4 1532 3310 3314 3313
4 3310 1529 3311 3314
4 3314 3311 290 3312
4 3313 3314 3312 1530
4 1531 3315 3318 3317
4 3315 1532 3313 3318
4 3318 3313 1530 3316
4 3317 3318 3316 679
4 1536 3319 3322 3321
4 3319 1531 3317 3322
4 3322 3317 679 3320
4 1535 3323 3326 3325
4 3323 1536 3321 3326
4 290 3327 3331 3330
4 3327 1537 3328 3331
4 1537 3332 3335 3328
4 3332 682 3333 3335
4 3335 3333 1538 3334
4 682 3336 3339 3333
4 3336 1542 3337 3339
4 3339 3337 1544 3338
4 3333 3339 3338 1538
4 1542 3340 3343 3337
4 3340 285 3341 3343
4 3343 3341 1519 3342
4 3337 3343 3342 1544
4 1544 3342 3346 3345
4 3342 1519 3300 3346
4 112 3347 3351 3350
4 3347 1545 3348 3351
4 3351 3348 1549 3349
4 3350 3351 3349 1548
4 1549 3352 3356 3355
4 3352 1546 3353 3356
4 3349 1549 3355 3359
4 1553 3360 3364 3363
4 3360 1551 3361 3364
4 3364 3361 687 3362
4 3363 3364 3362 1552
4 1546 3365 3367 3353
4 3365 1553 3363 3367
4 3367 3363 1552 3366
4 3353 3367 3366 690
4 693 3368 3372 3371
4 3368 1554 3369 3372
4 3372 3369 1557 3370
4 3371 3372 3370 1556
4 1554 3373 3376 3369
4 3373 680 3374 3376
4 3376 3374 1535 3375
4 3369 3376 3375 1557
4 687 3377 3381 3380
4 3377 1558 3378 3381
4 1558 3382 3384 3378
4 3382 693 3371 3384
4 7 2809 3388 3387
4 3387 3388 3386 1564
4 1564 3386 3392 3391
4 3391 3392 3390 696
4 696 3390 3396 3395
4 3390 1563 3393 3396
4 3396 3393 1569 3394
4 3395 3396 3394 1568
4 1568 3394 3400 3399
4 3394 1569 3397 3400
4 3400 3397 1567 3398
4 3399 3400 3398 297
4 1567 3401 3405 3404
4 3404 3405 3403 1573
4 1573 3403 3409 3408
4 3403 1570 3406 3409
4 3409 3406 701 3407
4 3408 3409 3407 1571
4 701 3410 3414 3413
4 3413 3414 3412 1577
4 3418 3419 3417 1576
4 1577 3412 3422 3421
4 3412 1578 3418 3422
4 3422 3418 1576 3420
4 3421 3422 3420 699
4 3427 3424 704 3425
4 3426 3427 3425 1581
4 1582 3428 3431 3430
4 3431 3426 1581 3429
4 3430 3431 3429 302
4 3436 3433 300 3434
4 3435 3436 3434 1586
4 3440 3435 1586 3438
4 1576 3417 3444 3443
4 3417 296 3441 3444
4 3444 3441 1589 3442
4 3443 3444 3442 1592
4 3441 3448 3447 1589
4 3452 3453 3451 1595
4 1589 3447 3456 3455
4 3447 1596 3452 3456
4 3456 3452 1595 3454
4 3455 3456 3454 711
4 717 3457 3461 3460
4 3461 3458 1600 3459
4 3460 3461 3459 1599
4 3458 3465 3464 1600
4 1600 3464 3468 3467
4 3464 1582 3430 3468
4 3468 3430 302 3466
4 3467 3468 3466 1598
4 1595 3451 3471 3470
4 3451 717 3460 3471
4 3471 3460 1599 3469
4 3470 3471 3469 1603
4 3472 306 3473 3476
4 3476 3473 1605 3474
4 1608 3474 3480 3479
4 3474 1605 3477 3480
4 3480 3477 719 3478
4 3479 3480 3478 1606
4 3481 1606 3482 3485
4 3485 3482 1612 3483
4 1606 3478 3488 3482
4 3478 719 3486 3488
4 3488 3486 1609 3487
4 3482 3488 3487 1612
4 1611 3483 3492 3491
4 3483 1612 3489 3492
4 3492 3489 1610 3490
4 3491 3492 3490 720
4 3496 3491 720 3494
4 2712 1216 3497 3500
4 3500 3497 1620 3498
4 3498 1620 3501 3504
4 3504 3501 1618 3502
4 725 3502 3508 3507
4 3502 1618 3505 3508
4 3508 3505 1624 3506
4 3507 3508 3506 1623
4 1623 3506 3512 3511
4 3506 1624 3509 3512
4 3512 3509 1622 3510
4 3511 3512 3510 306
4 3517 3514 728 3515
4 3518 1627 3519 3522
4 3522 3519 1633 3520
4 3521 3522 3520 1632
4 1627 3515 3525 3519
4 3515 728 3523 3525
4 3525 3523 1630 3524
4 3519 3525 3524 1633
4 3529 3521 1632 3527
4 1636 3527 3533 3532
4 3527 1632 3530 3533
4 3533 3530 729 3531
4 3532 3533 3531 1635
4 3534 1636 3532 3536
4 3536 3532 1635 3535
4 3433 3536 3535 300
4 3541 3538 1639 3539
4 1614 3494 3544 3538
4 3494 720 3542 3544
4 3544 3542 1637 3543
4 3538 3544 3543 1639
4 1626 3539 3547 3514
4 3539 1639 3545 3547
4 3547 3545 1638 3546
4 3514 3547 3546 728
4 1643 3548 3552 3551
4 3548 1644 3549 3552
4 3552 3549 1642 3550
4 3551 3552 3550 737
4 738 3553 3557 3556
4 3553 1645 3554 3557
4 1645 3558 3561 3554
4 3558 735 3559 3561
4 3561 3559 1646 3560
4 3554 3561 3560 1649
4 1642 3562 3565 3564
4 3562 738 3556 3565
4 318 3566 3570 3569
4 3566 1653 3567 3570
4 3570 3567 1657 3568
4 3569 3570 3568 1656
4 1653 3571 3574 3567
4 3571 739 3572 3574
4 3574 3572 1654 3573
4 3567 3574 3573 1657
4 3573 1654 3575 3578
4 1660 3579 3582 3581
4 3579 1643 3551 3582
4 3582 3551 737 3580
4 3581 3582 3580 1659
4 1654 3583 3585 3575
4 3583 1660 3581 3585
4 1665 3586 3590 3589
4 3586 1662 3587 3590
4 3590 3587 322 3588
4 3589 3590 3588 1663
4 1664 3591 3594 3593
4 3591 1665 3589 3594
4 3594 3589 1663 3592
4 735 3595 3598 3559
4 3595 1666 3596 3598
4 3598 3596 1668 3597
4 3559 3598 3597 1646
4 1668 3599 3602 3601
4 3599 1664 3593 3602
4 3603 1669 3604 3607
4 1669 3608 3611 3604
4 3608 747 3609 3611
4 747 3612 3615 3609
4 3612 1674 3613 3615
4 3615 3613 1676 3614
4 1674 3616 3618 3613
4 3616 112 3350 3618
4 3618 3350 1548 3617
4 3613 3618 3617 1676
4 24 3619 3623 3622
4 3619 1677 3620 3623
4 3623 3620 1681 3621
4 1677 3624 3627 3620
4 3624 751 3625 3627
4 3627 3625 1678 3626
4 3620 3627 3626 1681
4 751 3628 3631 3625
4 3628 1682 3629 3631
4 3631 3629 1685 3630
4 3625 3631 3630 1678
4 1685 3632 3636 3635
4 3632 1683 3633 3636
4 3630 1685 3635 3639
4 1689 3640 3644 3643
4 3640 1687 3641 3644
4 3644 3641 759 3642
4 3643 3644 3642 1688
4 1683 3645 3647 3633
4 3645 1689 3643 3647
4 3647 3643 1688 3646
4 759 3648 3652 3651
4 3648 1690 3649 3652
4 1690 3653 3656 3649
4 3653 757 3654 3656
4 1699 3657 3661 3660
4 3657 1696 3658 3661
4 3661 3658 332 3659
4 1698 3662 3665 3664
4 3662 1699 3660 3665
4 757 3666 3669 3654
4 3666 1700 3667 3669
4 3669 3667 1702 3668
4 3654 3669 3668 1691
4 1700 3670 3673 3667
4 3670 763 3671 3673
4 3673 3671 1698 3672
4 3667 3673 3672 1702
4 1706 3674 3678 3677
4 3674 1704 3675 3678
4 3678 3675 766 3676
4 3677 3678 3676 1705
4 1696 3679 3681 3658
4 3679 1706 3677 3681
4 3681 3677 1705 3680
4 3658 3681 3680 332
4 766 3682 3686 3685
4 3682 1707 3683 3686
4 1707 3687 3689 3683
4 3687 318 3569 3689
4 3689 3569 1656 3688
4 3692 865 352 867
4 352 864 3695 868
4 864 349 3693 3695
4 3695 3693 130 3694
4 868 3695 3694 350
4 349 874 3698 3693
4 874 356 3696 3698
4 3698 3696 355 3697
4 3693 3698 3697 130
4 359 882 3707 893
4 882 134 3705 3707
4 3707 3705 365 3706
4 893 3707 3706 368
4 371 899 3711 3710
4 899 372 3708 3711
4 3711 3708 370 3709
4 3710 3711 3709 136
4 376 906 3716 910
4 906 371 3710 3716
4 3716 3710 136 3715
4 910 3716 3715 374
4 393 949 3729 3728
4 949 391 3726 3729
4 3729 3726 151 3727
4 3728 3729 3727 392
4 387 945 3731 936
4 945 393 3728 3731
4 3731 3728 392 3730
4 936 3731 3730 144
4 414 991 3741 3740
4 991 410 3738 3741
4 3741 3738 158 3739
4 3740 3741 3739 413
4 399 987 3743 960
4 987 414 3740 3743
4 3743 3740 413 3742
4 960 3743 3742 61
4 65 3744 3746 1024
4 3744 415 3745 3746
4 3746 3745 419 998
4 1024 3746 998 418
4 415 3747 3749 3745
4 3747 160 3748 3749
4 3749 3748 416 993
4 3745 3749 993 419
4 172 3756 3758 1050
4 3756 437 3757 3758
4 3758 3757 440 1040
4 1050 3758 1040 439
4 437 3759 3761 3757
4 3759 173 3760 3761
4 3761 3760 435 1036
4 3757 3761 1036 440
4 374 3715 3773 1071
4 3715 136 3772 3773
4 3773 3772 453 1074
4 1071 3773 1074 455
4 136 3709 3777 3772
4 3709 370 3776 3777
4 3777 3776 458 1084
4 3772 3777 1084 453
4 461 3778 3780 1088
4 3778 459 3779 3780
4 3780 3779 186 1100
4 1088 3780 1100 460
4 189 3788 3791 3790
4 3788 470 3789 3791
4 3791 3789 474 1109
4 3790 3791 1109 473
4 475 3792 3793 1114
4 3792 189 3790 3793
4 3793 3790 473 1117
4 1114 3793 1117 477
4 1115 477 1119 3795
4 480 1123 3801 1127
4 1123 191 3799 3801
4 3801 3799 483 3800
4 1127 3801 3800 486
4 489 1133 3805 3804
4 1133 490 3802 3805
4 3805 3802 488 3803
4 3804 3805 3803 77
4 494 1140 3810 1144
4 1140 489 3804 3810
4 3810 3804 77 3809
4 1144 3810 3809 492
4 507 1167 3817 3816
4 1167 508 3814 3817
4 3817 3814 506 3815
4 3816 3817 3815 206
4 515 1188 3825 1190
4 1188 507 3816 3825
4 3825 3816 206 3824
4 1190 3825 3824 514
4 214 3826 3828 1204
4 3826 516 3827 3828
4 3828 3827 520 1193
4 1204 3828 1193 519
4 520 3829 3831 1194
4 3829 517 3830 3831
4 3831 3830 87 1223
4 1194 3831 1223 518
4 543 3835 3838 1249
4 55 3839 3841 3840
4 3839 540 1254 3841
4 3841 1254 550 1256
4 3840 3841 1256 549
4 559 1276 3848 3847
4 1276 556 3845 3848
4 3848 3845 93 3846
4 3847 3848 3846 557
4 558 1271 3850 1279
4 1271 559 3847 3850
4 3850 3847 557 3849
4 1279 3850 3849 234
4 579 1321 3865 3864
4 1321 577 1333 3865
4 3865 1333 241 3863
4 3864 3865 3863 578
4 573 1317 3867 1308
4 1317 579 3864 3867
4 3867 3864 578 3866
4 1308 3867 3866 243
4 241 1332 3873 3872
4 1332 582 1337 3873
4 3873 1337 587 3871
4 3872 3873 3871 586
4 586 3871 3876 3875
4 3871 587 1341 3876
4 3876 1341 585 3874
4 3875 3876 3874 97
4 109 3906 3909 3908
4 3906 658 1490 3909
4 3909 1490 664 3907
4 3908 3909 3907 663
4 663 3907 3911 3910
4 3907 664 1494 3911
4 3911 1494 662 1496
4 3910 3911 1496 281
4 286 3915 3917 1522
4 3915 669 3916 3917
4 3917 3916 672 1512
4 1522 3917 1512 671
4 669 3918 3919 3916
4 3918 281 1499 3919
4 3919 1499 667 1508
4 3916 3919 1508 672
4 291 3932 3934 1551
4 3932 691 3933 3934
4 3934 3933 693 1558
4 1551 3934 1558 687
4 691 3935 3937 3933
4 3935 113 3936 3937
4 3937 3936 680 1554
4 3933 3937 1554 693
4 700 1571 3943 3942
4 1571 701 1577 3943
4 3943 1577 699 3941
4 3942 3943 3941 66
4 1580 3947 3946 704
4 720 1610 3959 1637
4 1610 119 3957 3959
4 3959 3957 731 3958
4 1637 3959 3958 733
4 728 1638 3962 1630
4 1638 733 3960 3962
4 3962 3960 732 3961
4 1630 3962 3961 315
4 734 3963 3965 1641
4 3963 316 3964 3965
4 3965 3964 735 1645
4 1641 3965 1645 738
4 316 3972 3974 3964
4 3972 743 3973 3974
4 3974 3973 746 1666
4 3964 3974 1666 735
4 756 3979 3981 1687
4 3979 115 3980 3981
4 3981 3980 757 1690
4 1687 3981 1690 759
4 115 3984 3986 3980
4 3984 760 3985 3986
4 3986 3985 763 1700
4 3980 3986 1700 757
4 767 3987 3989 1704
4 3987 765 3988 3989
4 3989 3988 318 1707
4 1704 3989 1707 766
4 134 890 3995 3705
4 890 363 3993 3995
4 3995 3993 1716 3994
4 3705 3995 3994 365
4 4002 920 140 4000
4 146 928 4005 982
4 928 383 4003 4005
4 4005 4003 1732 4004
4 982 4005 4004 408
4 383 924 4008 4003
4 924 147 4006 4008
4 4008 4006 1729 4007
4 4003 4008 4007 1732
4 1747 4021 4024 4023
4 4021 1746 4022 4024
4 4024 4022 176 1061
4 4023 4024 1061 445
4 421 4025 4026 1003
4 4025 1747 4023 4026
4 4026 4023 445 1056
4 1003 4026 1056 161
4 4000 140 1066 4029
4 459 4033 4035 3779
4 4033 1761 4034 4035
4 4035 4034 462 1091
4 3779 4035 1091 186
4 201 1162 4047 1171
4 1162 501 4045 4047
4 4047 4045 1775 4046
4 1171 4047 4046 505
4 501 1158 4050 4045
4 1158 81 4048 4050
4 4050 4048 1773 4049
4 4045 4050 4049 1775
4 191 1180 4053 3799
4 1180 511 4051 4053
4 4053 4051 1781 4052
4 3799 4053 4052 483
4 1783 4054 4057 4056
4 4054 1784 4055 4057
4 4057 4055 521 1198
4 4056 4057 1198 213
4 530 4058 4060 1227
4 4058 1787 4059 4060
4 4060 4059 525 1210
4 1227 4060 1210 218
4 21 1153 4069 956
4 1153 496 4067 4069
4 4069 4067 1795 4068
4 956 4069 4068 395
4 496 1149 4072 4067
4 1149 196 4070 4072
4 4072 4070 1794 4071
4 4067 4072 4071 1795
4 1797 4073 4076 4075
4 4073 1796 4074 4076
4 4076 4074 223 1236
4 4075 4076 1236 534
4 1796 4077 4079 4074
4 4077 1799 4078 4079
4 4079 4078 543 1248
4 4074 4079 1248 223
4 4080 213 1201 4083
4 4089 1293 239 1299
4 239 1292 4095 1300
4 1292 565 4093 4095
4 4095 4093 1814 4094
4 1300 4095 4094 569
4 565 1288 4098 4093
4 1288 237 4096 4098
4 4098 4096 1812 4097
4 4093 4098 4097 1814
4 589 1348 4110 4109
4 1348 251 1354 4110
4 4110 1354 595 4108
4 4109 4110 4108 1829
4 1829 4108 4113 4112
4 4108 595 1358 4113
4 4113 1358 249 4111
4 4112 4113 4111 1827
4 1827 4111 4116 4115
4 4111 249 1362 4116
4 4116 1362 599 4114
4 4115 4116 4114 1831
4 1831 4114 4118 4117
4 4114 599 1366 4118
4 4118 1366 255 1372
4 4117 4118 1372 605
4 641 1456 4121 4120
4 1456 274 1465 4121
4 4121 1465 650 4119
4 4120 4121 4119 1840
4 1840 4119 4124 4123
4 4119 650 1469 4124
4 4124 1469 272 4122
4 4123 4124 4122 1838
4 1838 4122 4127 4126
4 4122 272 1473 4127
4 4127 1473 654 4125
4 4126 4127 4125 1842
4 1842 4125 4129 4128
4 4125 654 1477 4129
4 4129 1477 278 1479
4 4128 4129 1479 656
4 1857 4139 4142 4141
4 4139 1854 4140 4142
4 4142 4140 285 1542
4 4141 4142 1542 682
4 678 4143 4144 1529
4 4143 1857 4141 4144
4 4144 4141 682 1537
4 1529 4144 1537 290
4 1530 290 1540 4150
4 709 1586 4157 4156
4 1586 300 4154 4157
4 4157 4154 1867 4155
4 4156 4157 4155 1869
4 302 1581 4161 4160
4 1581 704 4158 4161
4 4161 4158 1871 4159
4 4160 4161 4159 1870
4 716 1598 4164 4163
4 1598 302 4160 4164
4 4164 4160 1870 4162
4 4163 4164 4162 1873
4 1874 4165 4168 4167
4 4165 1872 4166 4168
4 4168 4166 304 1682
4 4167 4168 1682 751
4 433 4169 4170 1028
4 4169 1874 4167 4170
4 4170 4167 751 1677
4 1028 4170 1677 24
4 306 1622 4178 1605
4 1622 724 4176 4178
4 4178 4176 1882 4177
4 1605 4178 4177 719
4 719 4177 4181 1609
4 4177 1882 4179 4181
4 4181 4179 1881 4180
4 1609 4181 4180 119
4 300 1635 4184 4154
4 1635 729 4182 4184
4 4184 4182 1885 4183
4 4154 4184 4183 1867
4 765 4185 4187 3988
4 4185 1887 4186 4187
4 4187 4186 739 1653
4 3988 4187 1653 318
4 1893 4188 4191 4190
4 4188 1892 4189 4191
4 4191 4189 112 1674
4 4190 4191 1674 747
4 744 4192 4193 1662
4 4192 1893 4190 4193
4 4193 4190 747 1669
4 1662 4193 1669 322
4 1910 4209 4212 4211
4 4209 230 1263 4212
4 4212 1263 553 4210
4 4211 4212 4210 1915
4 1915 4210 4215 4214
4 4210 553 1267 4215
4 4215 1267 7 4213
4 4214 4215 4213 1913
4 46 973 4218 877
4 973 404 4216 4218
4 4218 4216 1918 4217
4 877 4218 4217 354
4 404 969 4221 4216
4 969 154 4219 4221
4 4221 4219 1916 4220
4 4216 4221 4220 1918
4 154 965 4224 4219
4 965 400 4222 4224
4 4224 4222 1921 4223
4 4219 4224 4223 1916
4 1924 4225 4228 4227
4 4225 1925 4226 4228
4 4228 4226 429 1019
4 4227 4228 1019 165
4 1927 4229 4231 4230
4 4229 1924 4227 4231
4 4231 4227 165 1015
4 4230 4231 1015 424
4 471 4232 4233 1105
4 4232 1927 4230 4233
4 4233 4230 424 1010
4 1105 4233 1010 64
4 1913 4213 4236 4235
4 4213 7 1564 4236
4 4236 1564 696 4234
4 4235 4236 4234 1930
4 1930 4234 4239 4238
4 4234 696 1568 4239
4 4239 1568 297 4237
4 4238 4239 4237 1928
4 81 1284 4248 4048
4 1284 561 4246 4248
4 4248 4246 1945 4247
4 4048 4248 4247 1773
4 1892 4249 4251 4189
4 4249 1954 4250 4251
4 4251 4250 686 1545
4 4189 4251 1545 112
4 4254 1154 21 955
4 1029 24 1680 4269
4 130 355 4272 1711
4 355 127 4270 4272
4 4272 4270 10 4271
4 1711 4272 4271 128
4 144 392 4278 1727
4 392 151 4276 4278
4 4278 4276 150 4277
4 1727 4278 4277 58
4 68 4285 4287 1749
4 4285 169 4286 4287
4 4287 4286 173 437
4 1749 4287 437 172
4 128 4271 4292 1762
4 4271 10 4291 4292
4 4292 4291 187 470
4 1762 4292 470 189
4 206 506 4298 1776
4 506 207 4296 4298
4 4298 4296 205 4297
4 1776 4298 4297 82
4 209 1777 4300 1782
4 1777 82 4299 4300
4 4300 4299 211 516
4 1782 4300 516 214
4 192 484 4301 1798
4 484 34 1783 4301
4 4301 1783 213 1800
4 1798 4301 1800 227
4 243 578 4306 1815
4 578 241 586 4306
4 4306 586 97 4305
4 1815 4306 4305 242
4 283 4318 4319 1853
4 4318 109 663 4319
4 4319 663 281 669
4 1853 4319 669 286
4 315 732 4324 1883
4 732 313 4323 4324
4 4324 4323 118 1888
4 1883 4324 1888 314
4 118 4325 4327 1889
4 4325 320 4326 4327
4 4327 4326 323 743
4 1889 4327 743 316
4 61 413 4336 1919
4 413 158 4334 4336
4 4336 4334 783 4335
4 1919 4336 4335 782
4 786 4337 4339 1923
4 4337 789 4338 4339
4 4339 4338 160 415
4 1923 4339 415 65
4 211 4346 4348 517
4 4346 805 4347 4348
4 4348 4347 215 1785
4 517 4348 1785 87
4 234 557 4351 1943
4 557 93 4349 4351
4 4351 4349 810 4350
4 1943 4351 4350 813
4 825 4352 4354 1953
4 4352 824 4353 4354
4 4354 4353 113 691
4 1953 4354 691 291
4 119 1881 4357 731
4 1881 311 4355 4357
4 4357 4355 830 4356
4 731 4357 4356 313

CELL_TYPES 2114
 9 9 9 9 9 9 9 9 9 9 9 9 9 9 9 9 9 9 9 9 9 9 9 9 9 9 9 9 9 9
 9 9 9 9 9 9 9 9 9 9 9 9 9 9 9 9 9 9 9 9 9 9 9 9 9 9 9 9 9 9
 9 9 9 9 9 9 9 9 9 9 9 9 9 9 9 9 9 9 9 9 9 9 9 9 9 9 9 9 9 9
 9 9 9 9 9 9 9 9 9 9 9 9 9 9 9 9 9 9 9 9 9 9 9 9 9 9 9 9 9 9
 9 9 9 9 9 9 9 9 9 9 9 9 9 9 9 9 9 9 9 9 9 9 9 9 9 9 9 9 9 9
 9 9 9 9 9 9 9 9 9 9 9 9 9 9 9 9 9 9 9 9 9 9 9 9 9 9 9 9 9 9
 9 9 9 9 9 9 9 9 9 9 9 9 9 9 9 9 9 9 9 9 9 9 9 9 9 9 9 9 9 9
 9 9 9 9 9 9 9 9 9 9 9 9 9 9 9 9 9 9 9 9 9 9 9 9 9 9 9 9 9 9
 9 9 9 9 9 9 9 9 9 9 9 9 9 9 9 9 9 9 9 9 9 9 9 9 9 9 9 9 9 9
 9 9 9 9 9 9 9 9 9 9 9 9 9 9 9 9 9 9 9 9 9 9 9 9 9 9 9 9 9 9
 9 9 9 9 9 9 9 9 9 9 9 9 9 9 9 9 9 9 9 9 9 9 9 9 9 9 9 9 9 9
 9 9 9 9 9 9 9 9 9 9 9 9 9 9 9 9 9 9 9 9 9 9 9 9 9 9 9 9 9 9
 9 9 9 9 9 9 9 9 9 9 9 9 9 9 9 9 9 9 9 9 9 9 9 9 9 9 9 9 9 9
 9 9 9 9 9 9 9 9 9 9 9 9 9 9 9 9 9 9 9 9 9 9 9 9 9 9 9 9 9 9
 9 9 9 9 9 9 9 9 9 9 9 9 9 9 9 9 9 9 9 9 9 9 9 9 9 9 9 9 9 9
 9 9 9 9 9 9 9 9 9 9 9 9 9 9 9 9 9 9 9 9 9 9 9 9 9 9 9 9 9 9
 9 9 9 9 9 9 9 9 9 9 9 9 9 9 9 9 9 9 9 9 9 9 9 9 9 9 9 9 9 9
 9 9 9 9 9 9 9 9 9 9 9 9 9 9 9 9 9 9 9 9 9 9 9 9 9 9 9 9 9 9
 9 9 9 9 9 9 9 9 9 9 9 9 9 9 9 9 9 9 9 9 9 9 9 9 9 9 9 9 9 9
 9 9 9 9 9 9 9 9 9 9 9 9 9 9 9 9 9 9 9 9 9 9 9 9 9 9 9 9 9 9
 9 9 9 9 9 9 9 9 9 9 9 9 9 9 9 9 9 9 9 9 9 9 9 9 9 9 9 9 9 9
 9 9 9 9 9 9 9 9 9 9 9 9 9 9 9 9 9 9 9 9 9 9 9 9 9 9 9 9 9 9
 9 9 9 9 9 9 9 9 9 9 9 9 9 9 9 9 9 9 9 9 9 9 9 9 9 9 9 9 9 9
 9 9 9 9 9 9 9 9 9 9 9 9 9 9 9 9 9 9 9 9 9 9 9 9 9 9 9 9 9 9
 9 9 9 9 9 9 9 9 9 9 9 9 9 9 9 9 9 9 9 9 9 9 9 9 9 9 9 9 9 9
 9 9 9 9 9 9 9 9 9 9 9 9 9 9 9 9 9 9 9 9 9 9 9 9 9 9 9 9 9 9
 9 9 9 9 9 9 9 9 9 9 9 9 9 9 9 9 9 9 9 9 9 9 9 9 9 9 9 9 9 9
 9 9 9 9 9 9 9 9 9 9 9 9 9 9 9 9 9 9 9 9 9 9 9 9 9 9 9 9 9 9
 9 9 9 9 9 9 9 9 9 9 9 9 9 9 9 9 9 9 9 9 9 9 9 9 9 9 9 9 9 9
 9 9 9 9 9 9 9 9 9 9 9 9 9 9 9 9 9 9 9 9 9 9 9 9 9 9 9 9 9 9
 9 9 9 9 9 9 9 9 9 9 9 9 9 9 9 9 9 9 9 9 9 9 9 9 9 9 9 9 9 9
 9 9 9 9 9 9 9 9 9 9 9 9 9 9 9 9 9 9 9 9 9 9 9 9 9 9 9 9 9 9
 9 9 9 9 9 9 9 9 9 9 9 9 9 9 9 9 9 9 9 9 9 9 9 9 9 9 9 9 9 9
 9 9 9 9 9 9 9 9 9 9 9 9 9 9 9 9 9 9 9 9 9 9 9 9 9 9 9 9 9 9
 9 9 9 9 9 9 9 9 9 9 9 9 9 9 9 9 9 9 9 9 9 9 9 9 9 9 9 9 9 9
 9 9 9 9 9 9 9 9 9 9 9 9 9 9 9 9 9 9 9 9 9 9 9 9 9 9 9 9 9 9
 9 9 9 9 9 9 9 9 9 9 9 9 9 9 9 9 9 9 9 9 9 9 9 9 9 9 9 9 9 9
 9 9 9 9 9 9 9 9 9 9 9 9 9 9 9 9 9 9 9 9 9 9 9 9 9 9 9 9 9 9
 9 9 9 9 9 9 9 9 9 9 9 9 9 9 9 9 9 9 9 9 9 9 9 9 9 9 9 9 9 9
 9 9 9 9 9 9 9 9 9 9 9 9 9 9 9 9 9 9 9 9 9 9 9 9 9 9 9 9 9 9
 9 9 9 9 9 9 9 9 9 9 9 9 9 9 9 9 9 9 9 9 9 9 9 9 9 9 9 9 9 9
 9 9 9 9 9 9 9 9 9 9 9 9 9 9 9 9 9 9 9 9 9 9 9 9 9 9 9 9 9 9
 9 9 9 9 9 9 9 9 9 9 9 9 9 9 9 9 9 9 9 9 9 9 9 9 9 9 9 9 9 9
 9 9 9 9 9 9 9 9 9 9 9 9 9 9 9 9 9 9 9 9 9 9 9 9 9 9 9 9 9 9
 9 9 9 9 9 9 9 9 9 9 9 9 9 9 9 9 9 9 9 9 9 9 9 9 9 9 9 9 9 9
 9 9 9 9 9 9 9 9 9 9 9 9 9 9 9 9 9 9 9 9 9 9 9 9 9 9 9 9 9 9
 9 9 9 9 9 9 9 9 9 9 9 9 9 9 9 9 9 9 9 9 9 9 9 9 9 9 9 9 9 9
 9 9 9 9 9 9 9 9 9 9 9 9 9 9 9 9 9 9 9 9 9 9 9 9 9 9 9 9 9 9
 9 9 9 9 9 9 9 9 9 9 9 9 9 9 9 9 9 9 9 9 9 9 9 9 9 9 9 9 9 9
 9 9 9 9 9 9 9 9 9 9 9 9 9 9 9 9 9 9 9 9 9 9 9 9 9 9 9 9 9 9
 9 9 9 9 9 9 9 9 9 9 9 9 9 9 9 9 9 9 9 9 9 9 9 9 9 9 9 9 9 9
 9 9 9 9 9 9 9 9 9 9 9 9 9 9 9 9 9 9 9 9 9 9 9 9 9 9 9 9 9 9
 9 9 9 9 9 9 9 9 9 9 9 9 9 9 9 9 9 9 9 9 9 9 9 9 9 9 9 9 9 9
 9 9 9 9 9 9 9 9 9 9 9 9 9 9 9 9 9 9 9 9 9 9 9 9 9 9 9 9 9 9
 9 9 9 9 9 9 9 9 9 9 9 9 9 9 9 9 9 9 9 9 9 9 9 9 9 9 9 9 9 9
 9 9 9 9 9 9 9 9 9 9 9 9 9 9 9 9 9 9 9 9 9 9 9 9 9 9 9 9 9 9
 9 9 9 9 9 9 9 9 9 9 9 9 9 9 9 9 9 9 9 9 9 9 9 9 9 9 9 9 9 9
 9 9 9 9 9 9 9 9 9 9 9 9 9 9 9 9 9 9 9 9 9 9 9 9 9 9 9 9 9 9
 9 9 9 9 9 9 9 9 9 9 9 9 9 9 9 9 9 9 9 9 9 9 9 9 9 9 9 9 9 9
 9 9 9 9 9 9 9 9 9 9 9 9 9 9 9 9 9 9 9 9 9 9 9 9 9 9 9 9 9 9
 9 9 9 9 9 9 9 9 9 9 9 9 9 9 9 9 9 9 9 9 9 9 9 9 9 9 9 9 9 9
 9 9 9 9 9 9 9 9 9 9 9 9 9 9 9 9 9 9 9 9 9 9 9 9 9 9 9 9 9 9
 9 9 9 9 9 9 9 9 9 9 9 9 9 9 9 9 9 9 9 9 9 9 9 9 9 9 9 9 9 9
 9 9 9 9 9 9 9 9 9 9 9 9 9 9 9 9 9 9 9 9 9 9 9 9 9 9 9 9 9 9
 9 9 9 9 9 9 9 9 9 9 9 9 9 9 9 9 9 9 9 9 9 9 9 9 9 9 9 9 9 9
 9 9 9 9 9 9 9 9 9 9 9 9 9 9 9 9 9 9 9 9 9 9 9 9 9 9 9 9 9 9
 9 9 9 9 9 9 9 9 9 9 9 9 9 9 9 9 9 9 9 9 9 9 9 9 9 9 9 9 9 9
 9 9 9 9 9 9 9 9 9 9 9 9 9 9 9 9 9 9 9 9 9 9 9 9 9 9 9 9 9 9
 9 9 9 9 9 9 9 9 9 9 9 9 9 9 9 9 9 9 9 9 9 9 9 9 9 9 9 9 9 9
 9 9 9 9 9 9 9 9 9 9 9 9 9 9 9 9 9 9 9 9 9 9 9 9 9 9 9 9 9 9
 9 9 9 9 9 9 9 9 9 9 9 9 9 9
CELL_DATA 2114
SCALARS elemType int 1
LOOKUP_TABLE my_color
 1 1 1 1 1 1 1 1 1 1 1 1 1 1 1 1 1 1 1 1 1 1 1 1 1 1 1 1 1 1
 1 1 1 1 1 1 1 1 1 1 1 1 1 1 1 1 1 1 1 1 1 1 1 1 1 1 1 1 1 1
 1 1 1 1 1 1 1 1 1 1 1 1 1 1 1 1 1 1 1 1 1 1 1 1 1 1 1 1 1 1
 1 1 1 1 1 1 1 1 1 1 1 1 1 1 1 1 1 1 1 1 1 1 1 1 1 1 1 1 1 1
 1 1 1 1 1 1 1 1 1 1 1 1 1 1 1 1 1 1 1 1 1 1 1 1 1 1 1 1 1 1
 1 1 1 1 1 1 1 1 1 1 1 1 1 1 1 1 1 1 1 1 1 1 1 1 1 1 1 1 1 1
 1 1 1 1 1 1 1 1 1 1 1 1 1 1 1 1 1 1 1 1 1 1 1 1 1 1 1 1 1 1
 1 1 1 1 1 1 1 1 1 1 1 1 1 1 1 1 1 1 1 1 1 1 1 1 1 1 1 1 1 1
 1 1 1 1 1 1 1 1 1 1 1 1 1 1 1 1 1 1 1 1 1 1 1 1 1 1 1 1 1 1
 1 1 1 1 1 1 1 1 1 1 1 1 1 1 1 1 1 1 1 1 1 1 1 1 1 1 1 1 1 1
 1 1 1 1 1 1 1 1 1 1 1 1 1 1 1 1 1 1 1 1 1 1 1 1 1 1 1 1 1 1
 1 1 1 1 1 1 1 1 1 1 1 1 1 1 1 1 1 1 1 1 1 1 1 1 1 1 1 1 1 1
 1 1 1 1 1 1 1 1 1 1 1 1 1 1 1 1 1 1 1 1 1 1 1 1 1 1 1 1 1 1
 1 1 1 1 1 1 1 1 1 1 1 1 1 1 1 1 1 1 1 1 1 1 1 1 1 1 1 1 1 1
 1 1 1 1 1 1 1 1 1 1 1 1 1 1 1 1 1 1 1 1 1 1 1 1 1 1 1 1 1 1
 1 1 1 1 1 1 1 1 1 1 1 1 1 1 1 1 1 1 1 1 1 1 1 1 1 1 1 1 1 1
 1 1 1 1 1 1 1 1 1 1 1 1 1 1 1 1 1 1 1 1 1 1 1 1 1 1 1 1 1 1
 1 1 1 1 1 1 1 1 1 1 1 1 1 1 1 1 1 1 1 1 1 1 1 1 1 1 1 1 1 1
 1 1 1 1 1 1 1 1 1 1 1 1 1 1 1 1 1 1 1 1 1 1 1 1 1 1 1 1 1 1
 1 1 1 1 1 1 1 1 1 1 1 1 1 1 1 1 1 1 1 1 1 1 1 1 1 1 1 1 1 1
 1 1 1 1 1 1 1 1 1 1 1 1 1 1 1 1 1 1 1 1 1 1 1 1 1 1 1 1 1 1
 1 1 1 1 1 1 1 1 1 1 1 1 1 1 1 1 1 1 1 1 1 1 1 1 1 1 1 1 1 1
 1 1 1 1 1 1 1 1 1 1 1 1 1 1 1 1 1 1 1 1 1 1 1 1 1 1 1 1 1 1
 1 1 1 1 1 1 1 1 1 1 1 1 1 1 1 1 1 1 1 1 1 1 1 1 1 1 1 1 1 1
 1 1 1 1 1 1 1 1 1 1 1 1 1 1 1 1 1 1 1 1 1 1 1 1 1 1 1 1 1 1
 1 1 1 1 1 1 1 1 1 1 1 1 1 1 1 1 1 1 1 1 1 1 1 1 1 1 1 1 1 1
 1 1 1 1 1 1 1 1 1 1 1 1 1 1 1 1 1 1 1 1 1 1 1 1 1 1 1 1 1 1
 1 1 1 1 1 1 1 1 1 1 1 1 1 1 1 1 1 1 1 1 1 1 1 1 1 1 1 1 1 1
 1 1 1 1 1 1 1 1 1 1 1 1 1 1 1 1 1 1 1 1 1 1 1 1 1 1 1 1 1 1
 1 1 1 1 1 1 1 1 1 1 1 1 1 1 1 1 1 1 1 1 1 1 1 1 1 1 1 1 1 1
 1 1 1 1 1 1 1 1 1 1 1 1 1 1 1 1 1 1 1 1 1 1 1 1 1 1 1 1 1 1
 1 1 1 1 1 1 1 1 1 1 1 1 1 1 1 1 1 1 1 1 1 1 1 1 1 1 1 1 1 1
 1 1 1 1 1 1 1 1 1 1 1 1 1 1 1 1 1 1 1 1 1 1 1 1 1 1 1 1 1 1
 1 1 1 1 1 1 1 1 1 1 1 1 1 1 1 1 1 1 1 1 1 1 1 1 1 1 1 1 1 1
 1 1 1 1 1 1 1 1 1 1 1 1 1 1 1 1 1 1 1 1 1 1 1 1 1 1 1 1 1 1
 1 1 1 1 1 1 1 1 1 1 1 1 1 1 1 1 1 1 1 1 1 1 1 1 1 1 1 1 1 1
 1 1 1 1 1 1 1 1 1 1 1 1 1 1 1 1 1 1 1 1 1 1 1 1 1 1 1 1 1 1
 1 1 1 1 1 1 1 1 1 1 1 1 1 1 1 1 1 1 1 1 1 1 1 1 1 1 1 1 1 1
 1 1 1 1 1 1 1 1 1 1 1 1 1 1 1 1 1 1 1 1 1 1 1 1 1 1 1 1 1 1
 1 1 1 1 1 1 1 1 1 1 1 1 1 1 1 1 1 1 1 1 1 1 1 1 1 1 1 1 1 1
 1 1 1 1 1 1 1 1 1 1 1 1 1 1 1 1 1 1 1 1 1 1 1 1 1 1 1 1 1 1
 1 1 1 1 1 1 1 1 1 1 1 1 1 1 1 1 1 1 1 1 1 1 1 1 1 1 1 1 1 1
 1 1 1 1 1 1 1 1 1 1 1 1 1 1 1 1 1 1 1 1 1 1 1 1 1 1 1 1 1 1
 1 1 1 1 1 1 1 1 1 1 1 1 1 1 1 1 1 1 1 1 1 1 1 1 1 1 1 1 1 1
 1 1 1 1 1 1 1 1 1 1 1 1 1 1 1 1 1 1 1 1 1 1 1 1 1 1 1 1 1 1
 1 1 1 1 1 1 1 1 1 1 1 1 1 1 1 1 1 1 1 1 1 1 1 1 1 1 1 1 1 1
 1 1 1 1 1 1 1 1 1 1 1 1 1 1 1 1 1 1 1 1 1 1 1 1 1 1 1 1 1 1
 1 1 1 1 1 1 1 1 1 1 1 1 1 1 1 1 1 1 1 1 1 1 1 1 1 1 1 1 1 1
 1 1 1 1 1 1 1 1 1 1 1 1 1 1 1 1 1 1 1 1 1 1 1 1 1 1 1 1 1 1
 1 1 1 1 1 1 1 1 1 1 1 1 1 1 1 1 1 1 1 1 1 1 1 1 1 1 1 1 1 1
 1 1 1 1 1 1 1 1 1 1 1 1 1 1 1 1 1 1 1 1 1 1 1 1 1 1 1 1 1 1
 1 1 1 1 1 1 1 1 1 1 1 1 1 1 1 1 1 1 1 1 1 1 1 1 1 1 1 1 1 1
 1 1 1 1 1 1 1 1 1 1 1 1 1 1 1 1 1 1 1 1 1 1 1 1 1 1 1 1 1 1
 1 1 1 1 1 1 1 1 1 1 1 1 1 1 1 1 1 1 1 1 1 1 1 1 1 1 1 1 1 1
 1 1 1 1 1 1 1 1 1 1 1 1 1 1 1 1 1 1 1 1 1 1 1 1 1 1 1 1 1 1
 1 1 1 1 1 1 1 1 1 1 1 1 1 1 1 1 1 1 1 1 1 1 1 1 1 1 1 1 1 1
 1 1 1 1 1 1 1 1 1 1 1 1 1 1 1 1 1 1 1 1 1 1 1 1 1 1 1 1 1 1
 1 1 1 1 1 1 1 1 1 1 1 1 1 1 1 1 1 1 1 1 1 1 1 1 1 1 1 1 1 1
 1 1 1 1 1 1 1 1 1 1 1 1 1 1 1 1 1 1 1 1 1 1 1 1 1 1 1 1 1 1
 1 1 1 1 1 1 1 1 1 1 1 1 1 1 1 1 1 1 1 1 1 1 1 1 1 1 1 1 1 1
 1 1 1 1 1 1 1 1 1 1 1 1 1 1 1 1 1 1 1 1 1 1 1 1 1 1 1 1 1 1
 1 1 1 1 1 1 1 1 1 1 1 1 1 1 1 1 1 1 1 1 1 1 1 1 1 1 1 1 1 1
 1 1 1 1 1 1 1 1 1 1 1 1 1 1 1 1 1 1 1 1 1 1 1 1 1 1 1 1 1 1
 1 1 1 1 1 1 1 1 1 1 1 1 1 1 1 1 1 1 1 1 1 1 1 1 1 1 1 1 1 1
 1 1 1 1 1 1 1 1 1 1 1 1 1 1 1 1 1 1 1 1 1 1 1 1 1 1 1 1 1 1
 1 1 1 1 1 1 1 1 1 1 1 1 1 1 1 1 1 1 1 1 1 1 1 1 1 1 1 1 1 1
 1 1 1 1 1 1 1 1 1 1 1 1 1 1 1 1 1 1 1 1 1 1 1 1 1 1 1 1 1 1
 1 1 1 1 1 1 1 1 1 1 1 1 1 1 1 1 1 1 1 1 1 1 1 1 1 1 1 1 1 1
 1 1 1 1 1 1 1 1 1 1 1 1 1 1 1 1 1 1 1 1 1 1 1 1 1 1 1 1 1 1
 1 1 1 1 1 1 1 1 1 1 1 1 1 1 1 1 1 1 1 1 1 1 1 1 1 1 1 1 1 1
 1 1 1 1 1 1 1 1 1 1 1 1 1 1
LOOKUP_TABLE my_color 2
1.0 0.0 1.0 1.0
0.0 1.0 1.0 1.0


SCALARS debugging int 1
LOOKUP_TABLE default