# vtk DataFile Version 2.0
Volume Fraction QuadTree Debug Output
ASCII

DATASET UNSTRUCTURED_GRID
POINTS 3207 float
-3.85972000E-01 -7.95324000E-01 +0.00000000E+00
+2.04676000E-01 -7.95324000E-01 +0.00000000E+00
+7.95324000E-01 -7.95324000E-01 +0.00000000E+00
+1.38597200E+00 -7.95324000E-01 +0.00000000E+00
-3.85972000E-01 -2.04676000E-01 +0.00000000E+00
+2.04676000E-01 -2.04676000E-01 +0.00000000E+00
+7.95324000E-01 -2.04676000E-01 +0.00000000E+00
+1.38597200E+00 -2.04676000E-01 +0.00000000E+00
-9.06480000E-02 -7.95324000E-01 +0.00000000E+00
+2.04676000E-01 -5.00000000E-01 +0.00000000E+00
-9.06480000E-02 -2.04676000E-01 +0.00000000E+00
-3.85972000E-01 -5.00000000E-01 +0.00000000E+00
-9.06480000E-02 -5.00000000E-01 +0.00000000E+00
+5.00000000E-01 -7.95324000E-01 +0.00000000E+00
+7.95324000E-01 -5.00000000E-01 +0.00000000E+00
+5.00000000E-01 -2.04676000E-01 +0.00000000E+00
+5.00000000E-01 -5.00000000E-01 +0.00000000E+00
+1.09064800E+00 -7.95324000E-01 +0.00000000E+00
+1.38597200E+00 -5.00000000E-01 +0.00000000E+00
+1.09064800E+00 -2.04676000E-01 +0.00000000E+00
+1.09064800E+00 -5.00000000E-01 +0.00000000E+00
+5.70140000E-02 -7.95324000E-01 +0.00000000E+00
+2.04676000E-01 -6.47662000E-01 +0.00000000E+00
+5.70140000E-02 -5.00000000E-01 +0.00000000E+00
-9.06480000E-02 -6.47662000E-01 +0.00000000E+00
+5.70140000E-02 -6.47662000E-01 +0.00000000E+00
+3.52338000E-01 -7.95324000E-01 +0.00000000E+00
+5.00000000E-01 -6.47662000E-01 +0.00000000E+00
+3.52338000E-01 -5.00000000E-01 +0.00000000E+00
+3.52338000E-01 -6.47662000E-01 +0.00000000E+00
+6.47662000E-01 -7.95324000E-01 +0.00000000E+00
+7.95324000E-01 -6.47662000E-01 +0.00000000E+00
+6.47662000E-01 -5.00000000E-01 +0.00000000E+00
+6.47662000E-01 -6.47662000E-01 +0.00000000E+00
+7.95324000E-01 -3.52338000E-01 +0.00000000E+00
+6.47662000E-01 -2.04676000E-01 +0.00000000E+00
+5.00000000E-01 -3.52338000E-01 +0.00000000E+00
+6.47662000E-01 -3.52338000E-01 +0.00000000E+00
+3.52338000E-01 -2.04676000E-01 +0.00000000E+00
+2.04676000E-01 -3.52338000E-01 +0.00000000E+00
+3.52338000E-01 -3.52338000E-01 +0.00000000E+00
+9.42986000E-01 -7.95324000E-01 +0.00000000E+00
+1.09064800E+00 -6.47662000E-01 +0.00000000E+00
+9.42986000E-01 -5.00000000E-01 +0.00000000E+00
+9.42986000E-01 -6.47662000E-01 +0.00000000E+00
+1.30845000E-01 -7.95324000E-01 +0.00000000E+00
+2.04676000E-01 -7.21493000E-01 +0.00000000E+00
+1.30845000E-01 -6.47662000E-01 +0.00000000E+00
+5.70140000E-02 -7.21493000E-01 +0.00000000E+00
+1.30845000E-01 -7.21493000E-01 +0.00000000E+00
+2.78507000E-01 -7.95324000E-01 +0.00000000E+00
+3.52338000E-01 -7.21493000E-01 +0.00000000E+00
+2.78507000E-01 -6.47662000E-01 +0.00000000E+00
+2.78507000E-01 -7.21493000E-01 +0.00000000E+00
+4.26169000E-01 -7.95324000E-01 +0.00000000E+00
+5.00000000E-01 -7.21493000E-01 +0.00000000E+00
+4.26169000E-01 -6.47662000E-01 +0.00000000E+00
+4.26169000E-01 -7.21493000E-01 +0.00000000E+00
+5.00000000E-01 -5.73831000E-01 +0.00000000E+00
+4.26169000E-01 -5.00000000E-01 +0.00000000E+00
+3.52338000E-01 -5.73831000E-01 +0.00000000E+00
+4.26169000E-01 -5.73831000E-01 +0.00000000E+00
+2.78507000E-01 -5.00000000E-01 +0.00000000E+00
+2.04676000E-01 -5.73831000E-01 +0.00000000E+00
+2.78507000E-01 -5.73831000E-01 +0.00000000E+00
+5.73831000E-01 -7.95324000E-01 +0.00000000E+00
+6.47662000E-01 -7.21493000E-01 +0.00000000E+00
+5.73831000E-01 -6.47662000E-01 +0.00000000E+00
+5.73831000E-01 -7.21493000E-01 +0.00000000E+00
+7.21493000E-01 -7.95324000E-01 +0.00000000E+00
+7.95324000E-01 -7.21493000E-01 +0.00000000E+00
+7.21493000E-01 -6.47662000E-01 +0.00000000E+00
+7.21493000E-01 -7.21493000E-01 +0.00000000E+00
+7.95324000E-01 -5.73831000E-01 +0.00000000E+00
+7.21493000E-01 -5.00000000E-01 +0.00000000E+00
+6.47662000E-01 -5.73831000E-01 +0.00000000E+00
+7.21493000E-01 -5.73831000E-01 +0.00000000E+00
+5.73831000E-01 -5.00000000E-01 +0.00000000E+00
+5.73831000E-01 -5.73831000E-01 +0.00000000E+00
+6.47662000E-01 -4.26169000E-01 +0.00000000E+00
+5.73831000E-01 -3.52338000E-01 +0.00000000E+00
+5.00000000E-01 -4.26169000E-01 +0.00000000E+00
+5.73831000E-01 -4.26169000E-01 +0.00000000E+00
+6.47662000E-01 -2.78507000E-01 +0.00000000E+00
+5.73831000E-01 -2.04676000E-01 +0.00000000E+00
+5.00000000E-01 -2.78507000E-01 +0.00000000E+00
+5.73831000E-01 -2.78507000E-01 +0.00000000E+00
+4.26169000E-01 -3.52338000E-01 +0.00000000E+00
+3.52338000E-01 -4.26169000E-01 +0.00000000E+00
+4.26169000E-01 -4.26169000E-01 +0.00000000E+00
+4.26169000E-01 -2.04676000E-01 +0.00000000E+00
+3.52338000E-01 -2.78507000E-01 +0.00000000E+00
+4.26169000E-01 -2.78507000E-01 +0.00000000E+00
+8.69155000E-01 -7.95324000E-01 +0.00000000E+00
+9.42986000E-01 -7.21493000E-01 +0.00000000E+00
+8.69155000E-01 -6.47662000E-01 +0.00000000E+00
+8.69155000E-01 -7.21493000E-01 +0.00000000E+00
+1.67760500E-01 -7.95324000E-01 +0.00000000E+00
+2.04676000E-01 -7.58408500E-01 +0.00000000E+00
+1.67760500E-01 -7.21493000E-01 +0.00000000E+00
+1.30845000E-01 -7.58408500E-01 +0.00000000E+00
+1.67760500E-01 -7.58408500E-01 +0.00000000E+00
+2.41591500E-01 -7.95324000E-01 +0.00000000E+00
+2.78507000E-01 -7.58408500E-01 +0.00000000E+00
+2.41591500E-01 -7.21493000E-01 +0.00000000E+00
+2.41591500E-01 -7.58408500E-01 +0.00000000E+00
+3.15422500E-01 -7.95324000E-01 +0.00000000E+00
+3.52338000E-01 -7.58408500E-01 +0.00000000E+00
+3.15422500E-01 -7.21493000E-01 +0.00000000E+00
+3.15422500E-01 -7.58408500E-01 +0.00000000E+00
+3.52338000E-01 -6.84577500E-01 +0.00000000E+00
+3.15422500E-01 -6.47662000E-01 +0.00000000E+00
+2.78507000E-01 -6.84577500E-01 +0.00000000E+00
+3.15422500E-01 -6.84577500E-01 +0.00000000E+00
+2.41591500E-01 -6.47662000E-01 +0.00000000E+00
+2.04676000E-01 -6.84577500E-01 +0.00000000E+00
+2.41591500E-01 -6.84577500E-01 +0.00000000E+00
+3.89253500E-01 -7.95324000E-01 +0.00000000E+00
+4.26169000E-01 -7.58408500E-01 +0.00000000E+00
+3.89253500E-01 -7.21493000E-01 +0.00000000E+00
+3.89253500E-01 -7.58408500E-01 +0.00000000E+00
+3.89253500E-01 -6.47662000E-01 +0.00000000E+00
+4.26169000E-01 -6.10746500E-01 +0.00000000E+00
+3.89253500E-01 -5.73831000E-01 +0.00000000E+00
+3.52338000E-01 -6.10746500E-01 +0.00000000E+00
+3.89253500E-01 -6.10746500E-01 +0.00000000E+00
+4.63084500E-01 -6.47662000E-01 +0.00000000E+00
+5.00000000E-01 -6.10746500E-01 +0.00000000E+00
+4.63084500E-01 -5.73831000E-01 +0.00000000E+00
+4.63084500E-01 -6.10746500E-01 +0.00000000E+00
+5.00000000E-01 -5.36915500E-01 +0.00000000E+00
+4.63084500E-01 -5.00000000E-01 +0.00000000E+00
+4.26169000E-01 -5.36915500E-01 +0.00000000E+00
+4.63084500E-01 -5.36915500E-01 +0.00000000E+00
+3.89253500E-01 -5.00000000E-01 +0.00000000E+00
+3.52338000E-01 -5.36915500E-01 +0.00000000E+00
+3.89253500E-01 -5.36915500E-01 +0.00000000E+00
+3.15422500E-01 -5.73831000E-01 +0.00000000E+00
+2.78507000E-01 -6.10746500E-01 +0.00000000E+00
+3.15422500E-01 -6.10746500E-01 +0.00000000E+00
+3.15422500E-01 -5.00000000E-01 +0.00000000E+00
+2.78507000E-01 -5.36915500E-01 +0.00000000E+00
+3.15422500E-01 -5.36915500E-01 +0.00000000E+00
+6.10746500E-01 -7.95324000E-01 +0.00000000E+00
+6.47662000E-01 -7.58408500E-01 +0.00000000E+00
+6.10746500E-01 -7.21493000E-01 +0.00000000E+00
+5.73831000E-01 -7.58408500E-01 +0.00000000E+00
+6.10746500E-01 -7.58408500E-01 +0.00000000E+00
+6.47662000E-01 -6.84577500E-01 +0.00000000E+00
+6.10746500E-01 -6.47662000E-01 +0.00000000E+00
+5.73831000E-01 -6.84577500E-01 +0.00000000E+00
+6.10746500E-01 -6.84577500E-01 +0.00000000E+00
+6.84577500E-01 -7.95324000E-01 +0.00000000E+00
+7.21493000E-01 -7.58408500E-01 +0.00000000E+00
+6.84577500E-01 -7.21493000E-01 +0.00000000E+00
+6.84577500E-01 -7.58408500E-01 +0.00000000E+00
+7.58408500E-01 -7.95324000E-01 +0.00000000E+00
+7.95324000E-01 -7.58408500E-01 +0.00000000E+00
+7.58408500E-01 -7.21493000E-01 +0.00000000E+00
+7.58408500E-01 -7.58408500E-01 +0.00000000E+00
+7.95324000E-01 -6.84577500E-01 +0.00000000E+00
+7.58408500E-01 -6.47662000E-01 +0.00000000E+00
+7.21493000E-01 -6.84577500E-01 +0.00000000E+00
+7.58408500E-01 -6.84577500E-01 +0.00000000E+00
+6.84577500E-01 -6.47662000E-01 +0.00000000E+00
+6.84577500E-01 -6.84577500E-01 +0.00000000E+00
+7.21493000E-01 -6.10746500E-01 +0.00000000E+00
+6.84577500E-01 -5.73831000E-01 +0.00000000E+00
+6.47662000E-01 -6.10746500E-01 +0.00000000E+00
+6.84577500E-01 -6.10746500E-01 +0.00000000E+00
+7.21493000E-01 -5.36915500E-01 +0.00000000E+00
+6.84577500E-01 -5.00000000E-01 +0.00000000E+00
+6.47662000E-01 -5.36915500E-01 +0.00000000E+00
+6.84577500E-01 -5.36915500E-01 +0.00000000E+00
+5.36915500E-01 -6.47662000E-01 +0.00000000E+00
+5.73831000E-01 -6.10746500E-01 +0.00000000E+00
+5.36915500E-01 -5.73831000E-01 +0.00000000E+00
+5.36915500E-01 -6.10746500E-01 +0.00000000E+00
+6.10746500E-01 -5.73831000E-01 +0.00000000E+00
+6.10746500E-01 -6.10746500E-01 +0.00000000E+00
+6.10746500E-01 -5.00000000E-01 +0.00000000E+00
+5.73831000E-01 -5.36915500E-01 +0.00000000E+00
+6.10746500E-01 -5.36915500E-01 +0.00000000E+00
+5.36915500E-01 -5.00000000E-01 +0.00000000E+00
+5.36915500E-01 -5.36915500E-01 +0.00000000E+00
+5.73831000E-01 -4.63084500E-01 +0.00000000E+00
+5.36915500E-01 -4.26169000E-01 +0.00000000E+00
+5.00000000E-01 -4.63084500E-01 +0.00000000E+00
+5.36915500E-01 -4.63084500E-01 +0.00000000E+00
+6.47662000E-01 -4.63084500E-01 +0.00000000E+00
+6.10746500E-01 -4.26169000E-01 +0.00000000E+00
+6.10746500E-01 -4.63084500E-01 +0.00000000E+00
+6.47662000E-01 -3.89253500E-01 +0.00000000E+00
+6.10746500E-01 -3.52338000E-01 +0.00000000E+00
+5.73831000E-01 -3.89253500E-01 +0.00000000E+00
+6.10746500E-01 -3.89253500E-01 +0.00000000E+00
+5.36915500E-01 -3.52338000E-01 +0.00000000E+00
+5.00000000E-01 -3.89253500E-01 +0.00000000E+00
+5.36915500E-01 -3.89253500E-01 +0.00000000E+00
+5.73831000E-01 -3.15422500E-01 +0.00000000E+00
+5.36915500E-01 -2.78507000E-01 +0.00000000E+00
+5.00000000E-01 -3.15422500E-01 +0.00000000E+00
+5.36915500E-01 -3.15422500E-01 +0.00000000E+00
+5.73831000E-01 -2.41591500E-01 +0.00000000E+00
+5.36915500E-01 -2.04676000E-01 +0.00000000E+00
+5.00000000E-01 -2.41591500E-01 +0.00000000E+00
+5.36915500E-01 -2.41591500E-01 +0.00000000E+00
+4.26169000E-01 -4.63084500E-01 +0.00000000E+00
+3.89253500E-01 -4.26169000E-01 +0.00000000E+00
+3.52338000E-01 -4.63084500E-01 +0.00000000E+00
+3.89253500E-01 -4.63084500E-01 +0.00000000E+00
+4.63084500E-01 -4.26169000E-01 +0.00000000E+00
+4.63084500E-01 -4.63084500E-01 +0.00000000E+00
+4.63084500E-01 -3.52338000E-01 +0.00000000E+00
+4.26169000E-01 -3.89253500E-01 +0.00000000E+00
+4.63084500E-01 -3.89253500E-01 +0.00000000E+00
+3.89253500E-01 -3.52338000E-01 +0.00000000E+00
+3.52338000E-01 -3.89253500E-01 +0.00000000E+00
+3.89253500E-01 -3.89253500E-01 +0.00000000E+00
+4.63084500E-01 -2.78507000E-01 +0.00000000E+00
+4.26169000E-01 -3.15422500E-01 +0.00000000E+00
+4.63084500E-01 -3.15422500E-01 +0.00000000E+00
+4.63084500E-01 -2.04676000E-01 +0.00000000E+00
+4.26169000E-01 -2.41591500E-01 +0.00000000E+00
+4.63084500E-01 -2.41591500E-01 +0.00000000E+00
+8.32239500E-01 -7.95324000E-01 +0.00000000E+00
+8.69155000E-01 -7.58408500E-01 +0.00000000E+00
+8.32239500E-01 -7.21493000E-01 +0.00000000E+00
+8.32239500E-01 -7.58408500E-01 +0.00000000E+00
+1.86218250E-01 -7.95324000E-01 +0.00000000E+00
+2.04676000E-01 -7.76866250E-01 +0.00000000E+00
+1.86218250E-01 -7.58408500E-01 +0.00000000E+00
+1.67760500E-01 -7.76866250E-01 +0.00000000E+00
+1.86218250E-01 -7.76866250E-01 +0.00000000E+00
+2.23133750E-01 -7.95324000E-01 +0.00000000E+00
+2.41591500E-01 -7.76866250E-01 +0.00000000E+00
+2.23133750E-01 -7.58408500E-01 +0.00000000E+00
+2.23133750E-01 -7.76866250E-01 +0.00000000E+00
+2.60049250E-01 -7.95324000E-01 +0.00000000E+00
+2.78507000E-01 -7.76866250E-01 +0.00000000E+00
+2.60049250E-01 -7.58408500E-01 +0.00000000E+00
+2.60049250E-01 -7.76866250E-01 +0.00000000E+00
+2.78507000E-01 -7.39950750E-01 +0.00000000E+00
+2.60049250E-01 -7.21493000E-01 +0.00000000E+00
+2.41591500E-01 -7.39950750E-01 +0.00000000E+00
+2.60049250E-01 -7.39950750E-01 +0.00000000E+00
+2.96964750E-01 -7.95324000E-01 +0.00000000E+00
+3.15422500E-01 -7.76866250E-01 +0.00000000E+00
+2.96964750E-01 -7.58408500E-01 +0.00000000E+00
+2.96964750E-01 -7.76866250E-01 +0.00000000E+00
+3.33880250E-01 -7.95324000E-01 +0.00000000E+00
+3.52338000E-01 -7.76866250E-01 +0.00000000E+00
+3.33880250E-01 -7.58408500E-01 +0.00000000E+00
+3.33880250E-01 -7.76866250E-01 +0.00000000E+00
+3.52338000E-01 -7.39950750E-01 +0.00000000E+00
+3.33880250E-01 -7.21493000E-01 +0.00000000E+00
+3.15422500E-01 -7.39950750E-01 +0.00000000E+00
+3.33880250E-01 -7.39950750E-01 +0.00000000E+00
+2.96964750E-01 -7.21493000E-01 +0.00000000E+00
+2.96964750E-01 -7.39950750E-01 +0.00000000E+00
+3.15422500E-01 -7.03035250E-01 +0.00000000E+00
+2.96964750E-01 -6.84577500E-01 +0.00000000E+00
+2.78507000E-01 -7.03035250E-01 +0.00000000E+00
+2.96964750E-01 -7.03035250E-01 +0.00000000E+00
+3.52338000E-01 -7.03035250E-01 +0.00000000E+00
+3.33880250E-01 -6.84577500E-01 +0.00000000E+00
+3.33880250E-01 -7.03035250E-01 +0.00000000E+00
+3.52338000E-01 -6.66119750E-01 +0.00000000E+00
+3.33880250E-01 -6.47662000E-01 +0.00000000E+00
+3.15422500E-01 -6.66119750E-01 +0.00000000E+00
+3.33880250E-01 -6.66119750E-01 +0.00000000E+00
+2.96964750E-01 -6.47662000E-01 +0.00000000E+00
+2.78507000E-01 -6.66119750E-01 +0.00000000E+00
+2.96964750E-01 -6.66119750E-01 +0.00000000E+00
+2.60049250E-01 -6.84577500E-01 +0.00000000E+00
+2.41591500E-01 -7.03035250E-01 +0.00000000E+00
+2.60049250E-01 -7.03035250E-01 +0.00000000E+00
+3.70795750E-01 -7.95324000E-01 +0.00000000E+00
+3.89253500E-01 -7.76866250E-01 +0.00000000E+00
+3.70795750E-01 -7.58408500E-01 +0.00000000E+00
+3.70795750E-01 -7.76866250E-01 +0.00000000E+00
+3.70795750E-01 -6.47662000E-01 +0.00000000E+00
+3.89253500E-01 -6.29204250E-01 +0.00000000E+00
+3.70795750E-01 -6.10746500E-01 +0.00000000E+00
+3.52338000E-01 -6.29204250E-01 +0.00000000E+00
+3.70795750E-01 -6.29204250E-01 +0.00000000E+00
+4.07711250E-01 -6.10746500E-01 +0.00000000E+00
+4.26169000E-01 -5.92288750E-01 +0.00000000E+00
+4.07711250E-01 -5.73831000E-01 +0.00000000E+00
+3.89253500E-01 -5.92288750E-01 +0.00000000E+00
+4.07711250E-01 -5.92288750E-01 +0.00000000E+00
+3.70795750E-01 -5.73831000E-01 +0.00000000E+00
+3.52338000E-01 -5.92288750E-01 +0.00000000E+00
+3.70795750E-01 -5.92288750E-01 +0.00000000E+00
+4.81542250E-01 -6.10746500E-01 +0.00000000E+00
+5.00000000E-01 -5.92288750E-01 +0.00000000E+00
+4.81542250E-01 -5.73831000E-01 +0.00000000E+00
+4.63084500E-01 -5.92288750E-01 +0.00000000E+00
+4.81542250E-01 -5.92288750E-01 +0.00000000E+00
+4.44626750E-01 -6.10746500E-01 +0.00000000E+00
+4.44626750E-01 -5.73831000E-01 +0.00000000E+00
+4.44626750E-01 -5.92288750E-01 +0.00000000E+00
+4.63084500E-01 -5.55373250E-01 +0.00000000E+00
+4.44626750E-01 -5.36915500E-01 +0.00000000E+00
+4.26169000E-01 -5.55373250E-01 +0.00000000E+00
+4.44626750E-01 -5.55373250E-01 +0.00000000E+00
+5.00000000E-01 -5.55373250E-01 +0.00000000E+00
+4.81542250E-01 -5.36915500E-01 +0.00000000E+00
+4.81542250E-01 -5.55373250E-01 +0.00000000E+00
+3.89253500E-01 -5.55373250E-01 +0.00000000E+00
+3.70795750E-01 -5.36915500E-01 +0.00000000E+00
+3.52338000E-01 -5.55373250E-01 +0.00000000E+00
+3.70795750E-01 -5.55373250E-01 +0.00000000E+00
+4.07711250E-01 -5.36915500E-01 +0.00000000E+00
+4.07711250E-01 -5.55373250E-01 +0.00000000E+00
+4.26169000E-01 -5.18457750E-01 +0.00000000E+00
+4.07711250E-01 -5.00000000E-01 +0.00000000E+00
+3.89253500E-01 -5.18457750E-01 +0.00000000E+00
+4.07711250E-01 -5.18457750E-01 +0.00000000E+00
+3.70795750E-01 -5.00000000E-01 +0.00000000E+00
+3.52338000E-01 -5.18457750E-01 +0.00000000E+00
+3.70795750E-01 -5.18457750E-01 +0.00000000E+00
+3.15422500E-01 -6.29204250E-01 +0.00000000E+00
+2.96964750E-01 -6.10746500E-01 +0.00000000E+00
+2.78507000E-01 -6.29204250E-01 +0.00000000E+00
+2.96964750E-01 -6.29204250E-01 +0.00000000E+00
+3.33880250E-01 -6.10746500E-01 +0.00000000E+00
+3.33880250E-01 -6.29204250E-01 +0.00000000E+00
+3.33880250E-01 -5.73831000E-01 +0.00000000E+00
+3.15422500E-01 -5.92288750E-01 +0.00000000E+00
+3.33880250E-01 -5.92288750E-01 +0.00000000E+00
+3.33880250E-01 -5.36915500E-01 +0.00000000E+00
+3.15422500E-01 -5.55373250E-01 +0.00000000E+00
+3.33880250E-01 -5.55373250E-01 +0.00000000E+00
+3.33880250E-01 -5.00000000E-01 +0.00000000E+00
+3.15422500E-01 -5.18457750E-01 +0.00000000E+00
+3.33880250E-01 -5.18457750E-01 +0.00000000E+00
+5.92288750E-01 -7.95324000E-01 +0.00000000E+00
+6.10746500E-01 -7.76866250E-01 +0.00000000E+00
+5.92288750E-01 -7.58408500E-01 +0.00000000E+00
+5.73831000E-01 -7.76866250E-01 +0.00000000E+00
+5.92288750E-01 -7.76866250E-01 +0.00000000E+00
+6.29204250E-01 -7.95324000E-01 +0.00000000E+00
+6.47662000E-01 -7.76866250E-01 +0.00000000E+00
+6.29204250E-01 -7.58408500E-01 +0.00000000E+00
+6.29204250E-01 -7.76866250E-01 +0.00000000E+00
+6.47662000E-01 -7.39950750E-01 +0.00000000E+00
+6.29204250E-01 -7.21493000E-01 +0.00000000E+00
+6.10746500E-01 -7.39950750E-01 +0.00000000E+00
+6.29204250E-01 -7.39950750E-01 +0.00000000E+00
+6.47662000E-01 -7.03035250E-01 +0.00000000E+00
+6.29204250E-01 -6.84577500E-01 +0.00000000E+00
+6.10746500E-01 -7.03035250E-01 +0.00000000E+00
+6.29204250E-01 -7.03035250E-01 +0.00000000E+00
+6.47662000E-01 -6.66119750E-01 +0.00000000E+00
+6.29204250E-01 -6.47662000E-01 +0.00000000E+00
+6.10746500E-01 -6.66119750E-01 +0.00000000E+00
+6.29204250E-01 -6.66119750E-01 +0.00000000E+00
+5.92288750E-01 -6.84577500E-01 +0.00000000E+00
+5.92288750E-01 -6.47662000E-01 +0.00000000E+00
+5.73831000E-01 -6.66119750E-01 +0.00000000E+00
+5.92288750E-01 -6.66119750E-01 +0.00000000E+00
+6.66119750E-01 -7.95324000E-01 +0.00000000E+00
+6.84577500E-01 -7.76866250E-01 +0.00000000E+00
+6.66119750E-01 -7.58408500E-01 +0.00000000E+00
+6.66119750E-01 -7.76866250E-01 +0.00000000E+00
+7.03035250E-01 -7.95324000E-01 +0.00000000E+00
+7.21493000E-01 -7.76866250E-01 +0.00000000E+00
+7.03035250E-01 -7.58408500E-01 +0.00000000E+00
+7.03035250E-01 -7.76866250E-01 +0.00000000E+00
+7.21493000E-01 -7.39950750E-01 +0.00000000E+00
+7.03035250E-01 -7.21493000E-01 +0.00000000E+00
+6.84577500E-01 -7.39950750E-01 +0.00000000E+00
+7.03035250E-01 -7.39950750E-01 +0.00000000E+00
+6.66119750E-01 -7.21493000E-01 +0.00000000E+00
+6.66119750E-01 -7.39950750E-01 +0.00000000E+00
+7.39950750E-01 -7.95324000E-01 +0.00000000E+00
+7.58408500E-01 -7.76866250E-01 +0.00000000E+00
+7.39950750E-01 -7.58408500E-01 +0.00000000E+00
+7.39950750E-01 -7.76866250E-01 +0.00000000E+00
+7.76866250E-01 -7.95324000E-01 +0.00000000E+00
+7.95324000E-01 -7.76866250E-01 +0.00000000E+00
+7.76866250E-01 -7.58408500E-01 +0.00000000E+00
+7.76866250E-01 -7.76866250E-01 +0.00000000E+00
+7.58408500E-01 -7.39950750E-01 +0.00000000E+00
+7.39950750E-01 -7.21493000E-01 +0.00000000E+00
+7.39950750E-01 -7.39950750E-01 +0.00000000E+00
+7.58408500E-01 -7.03035250E-01 +0.00000000E+00
+7.39950750E-01 -6.84577500E-01 +0.00000000E+00
+7.21493000E-01 -7.03035250E-01 +0.00000000E+00
+7.39950750E-01 -7.03035250E-01 +0.00000000E+00
+6.84577500E-01 -7.03035250E-01 +0.00000000E+00
+6.66119750E-01 -6.84577500E-01 +0.00000000E+00
+6.66119750E-01 -7.03035250E-01 +0.00000000E+00
+7.03035250E-01 -6.84577500E-01 +0.00000000E+00
+7.03035250E-01 -7.03035250E-01 +0.00000000E+00
+7.21493000E-01 -6.66119750E-01 +0.00000000E+00
+7.03035250E-01 -6.47662000E-01 +0.00000000E+00
+6.84577500E-01 -6.66119750E-01 +0.00000000E+00
+7.03035250E-01 -6.66119750E-01 +0.00000000E+00
+6.66119750E-01 -6.47662000E-01 +0.00000000E+00
+6.66119750E-01 -6.66119750E-01 +0.00000000E+00
+6.84577500E-01 -6.29204250E-01 +0.00000000E+00
+6.66119750E-01 -6.10746500E-01 +0.00000000E+00
+6.47662000E-01 -6.29204250E-01 +0.00000000E+00
+6.66119750E-01 -6.29204250E-01 +0.00000000E+00
+7.21493000E-01 -6.29204250E-01 +0.00000000E+00
+7.03035250E-01 -6.10746500E-01 +0.00000000E+00
+7.03035250E-01 -6.29204250E-01 +0.00000000E+00
+6.84577500E-01 -5.92288750E-01 +0.00000000E+00
+6.66119750E-01 -5.73831000E-01 +0.00000000E+00
+6.47662000E-01 -5.92288750E-01 +0.00000000E+00
+6.66119750E-01 -5.92288750E-01 +0.00000000E+00
+6.84577500E-01 -5.55373250E-01 +0.00000000E+00
+6.66119750E-01 -5.36915500E-01 +0.00000000E+00
+6.47662000E-01 -5.55373250E-01 +0.00000000E+00
+6.66119750E-01 -5.55373250E-01 +0.00000000E+00
+6.84577500E-01 -5.18457750E-01 +0.00000000E+00
+6.66119750E-01 -5.00000000E-01 +0.00000000E+00
+6.47662000E-01 -5.18457750E-01 +0.00000000E+00
+6.66119750E-01 -5.18457750E-01 +0.00000000E+00
+5.55373250E-01 -6.10746500E-01 +0.00000000E+00
+5.73831000E-01 -5.92288750E-01 +0.00000000E+00
+5.55373250E-01 -5.73831000E-01 +0.00000000E+00
+5.36915500E-01 -5.92288750E-01 +0.00000000E+00
+5.55373250E-01 -5.92288750E-01 +0.00000000E+00
+5.18457750E-01 -6.10746500E-01 +0.00000000E+00
+5.18457750E-01 -5.73831000E-01 +0.00000000E+00
+5.18457750E-01 -5.92288750E-01 +0.00000000E+00
+6.10746500E-01 -6.29204250E-01 +0.00000000E+00
+5.92288750E-01 -6.10746500E-01 +0.00000000E+00
+5.73831000E-01 -6.29204250E-01 +0.00000000E+00
+5.92288750E-01 -6.29204250E-01 +0.00000000E+00
+6.29204250E-01 -6.10746500E-01 +0.00000000E+00
+6.29204250E-01 -6.29204250E-01 +0.00000000E+00
+6.29204250E-01 -5.73831000E-01 +0.00000000E+00
+6.10746500E-01 -5.92288750E-01 +0.00000000E+00
+6.29204250E-01 -5.92288750E-01 +0.00000000E+00
+5.92288750E-01 -5.73831000E-01 +0.00000000E+00
+5.92288750E-01 -5.92288750E-01 +0.00000000E+00
+6.10746500E-01 -5.55373250E-01 +0.00000000E+00
+5.92288750E-01 -5.36915500E-01 +0.00000000E+00
+5.73831000E-01 -5.55373250E-01 +0.00000000E+00
+5.92288750E-01 -5.55373250E-01 +0.00000000E+00
+6.29204250E-01 -5.36915500E-01 +0.00000000E+00
+6.29204250E-01 -5.55373250E-01 +0.00000000E+00
+6.29204250E-01 -5.00000000E-01 +0.00000000E+00
+6.10746500E-01 -5.18457750E-01 +0.00000000E+00
+6.29204250E-01 -5.18457750E-01 +0.00000000E+00
+5.92288750E-01 -5.00000000E-01 +0.00000000E+00
+5.73831000E-01 -5.18457750E-01 +0.00000000E+00
+5.92288750E-01 -5.18457750E-01 +0.00000000E+00
+5.36915500E-01 -5.55373250E-01 +0.00000000E+00
+5.18457750E-01 -5.36915500E-01 +0.00000000E+00
+5.18457750E-01 -5.55373250E-01 +0.00000000E+00
+5.55373250E-01 -5.36915500E-01 +0.00000000E+00
+5.55373250E-01 -5.55373250E-01 +0.00000000E+00
+5.55373250E-01 -5.00000000E-01 +0.00000000E+00
+5.36915500E-01 -5.18457750E-01 +0.00000000E+00
+5.55373250E-01 -5.18457750E-01 +0.00000000E+00
+5.18457750E-01 -5.00000000E-01 +0.00000000E+00
+5.36915500E-01 -4.81542250E-01 +0.00000000E+00
+5.18457750E-01 -4.63084500E-01 +0.00000000E+00
+5.00000000E-01 -4.81542250E-01 +0.00000000E+00
+5.18457750E-01 -4.81542250E-01 +0.00000000E+00
+5.73831000E-01 -4.81542250E-01 +0.00000000E+00
+5.55373250E-01 -4.63084500E-01 +0.00000000E+00
+5.55373250E-01 -4.81542250E-01 +0.00000000E+00
+5.73831000E-01 -4.44626750E-01 +0.00000000E+00
+5.55373250E-01 -4.26169000E-01 +0.00000000E+00
+5.36915500E-01 -4.44626750E-01 +0.00000000E+00
+5.55373250E-01 -4.44626750E-01 +0.00000000E+00
+5.18457750E-01 -4.26169000E-01 +0.00000000E+00
+5.00000000E-01 -4.44626750E-01 +0.00000000E+00
+5.18457750E-01 -4.44626750E-01 +0.00000000E+00
+6.10746500E-01 -4.81542250E-01 +0.00000000E+00
+5.92288750E-01 -4.63084500E-01 +0.00000000E+00
+5.92288750E-01 -4.81542250E-01 +0.00000000E+00
+6.47662000E-01 -4.81542250E-01 +0.00000000E+00
+6.29204250E-01 -4.63084500E-01 +0.00000000E+00
+6.29204250E-01 -4.81542250E-01 +0.00000000E+00
+6.47662000E-01 -4.44626750E-01 +0.00000000E+00
+6.29204250E-01 -4.26169000E-01 +0.00000000E+00
+6.10746500E-01 -4.44626750E-01 +0.00000000E+00
+6.29204250E-01 -4.44626750E-01 +0.00000000E+00
+5.92288750E-01 -4.26169000E-01 +0.00000000E+00
+5.92288750E-01 -4.44626750E-01 +0.00000000E+00
+6.10746500E-01 -4.07711250E-01 +0.00000000E+00
+5.92288750E-01 -3.89253500E-01 +0.00000000E+00
+5.73831000E-01 -4.07711250E-01 +0.00000000E+00
+5.92288750E-01 -4.07711250E-01 +0.00000000E+00
+6.10746500E-01 -3.70795750E-01 +0.00000000E+00
+5.92288750E-01 -3.52338000E-01 +0.00000000E+00
+5.73831000E-01 -3.70795750E-01 +0.00000000E+00
+5.92288750E-01 -3.70795750E-01 +0.00000000E+00
+5.36915500E-01 -4.07711250E-01 +0.00000000E+00
+5.18457750E-01 -3.89253500E-01 +0.00000000E+00
+5.00000000E-01 -4.07711250E-01 +0.00000000E+00
+5.18457750E-01 -4.07711250E-01 +0.00000000E+00
+5.55373250E-01 -3.89253500E-01 +0.00000000E+00
+5.55373250E-01 -4.07711250E-01 +0.00000000E+00
+5.55373250E-01 -3.52338000E-01 +0.00000000E+00
+5.36915500E-01 -3.70795750E-01 +0.00000000E+00
+5.55373250E-01 -3.70795750E-01 +0.00000000E+00
+5.18457750E-01 -3.52338000E-01 +0.00000000E+00
+5.00000000E-01 -3.70795750E-01 +0.00000000E+00
+5.18457750E-01 -3.70795750E-01 +0.00000000E+00
+5.36915500E-01 -3.33880250E-01 +0.00000000E+00
+5.18457750E-01 -3.15422500E-01 +0.00000000E+00
+5.00000000E-01 -3.33880250E-01 +0.00000000E+00
+5.18457750E-01 -3.33880250E-01 +0.00000000E+00
+5.73831000E-01 -3.33880250E-01 +0.00000000E+00
+5.55373250E-01 -3.15422500E-01 +0.00000000E+00
+5.55373250E-01 -3.33880250E-01 +0.00000000E+00
+5.73831000E-01 -2.96964750E-01 +0.00000000E+00
+5.55373250E-01 -2.78507000E-01 +0.00000000E+00
+5.36915500E-01 -2.96964750E-01 +0.00000000E+00
+5.55373250E-01 -2.96964750E-01 +0.00000000E+00
+5.18457750E-01 -2.78507000E-01 +0.00000000E+00
+5.00000000E-01 -2.96964750E-01 +0.00000000E+00
+5.18457750E-01 -2.96964750E-01 +0.00000000E+00
+5.36915500E-01 -2.60049250E-01 +0.00000000E+00
+5.18457750E-01 -2.41591500E-01 +0.00000000E+00
+5.00000000E-01 -2.60049250E-01 +0.00000000E+00
+5.18457750E-01 -2.60049250E-01 +0.00000000E+00
+5.36915500E-01 -2.23133750E-01 +0.00000000E+00
+5.18457750E-01 -2.04676000E-01 +0.00000000E+00
+5.00000000E-01 -2.23133750E-01 +0.00000000E+00
+5.18457750E-01 -2.23133750E-01 +0.00000000E+00
+3.89253500E-01 -4.81542250E-01 +0.00000000E+00
+3.70795750E-01 -4.63084500E-01 +0.00000000E+00
+3.52338000E-01 -4.81542250E-01 +0.00000000E+00
+3.70795750E-01 -4.81542250E-01 +0.00000000E+00
+4.26169000E-01 -4.81542250E-01 +0.00000000E+00
+4.07711250E-01 -4.63084500E-01 +0.00000000E+00
+4.07711250E-01 -4.81542250E-01 +0.00000000E+00
+4.26169000E-01 -4.44626750E-01 +0.00000000E+00
+4.07711250E-01 -4.26169000E-01 +0.00000000E+00
+3.89253500E-01 -4.44626750E-01 +0.00000000E+00
+4.07711250E-01 -4.44626750E-01 +0.00000000E+00
+3.70795750E-01 -4.26169000E-01 +0.00000000E+00
+3.52338000E-01 -4.44626750E-01 +0.00000000E+00
+3.70795750E-01 -4.44626750E-01 +0.00000000E+00
+4.44626750E-01 -4.63084500E-01 +0.00000000E+00
+4.63084500E-01 -4.44626750E-01 +0.00000000E+00
+4.44626750E-01 -4.26169000E-01 +0.00000000E+00
+4.44626750E-01 -4.44626750E-01 +0.00000000E+00
+4.63084500E-01 -4.07711250E-01 +0.00000000E+00
+4.44626750E-01 -3.89253500E-01 +0.00000000E+00
+4.26169000E-01 -4.07711250E-01 +0.00000000E+00
+4.44626750E-01 -4.07711250E-01 +0.00000000E+00
+4.81542250E-01 -4.26169000E-01 +0.00000000E+00
+4.81542250E-01 -3.89253500E-01 +0.00000000E+00
+4.81542250E-01 -4.07711250E-01 +0.00000000E+00
+4.81542250E-01 -3.52338000E-01 +0.00000000E+00
+4.63084500E-01 -3.70795750E-01 +0.00000000E+00
+4.81542250E-01 -3.70795750E-01 +0.00000000E+00
+4.44626750E-01 -3.52338000E-01 +0.00000000E+00
+4.26169000E-01 -3.70795750E-01 +0.00000000E+00
+4.44626750E-01 -3.70795750E-01 +0.00000000E+00
+4.07711250E-01 -3.89253500E-01 +0.00000000E+00
+3.89253500E-01 -4.07711250E-01 +0.00000000E+00
+4.07711250E-01 -4.07711250E-01 +0.00000000E+00
+4.07711250E-01 -3.52338000E-01 +0.00000000E+00
+3.89253500E-01 -3.70795750E-01 +0.00000000E+00
+4.07711250E-01 -3.70795750E-01 +0.00000000E+00
+4.63084500E-01 -3.33880250E-01 +0.00000000E+00
+4.44626750E-01 -3.15422500E-01 +0.00000000E+00
+4.26169000E-01 -3.33880250E-01 +0.00000000E+00
+4.44626750E-01 -3.33880250E-01 +0.00000000E+00
+4.81542250E-01 -3.15422500E-01 +0.00000000E+00
+4.81542250E-01 -3.33880250E-01 +0.00000000E+00
+4.81542250E-01 -2.78507000E-01 +0.00000000E+00
+4.63084500E-01 -2.96964750E-01 +0.00000000E+00
+4.81542250E-01 -2.96964750E-01 +0.00000000E+00
+4.44626750E-01 -2.78507000E-01 +0.00000000E+00
+4.26169000E-01 -2.96964750E-01 +0.00000000E+00
+4.44626750E-01 -2.96964750E-01 +0.00000000E+00
+4.63084500E-01 -2.60049250E-01 +0.00000000E+00
+4.44626750E-01 -2.41591500E-01 +0.00000000E+00
+4.26169000E-01 -2.60049250E-01 +0.00000000E+00
+4.44626750E-01 -2.60049250E-01 +0.00000000E+00
+4.81542250E-01 -2.41591500E-01 +0.00000000E+00
+4.81542250E-01 -2.60049250E-01 +0.00000000E+00
+4.81542250E-01 -2.04676000E-01 +0.00000000E+00
+4.63084500E-01 -2.23133750E-01 +0.00000000E+00
+4.81542250E-01 -2.23133750E-01 +0.00000000E+00
+8.13781750E-01 -7.95324000E-01 +0.00000000E+00
+8.32239500E-01 -7.76866250E-01 +0.00000000E+00
+8.13781750E-01 -7.58408500E-01 +0.00000000E+00
+8.13781750E-01 -7.76866250E-01 +0.00000000E+00
+1.95447125E-01 -7.95324000E-01 +0.00000000E+00
+2.04676000E-01 -7.86095125E-01 +0.00000000E+00
+1.95447125E-01 -7.76866250E-01 +0.00000000E+00
+1.86218250E-01 -7.86095125E-01 +0.00000000E+00
+1.95447125E-01 -7.86095125E-01 +0.00000000E+00
+2.04676000E-01 -7.67637375E-01 +0.00000000E+00
+1.95447125E-01 -7.58408500E-01 +0.00000000E+00
+1.86218250E-01 -7.67637375E-01 +0.00000000E+00
+1.95447125E-01 -7.67637375E-01 +0.00000000E+00
+2.13904875E-01 -7.95324000E-01 +0.00000000E+00
+2.23133750E-01 -7.86095125E-01 +0.00000000E+00
+2.13904875E-01 -7.76866250E-01 +0.00000000E+00
+2.13904875E-01 -7.86095125E-01 +0.00000000E+00
+2.32362625E-01 -7.95324000E-01 +0.00000000E+00
+2.41591500E-01 -7.86095125E-01 +0.00000000E+00
+2.32362625E-01 -7.76866250E-01 +0.00000000E+00
+2.32362625E-01 -7.86095125E-01 +0.00000000E+00
+2.41591500E-01 -7.67637375E-01 +0.00000000E+00
+2.32362625E-01 -7.58408500E-01 +0.00000000E+00
+2.23133750E-01 -7.67637375E-01 +0.00000000E+00
+2.32362625E-01 -7.67637375E-01 +0.00000000E+00
+2.13904875E-01 -7.58408500E-01 +0.00000000E+00
+2.13904875E-01 -7.67637375E-01 +0.00000000E+00
+2.50820375E-01 -7.95324000E-01 +0.00000000E+00
+2.60049250E-01 -7.86095125E-01 +0.00000000E+00
+2.50820375E-01 -7.76866250E-01 +0.00000000E+00
+2.50820375E-01 -7.86095125E-01 +0.00000000E+00
+2.69278125E-01 -7.95324000E-01 +0.00000000E+00
+2.78507000E-01 -7.86095125E-01 +0.00000000E+00
+2.69278125E-01 -7.76866250E-01 +0.00000000E+00
+2.69278125E-01 -7.86095125E-01 +0.00000000E+00
+2.60049250E-01 -7.67637375E-01 +0.00000000E+00
+2.50820375E-01 -7.58408500E-01 +0.00000000E+00
+2.50820375E-01 -7.67637375E-01 +0.00000000E+00
+2.60049250E-01 -7.49179625E-01 +0.00000000E+00
+2.50820375E-01 -7.39950750E-01 +0.00000000E+00
+2.41591500E-01 -7.49179625E-01 +0.00000000E+00
+2.50820375E-01 -7.49179625E-01 +0.00000000E+00
+2.69278125E-01 -7.39950750E-01 +0.00000000E+00
+2.78507000E-01 -7.30721875E-01 +0.00000000E+00
+2.69278125E-01 -7.21493000E-01 +0.00000000E+00
+2.60049250E-01 -7.30721875E-01 +0.00000000E+00
+2.69278125E-01 -7.30721875E-01 +0.00000000E+00
+2.50820375E-01 -7.21493000E-01 +0.00000000E+00
+2.41591500E-01 -7.30721875E-01 +0.00000000E+00
+2.50820375E-01 -7.30721875E-01 +0.00000000E+00
+2.87735875E-01 -7.95324000E-01 +0.00000000E+00
+2.96964750E-01 -7.86095125E-01 +0.00000000E+00
+2.87735875E-01 -7.76866250E-01 +0.00000000E+00
+2.87735875E-01 -7.86095125E-01 +0.00000000E+00
+3.06193625E-01 -7.95324000E-01 +0.00000000E+00
+3.15422500E-01 -7.86095125E-01 +0.00000000E+00
+3.06193625E-01 -7.76866250E-01 +0.00000000E+00
+3.06193625E-01 -7.86095125E-01 +0.00000000E+00
+3.24651375E-01 -7.95324000E-01 +0.00000000E+00
+3.33880250E-01 -7.86095125E-01 +0.00000000E+00
+3.24651375E-01 -7.76866250E-01 +0.00000000E+00
+3.24651375E-01 -7.86095125E-01 +0.00000000E+00
+3.43109125E-01 -7.95324000E-01 +0.00000000E+00
+3.52338000E-01 -7.86095125E-01 +0.00000000E+00
+3.43109125E-01 -7.76866250E-01 +0.00000000E+00
+3.43109125E-01 -7.86095125E-01 +0.00000000E+00
+3.52338000E-01 -7.67637375E-01 +0.00000000E+00
+3.43109125E-01 -7.58408500E-01 +0.00000000E+00
+3.33880250E-01 -7.67637375E-01 +0.00000000E+00
+3.43109125E-01 -7.67637375E-01 +0.00000000E+00
+3.24651375E-01 -7.58408500E-01 +0.00000000E+00
+3.15422500E-01 -7.67637375E-01 +0.00000000E+00
+3.24651375E-01 -7.67637375E-01 +0.00000000E+00
+3.33880250E-01 -7.49179625E-01 +0.00000000E+00
+3.24651375E-01 -7.39950750E-01 +0.00000000E+00
+3.15422500E-01 -7.49179625E-01 +0.00000000E+00
+3.24651375E-01 -7.49179625E-01 +0.00000000E+00
+3.33880250E-01 -7.30721875E-01 +0.00000000E+00
+3.24651375E-01 -7.21493000E-01 +0.00000000E+00
+3.15422500E-01 -7.30721875E-01 +0.00000000E+00
+3.24651375E-01 -7.30721875E-01 +0.00000000E+00
+3.06193625E-01 -7.58408500E-01 +0.00000000E+00
+3.06193625E-01 -7.39950750E-01 +0.00000000E+00
+2.96964750E-01 -7.49179625E-01 +0.00000000E+00
+3.06193625E-01 -7.49179625E-01 +0.00000000E+00
+3.06193625E-01 -7.21493000E-01 +0.00000000E+00
+2.96964750E-01 -7.30721875E-01 +0.00000000E+00
+3.06193625E-01 -7.30721875E-01 +0.00000000E+00
+2.87735875E-01 -7.03035250E-01 +0.00000000E+00
+2.96964750E-01 -6.93806375E-01 +0.00000000E+00
+2.87735875E-01 -6.84577500E-01 +0.00000000E+00
+2.78507000E-01 -6.93806375E-01 +0.00000000E+00
+2.87735875E-01 -6.93806375E-01 +0.00000000E+00
+3.33880250E-01 -7.12264125E-01 +0.00000000E+00
+3.24651375E-01 -7.03035250E-01 +0.00000000E+00
+3.15422500E-01 -7.12264125E-01 +0.00000000E+00
+3.24651375E-01 -7.12264125E-01 +0.00000000E+00
+3.33880250E-01 -6.93806375E-01 +0.00000000E+00
+3.24651375E-01 -6.84577500E-01 +0.00000000E+00
+3.15422500E-01 -6.93806375E-01 +0.00000000E+00
+3.24651375E-01 -6.93806375E-01 +0.00000000E+00
+3.33880250E-01 -6.75348625E-01 +0.00000000E+00
+3.24651375E-01 -6.66119750E-01 +0.00000000E+00
+3.15422500E-01 -6.75348625E-01 +0.00000000E+00
+3.24651375E-01 -6.75348625E-01 +0.00000000E+00
+3.43109125E-01 -6.84577500E-01 +0.00000000E+00
+3.52338000E-01 -6.75348625E-01 +0.00000000E+00
+3.43109125E-01 -6.66119750E-01 +0.00000000E+00
+3.43109125E-01 -6.75348625E-01 +0.00000000E+00
+3.52338000E-01 -6.56890875E-01 +0.00000000E+00
+3.43109125E-01 -6.47662000E-01 +0.00000000E+00
+3.33880250E-01 -6.56890875E-01 +0.00000000E+00
+3.43109125E-01 -6.56890875E-01 +0.00000000E+00
+2.96964750E-01 -6.75348625E-01 +0.00000000E+00
+2.87735875E-01 -6.66119750E-01 +0.00000000E+00
+2.78507000E-01 -6.75348625E-01 +0.00000000E+00
+2.87735875E-01 -6.75348625E-01 +0.00000000E+00
+3.06193625E-01 -6.66119750E-01 +0.00000000E+00
+3.15422500E-01 -6.56890875E-01 +0.00000000E+00
+3.06193625E-01 -6.47662000E-01 +0.00000000E+00
+2.96964750E-01 -6.56890875E-01 +0.00000000E+00
+3.06193625E-01 -6.56890875E-01 +0.00000000E+00
+2.87735875E-01 -6.47662000E-01 +0.00000000E+00
+2.78507000E-01 -6.56890875E-01 +0.00000000E+00
+2.87735875E-01 -6.56890875E-01 +0.00000000E+00
+2.78507000E-01 -7.12264125E-01 +0.00000000E+00
+2.69278125E-01 -7.03035250E-01 +0.00000000E+00
+2.60049250E-01 -7.12264125E-01 +0.00000000E+00
+2.69278125E-01 -7.12264125E-01 +0.00000000E+00
+2.69278125E-01 -6.84577500E-01 +0.00000000E+00
+2.60049250E-01 -6.93806375E-01 +0.00000000E+00
+2.69278125E-01 -6.93806375E-01 +0.00000000E+00
+3.61566875E-01 -7.95324000E-01 +0.00000000E+00
+3.70795750E-01 -7.86095125E-01 +0.00000000E+00
+3.61566875E-01 -7.76866250E-01 +0.00000000E+00
+3.61566875E-01 -7.86095125E-01 +0.00000000E+00
+3.80024625E-01 -7.95324000E-01 +0.00000000E+00
+3.89253500E-01 -7.86095125E-01 +0.00000000E+00
+3.80024625E-01 -7.76866250E-01 +0.00000000E+00
+3.80024625E-01 -7.86095125E-01 +0.00000000E+00
+3.89253500E-01 -7.67637375E-01 +0.00000000E+00
+3.80024625E-01 -7.58408500E-01 +0.00000000E+00
+3.70795750E-01 -7.67637375E-01 +0.00000000E+00
+3.80024625E-01 -7.67637375E-01 +0.00000000E+00
+3.61566875E-01 -7.58408500E-01 +0.00000000E+00
+3.61566875E-01 -7.67637375E-01 +0.00000000E+00
+3.61566875E-01 -6.29204250E-01 +0.00000000E+00
+3.70795750E-01 -6.19975375E-01 +0.00000000E+00
+3.61566875E-01 -6.10746500E-01 +0.00000000E+00
+3.52338000E-01 -6.19975375E-01 +0.00000000E+00
+3.61566875E-01 -6.19975375E-01 +0.00000000E+00
+3.98482375E-01 -6.10746500E-01 +0.00000000E+00
+4.07711250E-01 -6.01517625E-01 +0.00000000E+00
+3.98482375E-01 -5.92288750E-01 +0.00000000E+00
+3.89253500E-01 -6.01517625E-01 +0.00000000E+00
+3.98482375E-01 -6.01517625E-01 +0.00000000E+00
+4.16940125E-01 -6.10746500E-01 +0.00000000E+00
+4.26169000E-01 -6.01517625E-01 +0.00000000E+00
+4.16940125E-01 -5.92288750E-01 +0.00000000E+00
+4.16940125E-01 -6.01517625E-01 +0.00000000E+00
+3.70795750E-01 -6.01517625E-01 +0.00000000E+00
+3.61566875E-01 -5.92288750E-01 +0.00000000E+00
+3.52338000E-01 -6.01517625E-01 +0.00000000E+00
+3.61566875E-01 -6.01517625E-01 +0.00000000E+00
+3.80024625E-01 -6.10746500E-01 +0.00000000E+00
+3.80024625E-01 -5.92288750E-01 +0.00000000E+00
+3.80024625E-01 -6.01517625E-01 +0.00000000E+00
+4.72313375E-01 -6.10746500E-01 +0.00000000E+00
+4.81542250E-01 -6.01517625E-01 +0.00000000E+00
+4.72313375E-01 -5.92288750E-01 +0.00000000E+00
+4.63084500E-01 -6.01517625E-01 +0.00000000E+00
+4.72313375E-01 -6.01517625E-01 +0.00000000E+00
+4.90771125E-01 -6.10746500E-01 +0.00000000E+00
+5.00000000E-01 -6.01517625E-01 +0.00000000E+00
+4.90771125E-01 -5.92288750E-01 +0.00000000E+00
+4.90771125E-01 -6.01517625E-01 +0.00000000E+00
+4.35397875E-01 -6.10746500E-01 +0.00000000E+00
+4.44626750E-01 -6.01517625E-01 +0.00000000E+00
+4.35397875E-01 -5.92288750E-01 +0.00000000E+00
+4.35397875E-01 -6.01517625E-01 +0.00000000E+00
+4.53855625E-01 -6.10746500E-01 +0.00000000E+00
+4.53855625E-01 -5.92288750E-01 +0.00000000E+00
+4.53855625E-01 -6.01517625E-01 +0.00000000E+00
+4.35397875E-01 -5.73831000E-01 +0.00000000E+00
+4.44626750E-01 -5.64602125E-01 +0.00000000E+00
+4.35397875E-01 -5.55373250E-01 +0.00000000E+00
+4.26169000E-01 -5.64602125E-01 +0.00000000E+00
+4.35397875E-01 -5.64602125E-01 +0.00000000E+00
+4.53855625E-01 -5.73831000E-01 +0.00000000E+00
+4.63084500E-01 -5.64602125E-01 +0.00000000E+00
+4.53855625E-01 -5.55373250E-01 +0.00000000E+00
+4.53855625E-01 -5.64602125E-01 +0.00000000E+00
+4.72313375E-01 -5.73831000E-01 +0.00000000E+00
+4.81542250E-01 -5.64602125E-01 +0.00000000E+00
+4.72313375E-01 -5.55373250E-01 +0.00000000E+00
+4.72313375E-01 -5.64602125E-01 +0.00000000E+00
+4.90771125E-01 -5.73831000E-01 +0.00000000E+00
+5.00000000E-01 -5.64602125E-01 +0.00000000E+00
+4.90771125E-01 -5.55373250E-01 +0.00000000E+00
+4.90771125E-01 -5.64602125E-01 +0.00000000E+00
+3.80024625E-01 -5.73831000E-01 +0.00000000E+00
+3.89253500E-01 -5.64602125E-01 +0.00000000E+00
+3.80024625E-01 -5.55373250E-01 +0.00000000E+00
+3.70795750E-01 -5.64602125E-01 +0.00000000E+00
+3.80024625E-01 -5.64602125E-01 +0.00000000E+00
+3.89253500E-01 -5.46144375E-01 +0.00000000E+00
+3.80024625E-01 -5.36915500E-01 +0.00000000E+00
+3.70795750E-01 -5.46144375E-01 +0.00000000E+00
+3.80024625E-01 -5.46144375E-01 +0.00000000E+00
+3.98482375E-01 -5.73831000E-01 +0.00000000E+00
+4.07711250E-01 -5.64602125E-01 +0.00000000E+00
+3.98482375E-01 -5.55373250E-01 +0.00000000E+00
+3.98482375E-01 -5.64602125E-01 +0.00000000E+00
+4.16940125E-01 -5.73831000E-01 +0.00000000E+00
+4.16940125E-01 -5.55373250E-01 +0.00000000E+00
+4.16940125E-01 -5.64602125E-01 +0.00000000E+00
+3.98482375E-01 -5.36915500E-01 +0.00000000E+00
+4.07711250E-01 -5.27686625E-01 +0.00000000E+00
+3.98482375E-01 -5.18457750E-01 +0.00000000E+00
+3.89253500E-01 -5.27686625E-01 +0.00000000E+00
+3.98482375E-01 -5.27686625E-01 +0.00000000E+00
+4.07711250E-01 -5.09228875E-01 +0.00000000E+00
+3.98482375E-01 -5.00000000E-01 +0.00000000E+00
+3.89253500E-01 -5.09228875E-01 +0.00000000E+00
+3.98482375E-01 -5.09228875E-01 +0.00000000E+00
+3.61566875E-01 -5.36915500E-01 +0.00000000E+00
+3.70795750E-01 -5.27686625E-01 +0.00000000E+00
+3.61566875E-01 -5.18457750E-01 +0.00000000E+00
+3.52338000E-01 -5.27686625E-01 +0.00000000E+00
+3.61566875E-01 -5.27686625E-01 +0.00000000E+00
+3.80024625E-01 -5.18457750E-01 +0.00000000E+00
+3.80024625E-01 -5.27686625E-01 +0.00000000E+00
+3.70795750E-01 -5.09228875E-01 +0.00000000E+00
+3.61566875E-01 -5.00000000E-01 +0.00000000E+00
+3.52338000E-01 -5.09228875E-01 +0.00000000E+00
+3.61566875E-01 -5.09228875E-01 +0.00000000E+00
+3.15422500E-01 -6.38433125E-01 +0.00000000E+00
+3.06193625E-01 -6.29204250E-01 +0.00000000E+00
+2.96964750E-01 -6.38433125E-01 +0.00000000E+00
+3.06193625E-01 -6.38433125E-01 +0.00000000E+00
+3.15422500E-01 -6.19975375E-01 +0.00000000E+00
+3.06193625E-01 -6.10746500E-01 +0.00000000E+00
+2.96964750E-01 -6.19975375E-01 +0.00000000E+00
+3.06193625E-01 -6.19975375E-01 +0.00000000E+00
+3.52338000E-01 -6.38433125E-01 +0.00000000E+00
+3.43109125E-01 -6.29204250E-01 +0.00000000E+00
+3.33880250E-01 -6.38433125E-01 +0.00000000E+00
+3.43109125E-01 -6.38433125E-01 +0.00000000E+00
+3.43109125E-01 -6.10746500E-01 +0.00000000E+00
+3.33880250E-01 -6.19975375E-01 +0.00000000E+00
+3.43109125E-01 -6.19975375E-01 +0.00000000E+00
+3.24651375E-01 -6.29204250E-01 +0.00000000E+00
+3.24651375E-01 -6.10746500E-01 +0.00000000E+00
+3.24651375E-01 -6.19975375E-01 +0.00000000E+00
+3.33880250E-01 -6.01517625E-01 +0.00000000E+00
+3.24651375E-01 -5.92288750E-01 +0.00000000E+00
+3.15422500E-01 -6.01517625E-01 +0.00000000E+00
+3.24651375E-01 -6.01517625E-01 +0.00000000E+00
+3.33880250E-01 -5.83059875E-01 +0.00000000E+00
+3.24651375E-01 -5.73831000E-01 +0.00000000E+00
+3.15422500E-01 -5.83059875E-01 +0.00000000E+00
+3.24651375E-01 -5.83059875E-01 +0.00000000E+00
+3.33880250E-01 -5.64602125E-01 +0.00000000E+00
+3.24651375E-01 -5.55373250E-01 +0.00000000E+00
+3.15422500E-01 -5.64602125E-01 +0.00000000E+00
+3.24651375E-01 -5.64602125E-01 +0.00000000E+00
+3.43109125E-01 -5.73831000E-01 +0.00000000E+00
+3.52338000E-01 -5.64602125E-01 +0.00000000E+00
+3.43109125E-01 -5.55373250E-01 +0.00000000E+00
+3.43109125E-01 -5.64602125E-01 +0.00000000E+00
+3.52338000E-01 -5.46144375E-01 +0.00000000E+00
+3.43109125E-01 -5.36915500E-01 +0.00000000E+00
+3.33880250E-01 -5.46144375E-01 +0.00000000E+00
+3.43109125E-01 -5.46144375E-01 +0.00000000E+00
+3.43109125E-01 -5.18457750E-01 +0.00000000E+00
+3.33880250E-01 -5.27686625E-01 +0.00000000E+00
+3.43109125E-01 -5.27686625E-01 +0.00000000E+00
+5.83059875E-01 -7.95324000E-01 +0.00000000E+00
+5.92288750E-01 -7.86095125E-01 +0.00000000E+00
+5.83059875E-01 -7.76866250E-01 +0.00000000E+00
+5.73831000E-01 -7.86095125E-01 +0.00000000E+00
+5.83059875E-01 -7.86095125E-01 +0.00000000E+00
+6.01517625E-01 -7.95324000E-01 +0.00000000E+00
+6.10746500E-01 -7.86095125E-01 +0.00000000E+00
+6.01517625E-01 -7.76866250E-01 +0.00000000E+00
+6.01517625E-01 -7.86095125E-01 +0.00000000E+00
+6.10746500E-01 -7.67637375E-01 +0.00000000E+00
+6.01517625E-01 -7.58408500E-01 +0.00000000E+00
+5.92288750E-01 -7.67637375E-01 +0.00000000E+00
+6.01517625E-01 -7.67637375E-01 +0.00000000E+00
+5.83059875E-01 -7.58408500E-01 +0.00000000E+00
+5.73831000E-01 -7.67637375E-01 +0.00000000E+00
+5.83059875E-01 -7.67637375E-01 +0.00000000E+00
+6.19975375E-01 -7.95324000E-01 +0.00000000E+00
+6.29204250E-01 -7.86095125E-01 +0.00000000E+00
+6.19975375E-01 -7.76866250E-01 +0.00000000E+00
+6.19975375E-01 -7.86095125E-01 +0.00000000E+00
+6.38433125E-01 -7.95324000E-01 +0.00000000E+00
+6.47662000E-01 -7.86095125E-01 +0.00000000E+00
+6.38433125E-01 -7.76866250E-01 +0.00000000E+00
+6.38433125E-01 -7.86095125E-01 +0.00000000E+00
+6.47662000E-01 -7.67637375E-01 +0.00000000E+00
+6.38433125E-01 -7.58408500E-01 +0.00000000E+00
+6.29204250E-01 -7.67637375E-01 +0.00000000E+00
+6.38433125E-01 -7.67637375E-01 +0.00000000E+00
+6.19975375E-01 -7.58408500E-01 +0.00000000E+00
+6.19975375E-01 -7.67637375E-01 +0.00000000E+00
+6.47662000E-01 -7.49179625E-01 +0.00000000E+00
+6.38433125E-01 -7.39950750E-01 +0.00000000E+00
+6.29204250E-01 -7.49179625E-01 +0.00000000E+00
+6.38433125E-01 -7.49179625E-01 +0.00000000E+00
+6.47662000E-01 -7.30721875E-01 +0.00000000E+00
+6.38433125E-01 -7.21493000E-01 +0.00000000E+00
+6.29204250E-01 -7.30721875E-01 +0.00000000E+00
+6.38433125E-01 -7.30721875E-01 +0.00000000E+00
+6.19975375E-01 -7.21493000E-01 +0.00000000E+00
+6.29204250E-01 -7.12264125E-01 +0.00000000E+00
+6.19975375E-01 -7.03035250E-01 +0.00000000E+00
+6.10746500E-01 -7.12264125E-01 +0.00000000E+00
+6.19975375E-01 -7.12264125E-01 +0.00000000E+00
+6.47662000E-01 -7.12264125E-01 +0.00000000E+00
+6.38433125E-01 -7.03035250E-01 +0.00000000E+00
+6.38433125E-01 -7.12264125E-01 +0.00000000E+00
+6.29204250E-01 -6.93806375E-01 +0.00000000E+00
+6.19975375E-01 -6.84577500E-01 +0.00000000E+00
+6.10746500E-01 -6.93806375E-01 +0.00000000E+00
+6.19975375E-01 -6.93806375E-01 +0.00000000E+00
+6.29204250E-01 -6.75348625E-01 +0.00000000E+00
+6.19975375E-01 -6.66119750E-01 +0.00000000E+00
+6.10746500E-01 -6.75348625E-01 +0.00000000E+00
+6.19975375E-01 -6.75348625E-01 +0.00000000E+00
+6.29204250E-01 -6.56890875E-01 +0.00000000E+00
+6.19975375E-01 -6.47662000E-01 +0.00000000E+00
+6.10746500E-01 -6.56890875E-01 +0.00000000E+00
+6.19975375E-01 -6.56890875E-01 +0.00000000E+00
+6.01517625E-01 -6.66119750E-01 +0.00000000E+00
+6.01517625E-01 -6.47662000E-01 +0.00000000E+00
+5.92288750E-01 -6.56890875E-01 +0.00000000E+00
+6.01517625E-01 -6.56890875E-01 +0.00000000E+00
+6.56890875E-01 -7.95324000E-01 +0.00000000E+00
+6.66119750E-01 -7.86095125E-01 +0.00000000E+00
+6.56890875E-01 -7.76866250E-01 +0.00000000E+00
+6.56890875E-01 -7.86095125E-01 +0.00000000E+00
+6.75348625E-01 -7.95324000E-01 +0.00000000E+00
+6.84577500E-01 -7.86095125E-01 +0.00000000E+00
+6.75348625E-01 -7.76866250E-01 +0.00000000E+00
+6.75348625E-01 -7.86095125E-01 +0.00000000E+00
+6.93806375E-01 -7.95324000E-01 +0.00000000E+00
+7.03035250E-01 -7.86095125E-01 +0.00000000E+00
+6.93806375E-01 -7.76866250E-01 +0.00000000E+00
+6.93806375E-01 -7.86095125E-01 +0.00000000E+00
+7.12264125E-01 -7.95324000E-01 +0.00000000E+00
+7.21493000E-01 -7.86095125E-01 +0.00000000E+00
+7.12264125E-01 -7.76866250E-01 +0.00000000E+00
+7.12264125E-01 -7.86095125E-01 +0.00000000E+00
+7.30721875E-01 -7.95324000E-01 +0.00000000E+00
+7.39950750E-01 -7.86095125E-01 +0.00000000E+00
+7.30721875E-01 -7.76866250E-01 +0.00000000E+00
+7.30721875E-01 -7.86095125E-01 +0.00000000E+00
+7.49179625E-01 -7.95324000E-01 +0.00000000E+00
+7.58408500E-01 -7.86095125E-01 +0.00000000E+00
+7.49179625E-01 -7.76866250E-01 +0.00000000E+00
+7.49179625E-01 -7.86095125E-01 +0.00000000E+00
+7.58408500E-01 -7.67637375E-01 +0.00000000E+00
+7.49179625E-01 -7.58408500E-01 +0.00000000E+00
+7.39950750E-01 -7.67637375E-01 +0.00000000E+00
+7.49179625E-01 -7.67637375E-01 +0.00000000E+00
+7.67637375E-01 -7.95324000E-01 +0.00000000E+00
+7.76866250E-01 -7.86095125E-01 +0.00000000E+00
+7.67637375E-01 -7.76866250E-01 +0.00000000E+00
+7.67637375E-01 -7.86095125E-01 +0.00000000E+00
+7.86095125E-01 -7.95324000E-01 +0.00000000E+00
+7.95324000E-01 -7.86095125E-01 +0.00000000E+00
+7.86095125E-01 -7.76866250E-01 +0.00000000E+00
+7.86095125E-01 -7.86095125E-01 +0.00000000E+00
+7.95324000E-01 -7.67637375E-01 +0.00000000E+00
+7.86095125E-01 -7.58408500E-01 +0.00000000E+00
+7.76866250E-01 -7.67637375E-01 +0.00000000E+00
+7.86095125E-01 -7.67637375E-01 +0.00000000E+00
+7.67637375E-01 -7.58408500E-01 +0.00000000E+00
+7.67637375E-01 -7.67637375E-01 +0.00000000E+00
+7.58408500E-01 -7.49179625E-01 +0.00000000E+00
+7.49179625E-01 -7.39950750E-01 +0.00000000E+00
+7.39950750E-01 -7.49179625E-01 +0.00000000E+00
+7.49179625E-01 -7.49179625E-01 +0.00000000E+00
+7.58408500E-01 -7.30721875E-01 +0.00000000E+00
+7.49179625E-01 -7.21493000E-01 +0.00000000E+00
+7.39950750E-01 -7.30721875E-01 +0.00000000E+00
+7.49179625E-01 -7.30721875E-01 +0.00000000E+00
+7.30721875E-01 -7.39950750E-01 +0.00000000E+00
+7.30721875E-01 -7.21493000E-01 +0.00000000E+00
+7.21493000E-01 -7.30721875E-01 +0.00000000E+00
+7.30721875E-01 -7.30721875E-01 +0.00000000E+00
+7.39950750E-01 -7.12264125E-01 +0.00000000E+00
+7.30721875E-01 -7.03035250E-01 +0.00000000E+00
+7.21493000E-01 -7.12264125E-01 +0.00000000E+00
+7.30721875E-01 -7.12264125E-01 +0.00000000E+00
+7.39950750E-01 -6.93806375E-01 +0.00000000E+00
+7.30721875E-01 -6.84577500E-01 +0.00000000E+00
+7.21493000E-01 -6.93806375E-01 +0.00000000E+00
+7.30721875E-01 -6.93806375E-01 +0.00000000E+00
+7.12264125E-01 -7.03035250E-01 +0.00000000E+00
+7.12264125E-01 -6.84577500E-01 +0.00000000E+00
+7.03035250E-01 -6.93806375E-01 +0.00000000E+00
+7.12264125E-01 -6.93806375E-01 +0.00000000E+00
+7.21493000E-01 -6.75348625E-01 +0.00000000E+00
+7.12264125E-01 -6.66119750E-01 +0.00000000E+00
+7.03035250E-01 -6.75348625E-01 +0.00000000E+00
+7.12264125E-01 -6.75348625E-01 +0.00000000E+00
+7.21493000E-01 -6.56890875E-01 +0.00000000E+00
+7.12264125E-01 -6.47662000E-01 +0.00000000E+00
+7.03035250E-01 -6.56890875E-01 +0.00000000E+00
+7.12264125E-01 -6.56890875E-01 +0.00000000E+00
+6.93806375E-01 -6.66119750E-01 +0.00000000E+00
+6.93806375E-01 -6.47662000E-01 +0.00000000E+00
+6.84577500E-01 -6.56890875E-01 +0.00000000E+00
+6.93806375E-01 -6.56890875E-01 +0.00000000E+00
+6.75348625E-01 -6.29204250E-01 +0.00000000E+00
+6.84577500E-01 -6.19975375E-01 +0.00000000E+00
+6.75348625E-01 -6.10746500E-01 +0.00000000E+00
+6.66119750E-01 -6.19975375E-01 +0.00000000E+00
+6.75348625E-01 -6.19975375E-01 +0.00000000E+00
+7.03035250E-01 -6.38433125E-01 +0.00000000E+00
+6.93806375E-01 -6.29204250E-01 +0.00000000E+00
+6.84577500E-01 -6.38433125E-01 +0.00000000E+00
+6.93806375E-01 -6.38433125E-01 +0.00000000E+00
+7.03035250E-01 -6.19975375E-01 +0.00000000E+00
+6.93806375E-01 -6.10746500E-01 +0.00000000E+00
+6.93806375E-01 -6.19975375E-01 +0.00000000E+00
+6.84577500E-01 -6.01517625E-01 +0.00000000E+00
+6.75348625E-01 -5.92288750E-01 +0.00000000E+00
+6.66119750E-01 -6.01517625E-01 +0.00000000E+00
+6.75348625E-01 -6.01517625E-01 +0.00000000E+00
+6.84577500E-01 -5.83059875E-01 +0.00000000E+00
+6.75348625E-01 -5.73831000E-01 +0.00000000E+00
+6.66119750E-01 -5.83059875E-01 +0.00000000E+00
+6.75348625E-01 -5.83059875E-01 +0.00000000E+00
+6.56890875E-01 -5.73831000E-01 +0.00000000E+00
+6.66119750E-01 -5.64602125E-01 +0.00000000E+00
+6.56890875E-01 -5.55373250E-01 +0.00000000E+00
+6.47662000E-01 -5.64602125E-01 +0.00000000E+00
+6.56890875E-01 -5.64602125E-01 +0.00000000E+00
+6.84577500E-01 -5.64602125E-01 +0.00000000E+00
+6.75348625E-01 -5.55373250E-01 +0.00000000E+00
+6.75348625E-01 -5.64602125E-01 +0.00000000E+00
+6.66119750E-01 -5.46144375E-01 +0.00000000E+00
+6.56890875E-01 -5.36915500E-01 +0.00000000E+00
+6.47662000E-01 -5.46144375E-01 +0.00000000E+00
+6.56890875E-01 -5.46144375E-01 +0.00000000E+00
+6.66119750E-01 -5.27686625E-01 +0.00000000E+00
+6.56890875E-01 -5.18457750E-01 +0.00000000E+00
+6.47662000E-01 -5.27686625E-01 +0.00000000E+00
+6.56890875E-01 -5.27686625E-01 +0.00000000E+00
+5.46144375E-01 -6.10746500E-01 +0.00000000E+00
+5.55373250E-01 -6.01517625E-01 +0.00000000E+00
+5.46144375E-01 -5.92288750E-01 +0.00000000E+00
+5.36915500E-01 -6.01517625E-01 +0.00000000E+00
+5.46144375E-01 -6.01517625E-01 +0.00000000E+00
+5.64602125E-01 -6.10746500E-01 +0.00000000E+00
+5.73831000E-01 -6.01517625E-01 +0.00000000E+00
+5.64602125E-01 -5.92288750E-01 +0.00000000E+00
+5.64602125E-01 -6.01517625E-01 +0.00000000E+00
+5.09228875E-01 -6.10746500E-01 +0.00000000E+00
+5.18457750E-01 -6.01517625E-01 +0.00000000E+00
+5.09228875E-01 -5.92288750E-01 +0.00000000E+00
+5.09228875E-01 -6.01517625E-01 +0.00000000E+00
+5.27686625E-01 -6.10746500E-01 +0.00000000E+00
+5.27686625E-01 -5.92288750E-01 +0.00000000E+00
+5.27686625E-01 -6.01517625E-01 +0.00000000E+00
+6.10746500E-01 -6.38433125E-01 +0.00000000E+00
+6.01517625E-01 -6.29204250E-01 +0.00000000E+00
+5.92288750E-01 -6.38433125E-01 +0.00000000E+00
+6.01517625E-01 -6.38433125E-01 +0.00000000E+00
+6.10746500E-01 -6.19975375E-01 +0.00000000E+00
+6.01517625E-01 -6.10746500E-01 +0.00000000E+00
+5.92288750E-01 -6.19975375E-01 +0.00000000E+00
+6.01517625E-01 -6.19975375E-01 +0.00000000E+00
+5.83059875E-01 -6.29204250E-01 +0.00000000E+00
+5.83059875E-01 -6.10746500E-01 +0.00000000E+00
+5.73831000E-01 -6.19975375E-01 +0.00000000E+00
+5.83059875E-01 -6.19975375E-01 +0.00000000E+00
+5.92288750E-01 -6.01517625E-01 +0.00000000E+00
+5.83059875E-01 -5.92288750E-01 +0.00000000E+00
+5.83059875E-01 -6.01517625E-01 +0.00000000E+00
+5.83059875E-01 -5.73831000E-01 +0.00000000E+00
+5.92288750E-01 -5.64602125E-01 +0.00000000E+00
+5.83059875E-01 -5.55373250E-01 +0.00000000E+00
+5.73831000E-01 -5.64602125E-01 +0.00000000E+00
+5.83059875E-01 -5.64602125E-01 +0.00000000E+00
+6.38433125E-01 -5.36915500E-01 +0.00000000E+00
+6.38433125E-01 -5.18457750E-01 +0.00000000E+00
+6.29204250E-01 -5.27686625E-01 +0.00000000E+00
+6.38433125E-01 -5.27686625E-01 +0.00000000E+00
+6.47662000E-01 -5.09228875E-01 +0.00000000E+00
+6.38433125E-01 -5.00000000E-01 +0.00000000E+00
+6.29204250E-01 -5.09228875E-01 +0.00000000E+00
+6.38433125E-01 -5.09228875E-01 +0.00000000E+00
+5.09228875E-01 -5.73831000E-01 +0.00000000E+00
+5.18457750E-01 -5.64602125E-01 +0.00000000E+00
+5.09228875E-01 -5.55373250E-01 +0.00000000E+00
+5.09228875E-01 -5.64602125E-01 +0.00000000E+00
+5.27686625E-01 -5.73831000E-01 +0.00000000E+00
+5.36915500E-01 -5.64602125E-01 +0.00000000E+00
+5.27686625E-01 -5.55373250E-01 +0.00000000E+00
+5.27686625E-01 -5.64602125E-01 +0.00000000E+00
+5.46144375E-01 -5.73831000E-01 +0.00000000E+00
+5.55373250E-01 -5.64602125E-01 +0.00000000E+00
+5.46144375E-01 -5.55373250E-01 +0.00000000E+00
+5.46144375E-01 -5.64602125E-01 +0.00000000E+00
+5.64602125E-01 -5.73831000E-01 +0.00000000E+00
+5.64602125E-01 -5.55373250E-01 +0.00000000E+00
+5.64602125E-01 -5.64602125E-01 +0.00000000E+00
+5.73831000E-01 -5.46144375E-01 +0.00000000E+00
+5.64602125E-01 -5.36915500E-01 +0.00000000E+00
+5.55373250E-01 -5.46144375E-01 +0.00000000E+00
+5.64602125E-01 -5.46144375E-01 +0.00000000E+00
+5.46144375E-01 -5.36915500E-01 +0.00000000E+00
+5.55373250E-01 -5.27686625E-01 +0.00000000E+00
+5.46144375E-01 -5.18457750E-01 +0.00000000E+00
+5.36915500E-01 -5.27686625E-01 +0.00000000E+00
+5.46144375E-01 -5.27686625E-01 +0.00000000E+00
+5.73831000E-01 -5.27686625E-01 +0.00000000E+00
+5.64602125E-01 -5.18457750E-01 +0.00000000E+00
+5.64602125E-01 -5.27686625E-01 +0.00000000E+00
+5.55373250E-01 -5.09228875E-01 +0.00000000E+00
+5.46144375E-01 -5.00000000E-01 +0.00000000E+00
+5.36915500E-01 -5.09228875E-01 +0.00000000E+00
+5.46144375E-01 -5.09228875E-01 +0.00000000E+00
+5.27686625E-01 -4.81542250E-01 +0.00000000E+00
+5.36915500E-01 -4.72313375E-01 +0.00000000E+00
+5.27686625E-01 -4.63084500E-01 +0.00000000E+00
+5.18457750E-01 -4.72313375E-01 +0.00000000E+00
+5.27686625E-01 -4.72313375E-01 +0.00000000E+00
+5.55373250E-01 -4.90771125E-01 +0.00000000E+00
+5.46144375E-01 -4.81542250E-01 +0.00000000E+00
+5.36915500E-01 -4.90771125E-01 +0.00000000E+00
+5.46144375E-01 -4.90771125E-01 +0.00000000E+00
+5.55373250E-01 -4.72313375E-01 +0.00000000E+00
+5.46144375E-01 -4.63084500E-01 +0.00000000E+00
+5.46144375E-01 -4.72313375E-01 +0.00000000E+00
+5.36915500E-01 -4.53855625E-01 +0.00000000E+00
+5.27686625E-01 -4.44626750E-01 +0.00000000E+00
+5.18457750E-01 -4.53855625E-01 +0.00000000E+00
+5.27686625E-01 -4.53855625E-01 +0.00000000E+00
+5.36915500E-01 -4.35397875E-01 +0.00000000E+00
+5.27686625E-01 -4.26169000E-01 +0.00000000E+00
+5.18457750E-01 -4.35397875E-01 +0.00000000E+00
+5.27686625E-01 -4.35397875E-01 +0.00000000E+00
+5.09228875E-01 -4.44626750E-01 +0.00000000E+00
+5.09228875E-01 -4.26169000E-01 +0.00000000E+00
+5.00000000E-01 -4.35397875E-01 +0.00000000E+00
+5.09228875E-01 -4.35397875E-01 +0.00000000E+00
+6.19975375E-01 -5.00000000E-01 +0.00000000E+00
+6.29204250E-01 -4.90771125E-01 +0.00000000E+00
+6.19975375E-01 -4.81542250E-01 +0.00000000E+00
+6.10746500E-01 -4.90771125E-01 +0.00000000E+00
+6.19975375E-01 -4.90771125E-01 +0.00000000E+00
+6.47662000E-01 -4.90771125E-01 +0.00000000E+00
+6.38433125E-01 -4.81542250E-01 +0.00000000E+00
+6.38433125E-01 -4.90771125E-01 +0.00000000E+00
+6.29204250E-01 -4.72313375E-01 +0.00000000E+00
+6.19975375E-01 -4.63084500E-01 +0.00000000E+00
+6.10746500E-01 -4.72313375E-01 +0.00000000E+00
+6.19975375E-01 -4.72313375E-01 +0.00000000E+00
+6.29204250E-01 -4.53855625E-01 +0.00000000E+00
+6.19975375E-01 -4.44626750E-01 +0.00000000E+00
+6.10746500E-01 -4.53855625E-01 +0.00000000E+00
+6.19975375E-01 -4.53855625E-01 +0.00000000E+00
+6.01517625E-01 -4.63084500E-01 +0.00000000E+00
+6.01517625E-01 -4.44626750E-01 +0.00000000E+00
+5.92288750E-01 -4.53855625E-01 +0.00000000E+00
+6.01517625E-01 -4.53855625E-01 +0.00000000E+00
+6.10746500E-01 -4.35397875E-01 +0.00000000E+00
+6.01517625E-01 -4.26169000E-01 +0.00000000E+00
+5.92288750E-01 -4.35397875E-01 +0.00000000E+00
+6.01517625E-01 -4.35397875E-01 +0.00000000E+00
+6.10746500E-01 -4.16940125E-01 +0.00000000E+00
+6.01517625E-01 -4.07711250E-01 +0.00000000E+00
+5.92288750E-01 -4.16940125E-01 +0.00000000E+00
+6.01517625E-01 -4.16940125E-01 +0.00000000E+00
+6.10746500E-01 -3.98482375E-01 +0.00000000E+00
+6.01517625E-01 -3.89253500E-01 +0.00000000E+00
+5.92288750E-01 -3.98482375E-01 +0.00000000E+00
+6.01517625E-01 -3.98482375E-01 +0.00000000E+00
+5.83059875E-01 -4.07711250E-01 +0.00000000E+00
+5.83059875E-01 -3.89253500E-01 +0.00000000E+00
+5.73831000E-01 -3.98482375E-01 +0.00000000E+00
+5.83059875E-01 -3.98482375E-01 +0.00000000E+00
+5.92288750E-01 -3.80024625E-01 +0.00000000E+00
+5.83059875E-01 -3.70795750E-01 +0.00000000E+00
+5.73831000E-01 -3.80024625E-01 +0.00000000E+00
+5.83059875E-01 -3.80024625E-01 +0.00000000E+00
+5.92288750E-01 -3.61566875E-01 +0.00000000E+00
+5.83059875E-01 -3.52338000E-01 +0.00000000E+00
+5.73831000E-01 -3.61566875E-01 +0.00000000E+00
+5.83059875E-01 -3.61566875E-01 +0.00000000E+00
+5.18457750E-01 -4.16940125E-01 +0.00000000E+00
+5.09228875E-01 -4.07711250E-01 +0.00000000E+00
+5.00000000E-01 -4.16940125E-01 +0.00000000E+00
+5.09228875E-01 -4.16940125E-01 +0.00000000E+00
+5.18457750E-01 -3.98482375E-01 +0.00000000E+00
+5.09228875E-01 -3.89253500E-01 +0.00000000E+00
+5.00000000E-01 -3.98482375E-01 +0.00000000E+00
+5.09228875E-01 -3.98482375E-01 +0.00000000E+00
+5.64602125E-01 -3.70795750E-01 +0.00000000E+00
+5.64602125E-01 -3.52338000E-01 +0.00000000E+00
+5.55373250E-01 -3.61566875E-01 +0.00000000E+00
+5.64602125E-01 -3.61566875E-01 +0.00000000E+00
+5.73831000E-01 -3.43109125E-01 +0.00000000E+00
+5.64602125E-01 -3.33880250E-01 +0.00000000E+00
+5.55373250E-01 -3.43109125E-01 +0.00000000E+00
+5.64602125E-01 -3.43109125E-01 +0.00000000E+00
+5.73831000E-01 -3.24651375E-01 +0.00000000E+00
+5.64602125E-01 -3.15422500E-01 +0.00000000E+00
+5.55373250E-01 -3.24651375E-01 +0.00000000E+00
+5.64602125E-01 -3.24651375E-01 +0.00000000E+00
+5.46144375E-01 -3.33880250E-01 +0.00000000E+00
+5.46144375E-01 -3.15422500E-01 +0.00000000E+00
+5.36915500E-01 -3.24651375E-01 +0.00000000E+00
+5.46144375E-01 -3.24651375E-01 +0.00000000E+00
+5.55373250E-01 -3.06193625E-01 +0.00000000E+00
+5.46144375E-01 -2.96964750E-01 +0.00000000E+00
+5.36915500E-01 -3.06193625E-01 +0.00000000E+00
+5.46144375E-01 -3.06193625E-01 +0.00000000E+00
+5.55373250E-01 -2.87735875E-01 +0.00000000E+00
+5.46144375E-01 -2.78507000E-01 +0.00000000E+00
+5.36915500E-01 -2.87735875E-01 +0.00000000E+00
+5.46144375E-01 -2.87735875E-01 +0.00000000E+00
+5.27686625E-01 -2.96964750E-01 +0.00000000E+00
+5.27686625E-01 -2.78507000E-01 +0.00000000E+00
+5.18457750E-01 -2.87735875E-01 +0.00000000E+00
+5.27686625E-01 -2.87735875E-01 +0.00000000E+00
+5.36915500E-01 -2.69278125E-01 +0.00000000E+00
+5.27686625E-01 -2.60049250E-01 +0.00000000E+00
+5.18457750E-01 -2.69278125E-01 +0.00000000E+00
+5.27686625E-01 -2.69278125E-01 +0.00000000E+00
+5.36915500E-01 -2.50820375E-01 +0.00000000E+00
+5.27686625E-01 -2.41591500E-01 +0.00000000E+00
+5.18457750E-01 -2.50820375E-01 +0.00000000E+00
+5.27686625E-01 -2.50820375E-01 +0.00000000E+00
+5.09228875E-01 -2.41591500E-01 +0.00000000E+00
+5.18457750E-01 -2.32362625E-01 +0.00000000E+00
+5.09228875E-01 -2.23133750E-01 +0.00000000E+00
+5.00000000E-01 -2.32362625E-01 +0.00000000E+00
+5.09228875E-01 -2.32362625E-01 +0.00000000E+00
+5.36915500E-01 -2.32362625E-01 +0.00000000E+00
+5.27686625E-01 -2.23133750E-01 +0.00000000E+00
+5.27686625E-01 -2.32362625E-01 +0.00000000E+00
+5.18457750E-01 -2.13904875E-01 +0.00000000E+00
+5.09228875E-01 -2.04676000E-01 +0.00000000E+00
+5.00000000E-01 -2.13904875E-01 +0.00000000E+00
+5.09228875E-01 -2.13904875E-01 +0.00000000E+00
+3.70795750E-01 -4.90771125E-01 +0.00000000E+00
+3.61566875E-01 -4.81542250E-01 +0.00000000E+00
+3.52338000E-01 -4.90771125E-01 +0.00000000E+00
+3.61566875E-01 -4.90771125E-01 +0.00000000E+00
+3.80024625E-01 -5.00000000E-01 +0.00000000E+00
+3.89253500E-01 -4.90771125E-01 +0.00000000E+00
+3.80024625E-01 -4.81542250E-01 +0.00000000E+00
+3.80024625E-01 -4.90771125E-01 +0.00000000E+00
+3.89253500E-01 -4.72313375E-01 +0.00000000E+00
+3.80024625E-01 -4.63084500E-01 +0.00000000E+00
+3.70795750E-01 -4.72313375E-01 +0.00000000E+00
+3.80024625E-01 -4.72313375E-01 +0.00000000E+00
+4.07711250E-01 -4.90771125E-01 +0.00000000E+00
+3.98482375E-01 -4.81542250E-01 +0.00000000E+00
+3.98482375E-01 -4.90771125E-01 +0.00000000E+00
+4.16940125E-01 -5.00000000E-01 +0.00000000E+00
+4.26169000E-01 -4.90771125E-01 +0.00000000E+00
+4.16940125E-01 -4.81542250E-01 +0.00000000E+00
+4.16940125E-01 -4.90771125E-01 +0.00000000E+00
+4.26169000E-01 -4.72313375E-01 +0.00000000E+00
+4.16940125E-01 -4.63084500E-01 +0.00000000E+00
+4.07711250E-01 -4.72313375E-01 +0.00000000E+00
+4.16940125E-01 -4.72313375E-01 +0.00000000E+00
+4.26169000E-01 -4.53855625E-01 +0.00000000E+00
+4.16940125E-01 -4.44626750E-01 +0.00000000E+00
+4.07711250E-01 -4.53855625E-01 +0.00000000E+00
+4.16940125E-01 -4.53855625E-01 +0.00000000E+00
+3.98482375E-01 -4.44626750E-01 +0.00000000E+00
+4.07711250E-01 -4.35397875E-01 +0.00000000E+00
+3.98482375E-01 -4.26169000E-01 +0.00000000E+00
+3.89253500E-01 -4.35397875E-01 +0.00000000E+00
+3.98482375E-01 -4.35397875E-01 +0.00000000E+00
+3.89253500E-01 -4.53855625E-01 +0.00000000E+00
+3.80024625E-01 -4.44626750E-01 +0.00000000E+00
+3.70795750E-01 -4.53855625E-01 +0.00000000E+00
+3.80024625E-01 -4.53855625E-01 +0.00000000E+00
+3.80024625E-01 -4.26169000E-01 +0.00000000E+00
+3.70795750E-01 -4.35397875E-01 +0.00000000E+00
+3.80024625E-01 -4.35397875E-01 +0.00000000E+00
+4.35397875E-01 -4.63084500E-01 +0.00000000E+00
+4.44626750E-01 -4.53855625E-01 +0.00000000E+00
+4.35397875E-01 -4.44626750E-01 +0.00000000E+00
+4.35397875E-01 -4.53855625E-01 +0.00000000E+00
+4.44626750E-01 -4.35397875E-01 +0.00000000E+00
+4.35397875E-01 -4.26169000E-01 +0.00000000E+00
+4.26169000E-01 -4.35397875E-01 +0.00000000E+00
+4.35397875E-01 -4.35397875E-01 +0.00000000E+00
+4.44626750E-01 -4.16940125E-01 +0.00000000E+00
+4.35397875E-01 -4.07711250E-01 +0.00000000E+00
+4.26169000E-01 -4.16940125E-01 +0.00000000E+00
+4.35397875E-01 -4.16940125E-01 +0.00000000E+00
+4.53855625E-01 -4.07711250E-01 +0.00000000E+00
+4.63084500E-01 -3.98482375E-01 +0.00000000E+00
+4.53855625E-01 -3.89253500E-01 +0.00000000E+00
+4.44626750E-01 -3.98482375E-01 +0.00000000E+00
+4.53855625E-01 -3.98482375E-01 +0.00000000E+00
+4.35397875E-01 -3.89253500E-01 +0.00000000E+00
+4.26169000E-01 -3.98482375E-01 +0.00000000E+00
+4.35397875E-01 -3.98482375E-01 +0.00000000E+00
+4.90771125E-01 -4.07711250E-01 +0.00000000E+00
+4.90771125E-01 -3.89253500E-01 +0.00000000E+00
+4.81542250E-01 -3.98482375E-01 +0.00000000E+00
+4.90771125E-01 -3.98482375E-01 +0.00000000E+00
+5.00000000E-01 -3.80024625E-01 +0.00000000E+00
+4.90771125E-01 -3.70795750E-01 +0.00000000E+00
+4.81542250E-01 -3.80024625E-01 +0.00000000E+00
+4.90771125E-01 -3.80024625E-01 +0.00000000E+00
+5.00000000E-01 -3.61566875E-01 +0.00000000E+00
+4.90771125E-01 -3.52338000E-01 +0.00000000E+00
+4.81542250E-01 -3.61566875E-01 +0.00000000E+00
+4.90771125E-01 -3.61566875E-01 +0.00000000E+00
+4.72313375E-01 -3.70795750E-01 +0.00000000E+00
+4.72313375E-01 -3.52338000E-01 +0.00000000E+00
+4.63084500E-01 -3.61566875E-01 +0.00000000E+00
+4.72313375E-01 -3.61566875E-01 +0.00000000E+00
+4.63084500E-01 -3.80024625E-01 +0.00000000E+00
+4.53855625E-01 -3.70795750E-01 +0.00000000E+00
+4.44626750E-01 -3.80024625E-01 +0.00000000E+00
+4.53855625E-01 -3.80024625E-01 +0.00000000E+00
+4.53855625E-01 -3.52338000E-01 +0.00000000E+00
+4.44626750E-01 -3.61566875E-01 +0.00000000E+00
+4.53855625E-01 -3.61566875E-01 +0.00000000E+00
+4.35397875E-01 -3.70795750E-01 +0.00000000E+00
+4.35397875E-01 -3.52338000E-01 +0.00000000E+00
+4.26169000E-01 -3.61566875E-01 +0.00000000E+00
+4.35397875E-01 -3.61566875E-01 +0.00000000E+00
+4.07711250E-01 -4.16940125E-01 +0.00000000E+00
+3.98482375E-01 -4.07711250E-01 +0.00000000E+00
+3.89253500E-01 -4.16940125E-01 +0.00000000E+00
+3.98482375E-01 -4.16940125E-01 +0.00000000E+00
+4.16940125E-01 -4.07711250E-01 +0.00000000E+00
+4.16940125E-01 -3.89253500E-01 +0.00000000E+00
+4.07711250E-01 -3.98482375E-01 +0.00000000E+00
+4.16940125E-01 -3.98482375E-01 +0.00000000E+00
+3.98482375E-01 -3.89253500E-01 +0.00000000E+00
+3.89253500E-01 -3.98482375E-01 +0.00000000E+00
+3.98482375E-01 -3.98482375E-01 +0.00000000E+00
+4.26169000E-01 -3.80024625E-01 +0.00000000E+00
+4.16940125E-01 -3.70795750E-01 +0.00000000E+00
+4.07711250E-01 -3.80024625E-01 +0.00000000E+00
+4.16940125E-01 -3.80024625E-01 +0.00000000E+00
+4.16940125E-01 -3.52338000E-01 +0.00000000E+00
+4.07711250E-01 -3.61566875E-01 +0.00000000E+00
+4.16940125E-01 -3.61566875E-01 +0.00000000E+00
+4.44626750E-01 -3.43109125E-01 +0.00000000E+00
+4.35397875E-01 -3.33880250E-01 +0.00000000E+00
+4.26169000E-01 -3.43109125E-01 +0.00000000E+00
+4.35397875E-01 -3.43109125E-01 +0.00000000E+00
+4.44626750E-01 -3.24651375E-01 +0.00000000E+00
+4.35397875E-01 -3.15422500E-01 +0.00000000E+00
+4.26169000E-01 -3.24651375E-01 +0.00000000E+00
+4.35397875E-01 -3.24651375E-01 +0.00000000E+00
+4.81542250E-01 -3.43109125E-01 +0.00000000E+00
+4.72313375E-01 -3.33880250E-01 +0.00000000E+00
+4.63084500E-01 -3.43109125E-01 +0.00000000E+00
+4.72313375E-01 -3.43109125E-01 +0.00000000E+00
+5.00000000E-01 -3.43109125E-01 +0.00000000E+00
+4.90771125E-01 -3.33880250E-01 +0.00000000E+00
+4.90771125E-01 -3.43109125E-01 +0.00000000E+00
+4.81542250E-01 -3.24651375E-01 +0.00000000E+00
+4.72313375E-01 -3.15422500E-01 +0.00000000E+00
+4.63084500E-01 -3.24651375E-01 +0.00000000E+00
+4.72313375E-01 -3.24651375E-01 +0.00000000E+00
+4.44626750E-01 -3.06193625E-01 +0.00000000E+00
+4.35397875E-01 -2.96964750E-01 +0.00000000E+00
+4.26169000E-01 -3.06193625E-01 +0.00000000E+00
+4.35397875E-01 -3.06193625E-01 +0.00000000E+00
+4.53855625E-01 -3.15422500E-01 +0.00000000E+00
+4.63084500E-01 -3.06193625E-01 +0.00000000E+00
+4.53855625E-01 -2.96964750E-01 +0.00000000E+00
+4.53855625E-01 -3.06193625E-01 +0.00000000E+00
+4.63084500E-01 -2.87735875E-01 +0.00000000E+00
+4.53855625E-01 -2.78507000E-01 +0.00000000E+00
+4.44626750E-01 -2.87735875E-01 +0.00000000E+00
+4.53855625E-01 -2.87735875E-01 +0.00000000E+00
+4.63084500E-01 -2.69278125E-01 +0.00000000E+00
+4.53855625E-01 -2.60049250E-01 +0.00000000E+00
+4.44626750E-01 -2.69278125E-01 +0.00000000E+00
+4.53855625E-01 -2.69278125E-01 +0.00000000E+00
+4.72313375E-01 -2.78507000E-01 +0.00000000E+00
+4.81542250E-01 -2.69278125E-01 +0.00000000E+00
+4.72313375E-01 -2.60049250E-01 +0.00000000E+00
+4.72313375E-01 -2.69278125E-01 +0.00000000E+00
+4.81542250E-01 -2.50820375E-01 +0.00000000E+00
+4.72313375E-01 -2.41591500E-01 +0.00000000E+00
+4.63084500E-01 -2.50820375E-01 +0.00000000E+00
+4.72313375E-01 -2.50820375E-01 +0.00000000E+00
+4.81542250E-01 -2.32362625E-01 +0.00000000E+00
+4.72313375E-01 -2.23133750E-01 +0.00000000E+00
+4.63084500E-01 -2.32362625E-01 +0.00000000E+00
+4.72313375E-01 -2.32362625E-01 +0.00000000E+00
+4.90771125E-01 -2.41591500E-01 +0.00000000E+00
+4.90771125E-01 -2.23133750E-01 +0.00000000E+00
+4.90771125E-01 -2.32362625E-01 +0.00000000E+00
+4.90771125E-01 -2.04676000E-01 +0.00000000E+00
+4.81542250E-01 -2.13904875E-01 +0.00000000E+00
+4.90771125E-01 -2.13904875E-01 +0.00000000E+00
+8.04552875E-01 -7.95324000E-01 +0.00000000E+00
+8.13781750E-01 -7.86095125E-01 +0.00000000E+00
+8.04552875E-01 -7.76866250E-01 +0.00000000E+00
+8.04552875E-01 -7.86095125E-01 +0.00000000E+00
+8.13781750E-01 -7.67637375E-01 +0.00000000E+00
+8.04552875E-01 -7.58408500E-01 +0.00000000E+00
+8.04552875E-01 -7.67637375E-01 +0.00000000E+00
+2.00061563E-01 -7.95324000E-01 +0.00000000E+00
+2.04676000E-01 -7.90709562E-01 +0.00000000E+00
+2.00061563E-01 -7.86095125E-01 +0.00000000E+00
+1.95447125E-01 -7.90709562E-01 +0.00000000E+00
+2.00061563E-01 -7.90709562E-01 +0.00000000E+00
+2.04676000E-01 -7.81480687E-01 +0.00000000E+00
+2.00061563E-01 -7.76866250E-01 +0.00000000E+00
+1.95447125E-01 -7.81480687E-01 +0.00000000E+00
+2.00061563E-01 -7.81480687E-01 +0.00000000E+00
+2.04676000E-01 -7.72251812E-01 +0.00000000E+00
+2.00061563E-01 -7.67637375E-01 +0.00000000E+00
+1.95447125E-01 -7.72251812E-01 +0.00000000E+00
+2.00061563E-01 -7.72251812E-01 +0.00000000E+00
+2.09290438E-01 -7.95324000E-01 +0.00000000E+00
+2.13904875E-01 -7.90709562E-01 +0.00000000E+00
+2.09290438E-01 -7.86095125E-01 +0.00000000E+00
+2.09290438E-01 -7.90709562E-01 +0.00000000E+00
+2.18519313E-01 -7.95324000E-01 +0.00000000E+00
+2.23133750E-01 -7.90709562E-01 +0.00000000E+00
+2.18519313E-01 -7.86095125E-01 +0.00000000E+00
+2.18519313E-01 -7.90709562E-01 +0.00000000E+00
+2.27748188E-01 -7.95324000E-01 +0.00000000E+00
+2.32362625E-01 -7.90709562E-01 +0.00000000E+00
+2.27748188E-01 -7.86095125E-01 +0.00000000E+00
+2.27748188E-01 -7.90709562E-01 +0.00000000E+00
+2.36977063E-01 -7.95324000E-01 +0.00000000E+00
+2.41591500E-01 -7.90709562E-01 +0.00000000E+00
+2.36977063E-01 -7.86095125E-01 +0.00000000E+00
+2.36977063E-01 -7.90709562E-01 +0.00000000E+00
+2.27748188E-01 -7.76866250E-01 +0.00000000E+00
+2.32362625E-01 -7.72251812E-01 +0.00000000E+00
+2.27748188E-01 -7.67637375E-01 +0.00000000E+00
+2.23133750E-01 -7.72251812E-01 +0.00000000E+00
+2.27748188E-01 -7.72251812E-01 +0.00000000E+00
+2.36977063E-01 -7.67637375E-01 +0.00000000E+00
+2.41591500E-01 -7.63022937E-01 +0.00000000E+00
+2.36977063E-01 -7.58408500E-01 +0.00000000E+00
+2.32362625E-01 -7.63022937E-01 +0.00000000E+00
+2.36977063E-01 -7.63022937E-01 +0.00000000E+00
+2.27748188E-01 -7.58408500E-01 +0.00000000E+00
+2.23133750E-01 -7.63022937E-01 +0.00000000E+00
+2.27748188E-01 -7.63022937E-01 +0.00000000E+00
+2.09290438E-01 -7.76866250E-01 +0.00000000E+00
+2.13904875E-01 -7.72251812E-01 +0.00000000E+00
+2.09290438E-01 -7.67637375E-01 +0.00000000E+00
+2.09290438E-01 -7.72251812E-01 +0.00000000E+00
+2.18519313E-01 -7.76866250E-01 +0.00000000E+00
+2.18519313E-01 -7.67637375E-01 +0.00000000E+00
+2.18519313E-01 -7.72251812E-01 +0.00000000E+00
+2.46205937E-01 -7.95324000E-01 +0.00000000E+00
+2.50820375E-01 -7.90709562E-01 +0.00000000E+00
+2.46205937E-01 -7.86095125E-01 +0.00000000E+00
+2.46205937E-01 -7.90709562E-01 +0.00000000E+00
+2.55434812E-01 -7.95324000E-01 +0.00000000E+00
+2.60049250E-01 -7.90709562E-01 +0.00000000E+00
+2.55434812E-01 -7.86095125E-01 +0.00000000E+00
+2.55434812E-01 -7.90709562E-01 +0.00000000E+00
+2.64663688E-01 -7.95324000E-01 +0.00000000E+00
+2.69278125E-01 -7.90709562E-01 +0.00000000E+00
+2.64663688E-01 -7.86095125E-01 +0.00000000E+00
+2.64663688E-01 -7.90709562E-01 +0.00000000E+00
+2.73892563E-01 -7.95324000E-01 +0.00000000E+00
+2.78507000E-01 -7.90709562E-01 +0.00000000E+00
+2.73892563E-01 -7.86095125E-01 +0.00000000E+00
+2.73892563E-01 -7.90709562E-01 +0.00000000E+00
+2.46205937E-01 -7.67637375E-01 +0.00000000E+00
+2.50820375E-01 -7.63022937E-01 +0.00000000E+00
+2.46205937E-01 -7.58408500E-01 +0.00000000E+00
+2.46205937E-01 -7.63022937E-01 +0.00000000E+00
+2.50820375E-01 -7.53794062E-01 +0.00000000E+00
+2.46205937E-01 -7.49179625E-01 +0.00000000E+00
+2.41591500E-01 -7.53794062E-01 +0.00000000E+00
+2.46205937E-01 -7.53794062E-01 +0.00000000E+00
+2.55434812E-01 -7.49179625E-01 +0.00000000E+00
+2.60049250E-01 -7.44565188E-01 +0.00000000E+00
+2.55434812E-01 -7.39950750E-01 +0.00000000E+00
+2.50820375E-01 -7.44565188E-01 +0.00000000E+00
+2.55434812E-01 -7.44565188E-01 +0.00000000E+00
+2.46205937E-01 -7.39950750E-01 +0.00000000E+00
+2.41591500E-01 -7.44565188E-01 +0.00000000E+00
+2.46205937E-01 -7.44565188E-01 +0.00000000E+00
+2.64663688E-01 -7.39950750E-01 +0.00000000E+00
+2.69278125E-01 -7.35336312E-01 +0.00000000E+00
+2.64663688E-01 -7.30721875E-01 +0.00000000E+00
+2.60049250E-01 -7.35336312E-01 +0.00000000E+00
+2.64663688E-01 -7.35336312E-01 +0.00000000E+00
+2.69278125E-01 -7.26107437E-01 +0.00000000E+00
+2.64663688E-01 -7.21493000E-01 +0.00000000E+00
+2.60049250E-01 -7.26107437E-01 +0.00000000E+00
+2.64663688E-01 -7.26107437E-01 +0.00000000E+00
+2.55434812E-01 -7.30721875E-01 +0.00000000E+00
+2.50820375E-01 -7.35336312E-01 +0.00000000E+00
+2.55434812E-01 -7.35336312E-01 +0.00000000E+00
+2.83121437E-01 -7.95324000E-01 +0.00000000E+00
+2.87735875E-01 -7.90709562E-01 +0.00000000E+00
+2.83121437E-01 -7.86095125E-01 +0.00000000E+00
+2.83121437E-01 -7.90709562E-01 +0.00000000E+00
+2.92350312E-01 -7.95324000E-01 +0.00000000E+00
+2.96964750E-01 -7.90709562E-01 +0.00000000E+00
+2.92350312E-01 -7.86095125E-01 +0.00000000E+00
+2.92350312E-01 -7.90709562E-01 +0.00000000E+00
+3.01579188E-01 -7.95324000E-01 +0.00000000E+00
+3.06193625E-01 -7.90709562E-01 +0.00000000E+00
+3.01579188E-01 -7.86095125E-01 +0.00000000E+00
+3.01579188E-01 -7.90709562E-01 +0.00000000E+00
+3.10808063E-01 -7.95324000E-01 +0.00000000E+00
+3.15422500E-01 -7.90709562E-01 +0.00000000E+00
+3.10808063E-01 -7.86095125E-01 +0.00000000E+00
+3.10808063E-01 -7.90709562E-01 +0.00000000E+00
+3.20036937E-01 -7.95324000E-01 +0.00000000E+00
+3.24651375E-01 -7.90709562E-01 +0.00000000E+00
+3.20036937E-01 -7.86095125E-01 +0.00000000E+00
+3.20036937E-01 -7.90709562E-01 +0.00000000E+00
+3.29265812E-01 -7.95324000E-01 +0.00000000E+00
+3.33880250E-01 -7.90709562E-01 +0.00000000E+00
+3.29265812E-01 -7.86095125E-01 +0.00000000E+00
+3.29265812E-01 -7.90709562E-01 +0.00000000E+00
+3.38494688E-01 -7.95324000E-01 +0.00000000E+00
+3.43109125E-01 -7.90709562E-01 +0.00000000E+00
+3.38494688E-01 -7.86095125E-01 +0.00000000E+00
+3.38494688E-01 -7.90709562E-01 +0.00000000E+00
+3.47723563E-01 -7.95324000E-01 +0.00000000E+00
+3.52338000E-01 -7.90709562E-01 +0.00000000E+00
+3.47723563E-01 -7.86095125E-01 +0.00000000E+00
+3.47723563E-01 -7.90709562E-01 +0.00000000E+00
+3.38494688E-01 -7.76866250E-01 +0.00000000E+00
+3.43109125E-01 -7.72251812E-01 +0.00000000E+00
+3.38494688E-01 -7.67637375E-01 +0.00000000E+00
+3.33880250E-01 -7.72251812E-01 +0.00000000E+00
+3.38494688E-01 -7.72251812E-01 +0.00000000E+00
+3.47723563E-01 -7.76866250E-01 +0.00000000E+00
+3.52338000E-01 -7.72251812E-01 +0.00000000E+00
+3.47723563E-01 -7.67637375E-01 +0.00000000E+00
+3.47723563E-01 -7.72251812E-01 +0.00000000E+00
+3.29265812E-01 -7.76866250E-01 +0.00000000E+00
+3.29265812E-01 -7.67637375E-01 +0.00000000E+00
+3.24651375E-01 -7.72251812E-01 +0.00000000E+00
+3.29265812E-01 -7.72251812E-01 +0.00000000E+00
+3.33880250E-01 -7.63022937E-01 +0.00000000E+00
+3.29265812E-01 -7.58408500E-01 +0.00000000E+00
+3.24651375E-01 -7.63022937E-01 +0.00000000E+00
+3.29265812E-01 -7.63022937E-01 +0.00000000E+00
+3.20036937E-01 -7.67637375E-01 +0.00000000E+00
+3.20036937E-01 -7.58408500E-01 +0.00000000E+00
+3.15422500E-01 -7.63022937E-01 +0.00000000E+00
+3.20036937E-01 -7.63022937E-01 +0.00000000E+00
+3.24651375E-01 -7.53794062E-01 +0.00000000E+00
+3.20036937E-01 -7.49179625E-01 +0.00000000E+00
+3.15422500E-01 -7.53794062E-01 +0.00000000E+00
+3.20036937E-01 -7.53794062E-01 +0.00000000E+00
+3.20036937E-01 -7.30721875E-01 +0.00000000E+00
+3.24651375E-01 -7.26107437E-01 +0.00000000E+00
+3.20036937E-01 -7.21493000E-01 +0.00000000E+00
+3.15422500E-01 -7.26107437E-01 +0.00000000E+00
+3.20036937E-01 -7.26107437E-01 +0.00000000E+00
+3.10808063E-01 -7.58408500E-01 +0.00000000E+00
+3.10808063E-01 -7.49179625E-01 +0.00000000E+00
+3.06193625E-01 -7.53794062E-01 +0.00000000E+00
+3.10808063E-01 -7.53794062E-01 +0.00000000E+00
+3.15422500E-01 -7.44565188E-01 +0.00000000E+00
+3.10808063E-01 -7.39950750E-01 +0.00000000E+00
+3.06193625E-01 -7.44565188E-01 +0.00000000E+00
+3.10808063E-01 -7.44565188E-01 +0.00000000E+00
+3.15422500E-01 -7.35336312E-01 +0.00000000E+00
+3.10808063E-01 -7.30721875E-01 +0.00000000E+00
+3.06193625E-01 -7.35336312E-01 +0.00000000E+00
+3.10808063E-01 -7.35336312E-01 +0.00000000E+00
+3.10808063E-01 -7.21493000E-01 +0.00000000E+00
+3.06193625E-01 -7.26107437E-01 +0.00000000E+00
+3.10808063E-01 -7.26107437E-01 +0.00000000E+00
+2.83121437E-01 -7.03035250E-01 +0.00000000E+00
+2.87735875E-01 -6.98420812E-01 +0.00000000E+00
+2.83121437E-01 -6.93806375E-01 +0.00000000E+00
+2.78507000E-01 -6.98420812E-01 +0.00000000E+00
+2.83121437E-01 -6.98420812E-01 +0.00000000E+00
+2.87735875E-01 -6.89191937E-01 +0.00000000E+00
+2.83121437E-01 -6.84577500E-01 +0.00000000E+00
+2.78507000E-01 -6.89191937E-01 +0.00000000E+00
+2.83121437E-01 -6.89191937E-01 +0.00000000E+00
+3.24651375E-01 -7.16878562E-01 +0.00000000E+00
+3.20036937E-01 -7.12264125E-01 +0.00000000E+00
+3.15422500E-01 -7.16878562E-01 +0.00000000E+00
+3.20036937E-01 -7.16878562E-01 +0.00000000E+00
+3.24651375E-01 -7.07649687E-01 +0.00000000E+00
+3.20036937E-01 -7.03035250E-01 +0.00000000E+00
+3.15422500E-01 -7.07649687E-01 +0.00000000E+00
+3.20036937E-01 -7.07649687E-01 +0.00000000E+00
+3.24651375E-01 -6.98420812E-01 +0.00000000E+00
+3.20036937E-01 -6.93806375E-01 +0.00000000E+00
+3.15422500E-01 -6.98420812E-01 +0.00000000E+00
+3.20036937E-01 -6.98420812E-01 +0.00000000E+00
+3.29265812E-01 -6.93806375E-01 +0.00000000E+00
+3.33880250E-01 -6.89191937E-01 +0.00000000E+00
+3.29265812E-01 -6.84577500E-01 +0.00000000E+00
+3.24651375E-01 -6.89191937E-01 +0.00000000E+00
+3.29265812E-01 -6.89191937E-01 +0.00000000E+00
+3.20036937E-01 -6.84577500E-01 +0.00000000E+00
+3.15422500E-01 -6.89191937E-01 +0.00000000E+00
+3.20036937E-01 -6.89191937E-01 +0.00000000E+00
+3.33880250E-01 -6.79963062E-01 +0.00000000E+00
+3.29265812E-01 -6.75348625E-01 +0.00000000E+00
+3.24651375E-01 -6.79963062E-01 +0.00000000E+00
+3.29265812E-01 -6.79963062E-01 +0.00000000E+00
+3.33880250E-01 -6.70734188E-01 +0.00000000E+00
+3.29265812E-01 -6.66119750E-01 +0.00000000E+00
+3.24651375E-01 -6.70734188E-01 +0.00000000E+00
+3.29265812E-01 -6.70734188E-01 +0.00000000E+00
+3.38494688E-01 -6.75348625E-01 +0.00000000E+00
+3.43109125E-01 -6.70734188E-01 +0.00000000E+00
+3.38494688E-01 -6.66119750E-01 +0.00000000E+00
+3.38494688E-01 -6.70734188E-01 +0.00000000E+00
+3.43109125E-01 -6.61505312E-01 +0.00000000E+00
+3.38494688E-01 -6.56890875E-01 +0.00000000E+00
+3.33880250E-01 -6.61505312E-01 +0.00000000E+00
+3.38494688E-01 -6.61505312E-01 +0.00000000E+00
+3.47723563E-01 -6.56890875E-01 +0.00000000E+00
+3.52338000E-01 -6.52276437E-01 +0.00000000E+00
+3.47723563E-01 -6.47662000E-01 +0.00000000E+00
+3.43109125E-01 -6.52276437E-01 +0.00000000E+00
+3.47723563E-01 -6.52276437E-01 +0.00000000E+00
+3.38494688E-01 -6.47662000E-01 +0.00000000E+00
+3.33880250E-01 -6.52276437E-01 +0.00000000E+00
+3.38494688E-01 -6.52276437E-01 +0.00000000E+00
+2.87735875E-01 -6.79963062E-01 +0.00000000E+00
+2.83121437E-01 -6.75348625E-01 +0.00000000E+00
+2.78507000E-01 -6.79963062E-01 +0.00000000E+00
+2.83121437E-01 -6.79963062E-01 +0.00000000E+00
+2.92350312E-01 -6.84577500E-01 +0.00000000E+00
+2.96964750E-01 -6.79963062E-01 +0.00000000E+00
+2.92350312E-01 -6.75348625E-01 +0.00000000E+00
+2.92350312E-01 -6.79963062E-01 +0.00000000E+00
+2.96964750E-01 -6.70734188E-01 +0.00000000E+00
+2.92350312E-01 -6.66119750E-01 +0.00000000E+00
+2.87735875E-01 -6.70734188E-01 +0.00000000E+00
+2.92350312E-01 -6.70734188E-01 +0.00000000E+00
+3.01579188E-01 -6.56890875E-01 +0.00000000E+00
+3.06193625E-01 -6.52276437E-01 +0.00000000E+00
+3.01579188E-01 -6.47662000E-01 +0.00000000E+00
+2.96964750E-01 -6.52276437E-01 +0.00000000E+00
+3.01579188E-01 -6.52276437E-01 +0.00000000E+00
+2.96964750E-01 -6.61505312E-01 +0.00000000E+00
+2.92350312E-01 -6.56890875E-01 +0.00000000E+00
+2.87735875E-01 -6.61505312E-01 +0.00000000E+00
+2.92350312E-01 -6.61505312E-01 +0.00000000E+00
+2.92350312E-01 -6.47662000E-01 +0.00000000E+00
+2.87735875E-01 -6.52276437E-01 +0.00000000E+00
+2.92350312E-01 -6.52276437E-01 +0.00000000E+00
+2.69278125E-01 -7.16878562E-01 +0.00000000E+00
+2.64663688E-01 -7.12264125E-01 +0.00000000E+00
+2.60049250E-01 -7.16878562E-01 +0.00000000E+00
+2.64663688E-01 -7.16878562E-01 +0.00000000E+00
+2.73892563E-01 -7.21493000E-01 +0.00000000E+00
+2.78507000E-01 -7.16878562E-01 +0.00000000E+00
+2.73892563E-01 -7.12264125E-01 +0.00000000E+00
+2.73892563E-01 -7.16878562E-01 +0.00000000E+00
+2.78507000E-01 -7.07649687E-01 +0.00000000E+00
+2.73892563E-01 -7.03035250E-01 +0.00000000E+00
+2.69278125E-01 -7.07649687E-01 +0.00000000E+00
+2.73892563E-01 -7.07649687E-01 +0.00000000E+00
+2.73892563E-01 -6.93806375E-01 +0.00000000E+00
+2.69278125E-01 -6.98420812E-01 +0.00000000E+00
+2.73892563E-01 -6.98420812E-01 +0.00000000E+00
+3.56952437E-01 -7.95324000E-01 +0.00000000E+00
+3.61566875E-01 -7.90709562E-01 +0.00000000E+00
+3.56952437E-01 -7.86095125E-01 +0.00000000E+00
+3.56952437E-01 -7.90709562E-01 +0.00000000E+00
+3.66181312E-01 -7.95324000E-01 +0.00000000E+00
+3.70795750E-01 -7.90709562E-01 +0.00000000E+00
+3.66181312E-01 -7.86095125E-01 +0.00000000E+00
+3.66181312E-01 -7.90709562E-01 +0.00000000E+00
+3.75410187E-01 -7.95324000E-01 +0.00000000E+00
+3.80024625E-01 -7.90709562E-01 +0.00000000E+00
+3.75410187E-01 -7.86095125E-01 +0.00000000E+00
+3.75410187E-01 -7.90709562E-01 +0.00000000E+00
+3.80024625E-01 -7.81480687E-01 +0.00000000E+00
+3.75410187E-01 -7.76866250E-01 +0.00000000E+00
+3.70795750E-01 -7.81480687E-01 +0.00000000E+00
+3.75410187E-01 -7.81480687E-01 +0.00000000E+00
+3.80024625E-01 -7.72251812E-01 +0.00000000E+00
+3.75410187E-01 -7.67637375E-01 +0.00000000E+00
+3.70795750E-01 -7.72251812E-01 +0.00000000E+00
+3.75410187E-01 -7.72251812E-01 +0.00000000E+00
+3.56952437E-01 -7.76866250E-01 +0.00000000E+00
+3.61566875E-01 -7.72251812E-01 +0.00000000E+00
+3.56952437E-01 -7.67637375E-01 +0.00000000E+00
+3.56952437E-01 -7.72251812E-01 +0.00000000E+00
+3.66181312E-01 -7.76866250E-01 +0.00000000E+00
+3.66181312E-01 -7.67637375E-01 +0.00000000E+00
+3.66181312E-01 -7.72251812E-01 +0.00000000E+00
+3.56952437E-01 -6.29204250E-01 +0.00000000E+00
+3.61566875E-01 -6.24589812E-01 +0.00000000E+00
+3.56952437E-01 -6.19975375E-01 +0.00000000E+00
+3.52338000E-01 -6.24589812E-01 +0.00000000E+00
+3.56952437E-01 -6.24589812E-01 +0.00000000E+00
+3.61566875E-01 -6.15360937E-01 +0.00000000E+00
+3.56952437E-01 -6.10746500E-01 +0.00000000E+00
+3.52338000E-01 -6.15360937E-01 +0.00000000E+00
+3.56952437E-01 -6.15360937E-01 +0.00000000E+00
+3.93867937E-01 -6.10746500E-01 +0.00000000E+00
+3.98482375E-01 -6.06132062E-01 +0.00000000E+00
+3.93867937E-01 -6.01517625E-01 +0.00000000E+00
+3.89253500E-01 -6.06132062E-01 +0.00000000E+00
+3.93867937E-01 -6.06132062E-01 +0.00000000E+00
+4.03096812E-01 -6.10746500E-01 +0.00000000E+00
+4.07711250E-01 -6.06132062E-01 +0.00000000E+00
+4.03096812E-01 -6.01517625E-01 +0.00000000E+00
+4.03096812E-01 -6.06132062E-01 +0.00000000E+00
+4.12325687E-01 -6.10746500E-01 +0.00000000E+00
+4.16940125E-01 -6.06132062E-01 +0.00000000E+00
+4.12325687E-01 -6.01517625E-01 +0.00000000E+00
+4.12325687E-01 -6.06132062E-01 +0.00000000E+00
+4.21554563E-01 -6.10746500E-01 +0.00000000E+00
+4.26169000E-01 -6.06132062E-01 +0.00000000E+00
+4.21554563E-01 -6.01517625E-01 +0.00000000E+00
+4.21554563E-01 -6.06132062E-01 +0.00000000E+00
+3.61566875E-01 -6.06132062E-01 +0.00000000E+00
+3.56952437E-01 -6.01517625E-01 +0.00000000E+00
+3.52338000E-01 -6.06132062E-01 +0.00000000E+00
+3.56952437E-01 -6.06132062E-01 +0.00000000E+00
+3.66181312E-01 -6.10746500E-01 +0.00000000E+00
+3.70795750E-01 -6.06132062E-01 +0.00000000E+00
+3.66181312E-01 -6.01517625E-01 +0.00000000E+00
+3.66181312E-01 -6.06132062E-01 +0.00000000E+00
+3.75410187E-01 -6.10746500E-01 +0.00000000E+00
+3.80024625E-01 -6.06132062E-01 +0.00000000E+00
+3.75410187E-01 -6.01517625E-01 +0.00000000E+00
+3.75410187E-01 -6.06132062E-01 +0.00000000E+00
+3.84639063E-01 -6.10746500E-01 +0.00000000E+00
+3.84639063E-01 -6.01517625E-01 +0.00000000E+00
+3.84639063E-01 -6.06132062E-01 +0.00000000E+00
+4.67698937E-01 -6.10746500E-01 +0.00000000E+00
+4.72313375E-01 -6.06132062E-01 +0.00000000E+00
+4.67698937E-01 -6.01517625E-01 +0.00000000E+00
+4.63084500E-01 -6.06132062E-01 +0.00000000E+00
+4.67698937E-01 -6.06132062E-01 +0.00000000E+00
+4.76927812E-01 -6.10746500E-01 +0.00000000E+00
+4.81542250E-01 -6.06132062E-01 +0.00000000E+00
+4.76927812E-01 -6.01517625E-01 +0.00000000E+00
+4.76927812E-01 -6.06132062E-01 +0.00000000E+00
+4.86156687E-01 -6.10746500E-01 +0.00000000E+00
+4.90771125E-01 -6.06132062E-01 +0.00000000E+00
+4.86156687E-01 -6.01517625E-01 +0.00000000E+00
+4.86156687E-01 -6.06132062E-01 +0.00000000E+00
+4.95385562E-01 -6.10746500E-01 +0.00000000E+00
+5.00000000E-01 -6.06132062E-01 +0.00000000E+00
+4.95385562E-01 -6.01517625E-01 +0.00000000E+00
+4.95385562E-01 -6.06132062E-01 +0.00000000E+00
+4.30783437E-01 -6.10746500E-01 +0.00000000E+00
+4.35397875E-01 -6.06132062E-01 +0.00000000E+00
+4.30783437E-01 -6.01517625E-01 +0.00000000E+00
+4.30783437E-01 -6.06132062E-01 +0.00000000E+00
+4.40012312E-01 -6.10746500E-01 +0.00000000E+00
+4.44626750E-01 -6.06132062E-01 +0.00000000E+00
+4.40012312E-01 -6.01517625E-01 +0.00000000E+00
+4.40012312E-01 -6.06132062E-01 +0.00000000E+00
+4.49241187E-01 -6.10746500E-01 +0.00000000E+00
+4.53855625E-01 -6.06132062E-01 +0.00000000E+00
+4.49241187E-01 -6.01517625E-01 +0.00000000E+00
+4.49241187E-01 -6.06132062E-01 +0.00000000E+00
+4.58470062E-01 -6.10746500E-01 +0.00000000E+00
+4.58470062E-01 -6.01517625E-01 +0.00000000E+00
+4.58470062E-01 -6.06132062E-01 +0.00000000E+00
+4.30783437E-01 -5.73831000E-01 +0.00000000E+00
+4.35397875E-01 -5.69216562E-01 +0.00000000E+00
+4.30783437E-01 -5.64602125E-01 +0.00000000E+00
+4.26169000E-01 -5.69216562E-01 +0.00000000E+00
+4.30783437E-01 -5.69216562E-01 +0.00000000E+00
+4.40012312E-01 -5.73831000E-01 +0.00000000E+00
+4.44626750E-01 -5.69216562E-01 +0.00000000E+00
+4.40012312E-01 -5.64602125E-01 +0.00000000E+00
+4.40012312E-01 -5.69216562E-01 +0.00000000E+00
+4.49241187E-01 -5.73831000E-01 +0.00000000E+00
+4.53855625E-01 -5.69216562E-01 +0.00000000E+00
+4.49241187E-01 -5.64602125E-01 +0.00000000E+00
+4.49241187E-01 -5.69216562E-01 +0.00000000E+00
+4.58470062E-01 -5.73831000E-01 +0.00000000E+00
+4.63084500E-01 -5.69216562E-01 +0.00000000E+00
+4.58470062E-01 -5.64602125E-01 +0.00000000E+00
+4.58470062E-01 -5.69216562E-01 +0.00000000E+00
+4.67698937E-01 -5.73831000E-01 +0.00000000E+00
+4.72313375E-01 -5.69216562E-01 +0.00000000E+00
+4.67698937E-01 -5.64602125E-01 +0.00000000E+00
+4.67698937E-01 -5.69216562E-01 +0.00000000E+00
+4.76927812E-01 -5.73831000E-01 +0.00000000E+00
+4.81542250E-01 -5.69216562E-01 +0.00000000E+00
+4.76927812E-01 -5.64602125E-01 +0.00000000E+00
+4.76927812E-01 -5.69216562E-01 +0.00000000E+00
+4.86156687E-01 -5.73831000E-01 +0.00000000E+00
+4.90771125E-01 -5.69216562E-01 +0.00000000E+00
+4.86156687E-01 -5.64602125E-01 +0.00000000E+00
+4.86156687E-01 -5.69216562E-01 +0.00000000E+00
+4.95385562E-01 -5.73831000E-01 +0.00000000E+00
+5.00000000E-01 -5.69216562E-01 +0.00000000E+00
+4.95385562E-01 -5.64602125E-01 +0.00000000E+00
+4.95385562E-01 -5.69216562E-01 +0.00000000E+00
+3.75410187E-01 -5.73831000E-01 +0.00000000E+00
+3.80024625E-01 -5.69216562E-01 +0.00000000E+00
+3.75410187E-01 -5.64602125E-01 +0.00000000E+00
+3.70795750E-01 -5.69216562E-01 +0.00000000E+00
+3.75410187E-01 -5.69216562E-01 +0.00000000E+00
+3.84639063E-01 -5.73831000E-01 +0.00000000E+00
+3.89253500E-01 -5.69216562E-01 +0.00000000E+00
+3.84639063E-01 -5.64602125E-01 +0.00000000E+00
+3.84639063E-01 -5.69216562E-01 +0.00000000E+00
+3.89253500E-01 -5.59987687E-01 +0.00000000E+00
+3.84639063E-01 -5.55373250E-01 +0.00000000E+00
+3.80024625E-01 -5.59987687E-01 +0.00000000E+00
+3.84639063E-01 -5.59987687E-01 +0.00000000E+00
+3.75410187E-01 -5.55373250E-01 +0.00000000E+00
+3.70795750E-01 -5.59987687E-01 +0.00000000E+00
+3.75410187E-01 -5.59987687E-01 +0.00000000E+00
+3.89253500E-01 -5.50758812E-01 +0.00000000E+00
+3.84639063E-01 -5.46144375E-01 +0.00000000E+00
+3.80024625E-01 -5.50758812E-01 +0.00000000E+00
+3.84639063E-01 -5.50758812E-01 +0.00000000E+00
+3.89253500E-01 -5.41529938E-01 +0.00000000E+00
+3.84639063E-01 -5.36915500E-01 +0.00000000E+00
+3.80024625E-01 -5.41529938E-01 +0.00000000E+00
+3.84639063E-01 -5.41529938E-01 +0.00000000E+00
+3.93867937E-01 -5.73831000E-01 +0.00000000E+00
+3.98482375E-01 -5.69216562E-01 +0.00000000E+00
+3.93867937E-01 -5.64602125E-01 +0.00000000E+00
+3.93867937E-01 -5.69216562E-01 +0.00000000E+00
+4.03096812E-01 -5.73831000E-01 +0.00000000E+00
+4.07711250E-01 -5.69216562E-01 +0.00000000E+00
+4.03096812E-01 -5.64602125E-01 +0.00000000E+00
+4.03096812E-01 -5.69216562E-01 +0.00000000E+00
+4.12325687E-01 -5.73831000E-01 +0.00000000E+00
+4.16940125E-01 -5.69216562E-01 +0.00000000E+00
+4.12325687E-01 -5.64602125E-01 +0.00000000E+00
+4.12325687E-01 -5.69216562E-01 +0.00000000E+00
+4.21554563E-01 -5.73831000E-01 +0.00000000E+00
+4.21554563E-01 -5.64602125E-01 +0.00000000E+00
+4.21554563E-01 -5.69216562E-01 +0.00000000E+00
+3.93867937E-01 -5.36915500E-01 +0.00000000E+00
+3.98482375E-01 -5.32301062E-01 +0.00000000E+00
+3.93867937E-01 -5.27686625E-01 +0.00000000E+00
+3.89253500E-01 -5.32301062E-01 +0.00000000E+00
+3.93867937E-01 -5.32301062E-01 +0.00000000E+00
+3.98482375E-01 -5.23072188E-01 +0.00000000E+00
+3.93867937E-01 -5.18457750E-01 +0.00000000E+00
+3.89253500E-01 -5.23072188E-01 +0.00000000E+00
+3.93867937E-01 -5.23072188E-01 +0.00000000E+00
+3.98482375E-01 -5.13843313E-01 +0.00000000E+00
+3.93867937E-01 -5.09228875E-01 +0.00000000E+00
+3.89253500E-01 -5.13843313E-01 +0.00000000E+00
+3.93867937E-01 -5.13843313E-01 +0.00000000E+00
+4.03096812E-01 -5.18457750E-01 +0.00000000E+00
+4.07711250E-01 -5.13843313E-01 +0.00000000E+00
+4.03096812E-01 -5.09228875E-01 +0.00000000E+00
+4.03096812E-01 -5.13843313E-01 +0.00000000E+00
+4.07711250E-01 -5.04614438E-01 +0.00000000E+00
+4.03096812E-01 -5.00000000E-01 +0.00000000E+00
+3.98482375E-01 -5.04614438E-01 +0.00000000E+00
+4.03096812E-01 -5.04614438E-01 +0.00000000E+00
+3.56952437E-01 -5.27686625E-01 +0.00000000E+00
+3.61566875E-01 -5.23072188E-01 +0.00000000E+00
+3.56952437E-01 -5.18457750E-01 +0.00000000E+00
+3.52338000E-01 -5.23072188E-01 +0.00000000E+00
+3.56952437E-01 -5.23072188E-01 +0.00000000E+00
+3.84639063E-01 -5.27686625E-01 +0.00000000E+00
+3.80024625E-01 -5.32301062E-01 +0.00000000E+00
+3.84639063E-01 -5.32301062E-01 +0.00000000E+00
+3.61566875E-01 -5.13843313E-01 +0.00000000E+00
+3.56952437E-01 -5.09228875E-01 +0.00000000E+00
+3.52338000E-01 -5.13843313E-01 +0.00000000E+00
+3.56952437E-01 -5.13843313E-01 +0.00000000E+00
+3.66181312E-01 -5.09228875E-01 +0.00000000E+00
+3.70795750E-01 -5.04614438E-01 +0.00000000E+00
+3.66181312E-01 -5.00000000E-01 +0.00000000E+00
+3.61566875E-01 -5.04614438E-01 +0.00000000E+00
+3.66181312E-01 -5.04614438E-01 +0.00000000E+00
+3.56952437E-01 -5.00000000E-01 +0.00000000E+00
+3.52338000E-01 -5.04614438E-01 +0.00000000E+00
+3.56952437E-01 -5.04614438E-01 +0.00000000E+00
+3.06193625E-01 -6.43047562E-01 +0.00000000E+00
+3.01579188E-01 -6.38433125E-01 +0.00000000E+00
+2.96964750E-01 -6.43047562E-01 +0.00000000E+00
+3.01579188E-01 -6.43047562E-01 +0.00000000E+00
+3.10808063E-01 -6.38433125E-01 +0.00000000E+00
+3.15422500E-01 -6.33818687E-01 +0.00000000E+00
+3.10808063E-01 -6.29204250E-01 +0.00000000E+00
+3.06193625E-01 -6.33818687E-01 +0.00000000E+00
+3.10808063E-01 -6.33818687E-01 +0.00000000E+00
+3.01579188E-01 -6.29204250E-01 +0.00000000E+00
+2.96964750E-01 -6.33818687E-01 +0.00000000E+00
+3.01579188E-01 -6.33818687E-01 +0.00000000E+00
+3.15422500E-01 -6.24589812E-01 +0.00000000E+00
+3.10808063E-01 -6.19975375E-01 +0.00000000E+00
+3.06193625E-01 -6.24589812E-01 +0.00000000E+00
+3.10808063E-01 -6.24589812E-01 +0.00000000E+00
+3.15422500E-01 -6.15360937E-01 +0.00000000E+00
+3.10808063E-01 -6.10746500E-01 +0.00000000E+00
+3.06193625E-01 -6.15360937E-01 +0.00000000E+00
+3.10808063E-01 -6.15360937E-01 +0.00000000E+00
+3.52338000E-01 -6.43047562E-01 +0.00000000E+00
+3.47723563E-01 -6.38433125E-01 +0.00000000E+00
+3.43109125E-01 -6.43047562E-01 +0.00000000E+00
+3.47723563E-01 -6.43047562E-01 +0.00000000E+00
+3.52338000E-01 -6.33818687E-01 +0.00000000E+00
+3.47723563E-01 -6.29204250E-01 +0.00000000E+00
+3.43109125E-01 -6.33818687E-01 +0.00000000E+00
+3.47723563E-01 -6.33818687E-01 +0.00000000E+00
+3.47723563E-01 -6.19975375E-01 +0.00000000E+00
+3.43109125E-01 -6.24589812E-01 +0.00000000E+00
+3.47723563E-01 -6.24589812E-01 +0.00000000E+00
+3.20036937E-01 -6.19975375E-01 +0.00000000E+00
+3.24651375E-01 -6.15360937E-01 +0.00000000E+00
+3.20036937E-01 -6.10746500E-01 +0.00000000E+00
+3.20036937E-01 -6.15360937E-01 +0.00000000E+00
+3.24651375E-01 -6.06132062E-01 +0.00000000E+00
+3.20036937E-01 -6.01517625E-01 +0.00000000E+00
+3.15422500E-01 -6.06132062E-01 +0.00000000E+00
+3.20036937E-01 -6.06132062E-01 +0.00000000E+00
+3.24651375E-01 -5.96903188E-01 +0.00000000E+00
+3.20036937E-01 -5.92288750E-01 +0.00000000E+00
+3.15422500E-01 -5.96903188E-01 +0.00000000E+00
+3.20036937E-01 -5.96903188E-01 +0.00000000E+00
+3.24651375E-01 -5.87674313E-01 +0.00000000E+00
+3.20036937E-01 -5.83059875E-01 +0.00000000E+00
+3.15422500E-01 -5.87674313E-01 +0.00000000E+00
+3.20036937E-01 -5.87674313E-01 +0.00000000E+00
+3.29265812E-01 -5.92288750E-01 +0.00000000E+00
+3.33880250E-01 -5.87674313E-01 +0.00000000E+00
+3.29265812E-01 -5.83059875E-01 +0.00000000E+00
+3.29265812E-01 -5.87674313E-01 +0.00000000E+00
+3.33880250E-01 -5.78445437E-01 +0.00000000E+00
+3.29265812E-01 -5.73831000E-01 +0.00000000E+00
+3.24651375E-01 -5.78445437E-01 +0.00000000E+00
+3.29265812E-01 -5.78445437E-01 +0.00000000E+00
+3.33880250E-01 -5.69216562E-01 +0.00000000E+00
+3.29265812E-01 -5.64602125E-01 +0.00000000E+00
+3.24651375E-01 -5.69216562E-01 +0.00000000E+00
+3.29265812E-01 -5.69216562E-01 +0.00000000E+00
+3.38494688E-01 -5.73831000E-01 +0.00000000E+00
+3.43109125E-01 -5.69216562E-01 +0.00000000E+00
+3.38494688E-01 -5.64602125E-01 +0.00000000E+00
+3.38494688E-01 -5.69216562E-01 +0.00000000E+00
+3.43109125E-01 -5.59987687E-01 +0.00000000E+00
+3.38494688E-01 -5.55373250E-01 +0.00000000E+00
+3.33880250E-01 -5.59987687E-01 +0.00000000E+00
+3.38494688E-01 -5.59987687E-01 +0.00000000E+00
+3.43109125E-01 -5.50758812E-01 +0.00000000E+00
+3.38494688E-01 -5.46144375E-01 +0.00000000E+00
+3.33880250E-01 -5.50758812E-01 +0.00000000E+00
+3.38494688E-01 -5.50758812E-01 +0.00000000E+00
+3.47723563E-01 -5.55373250E-01 +0.00000000E+00
+3.52338000E-01 -5.50758812E-01 +0.00000000E+00
+3.47723563E-01 -5.46144375E-01 +0.00000000E+00
+3.47723563E-01 -5.50758812E-01 +0.00000000E+00
+3.52338000E-01 -5.41529938E-01 +0.00000000E+00
+3.47723563E-01 -5.36915500E-01 +0.00000000E+00
+3.43109125E-01 -5.41529938E-01 +0.00000000E+00
+3.47723563E-01 -5.41529938E-01 +0.00000000E+00
+3.52338000E-01 -5.32301062E-01 +0.00000000E+00
+3.47723563E-01 -5.27686625E-01 +0.00000000E+00
+3.43109125E-01 -5.32301062E-01 +0.00000000E+00
+3.47723563E-01 -5.32301062E-01 +0.00000000E+00
+3.47723563E-01 -5.18457750E-01 +0.00000000E+00
+3.43109125E-01 -5.23072188E-01 +0.00000000E+00
+3.47723563E-01 -5.23072188E-01 +0.00000000E+00
+5.78445437E-01 -7.95324000E-01 +0.00000000E+00
+5.83059875E-01 -7.90709562E-01 +0.00000000E+00
+5.78445437E-01 -7.86095125E-01 +0.00000000E+00
+5.73831000E-01 -7.90709562E-01 +0.00000000E+00
+5.78445437E-01 -7.90709562E-01 +0.00000000E+00
+5.87674313E-01 -7.95324000E-01 +0.00000000E+00
+5.92288750E-01 -7.90709562E-01 +0.00000000E+00
+5.87674313E-01 -7.86095125E-01 +0.00000000E+00
+5.87674313E-01 -7.90709562E-01 +0.00000000E+00
+5.83059875E-01 -7.81480687E-01 +0.00000000E+00
+5.78445437E-01 -7.76866250E-01 +0.00000000E+00
+5.73831000E-01 -7.81480687E-01 +0.00000000E+00
+5.78445437E-01 -7.81480687E-01 +0.00000000E+00
+5.96903188E-01 -7.95324000E-01 +0.00000000E+00
+6.01517625E-01 -7.90709562E-01 +0.00000000E+00
+5.96903188E-01 -7.86095125E-01 +0.00000000E+00
+5.96903188E-01 -7.90709562E-01 +0.00000000E+00
+6.06132062E-01 -7.95324000E-01 +0.00000000E+00
+6.10746500E-01 -7.90709562E-01 +0.00000000E+00
+6.06132062E-01 -7.86095125E-01 +0.00000000E+00
+6.06132062E-01 -7.90709562E-01 +0.00000000E+00
+5.96903188E-01 -7.76866250E-01 +0.00000000E+00
+6.01517625E-01 -7.72251812E-01 +0.00000000E+00
+5.96903188E-01 -7.67637375E-01 +0.00000000E+00
+5.92288750E-01 -7.72251812E-01 +0.00000000E+00
+5.96903188E-01 -7.72251812E-01 +0.00000000E+00
+6.06132062E-01 -7.76866250E-01 +0.00000000E+00
+6.10746500E-01 -7.72251812E-01 +0.00000000E+00
+6.06132062E-01 -7.67637375E-01 +0.00000000E+00
+6.06132062E-01 -7.72251812E-01 +0.00000000E+00
+5.83059875E-01 -7.72251812E-01 +0.00000000E+00
+5.78445437E-01 -7.67637375E-01 +0.00000000E+00
+5.73831000E-01 -7.72251812E-01 +0.00000000E+00
+5.78445437E-01 -7.72251812E-01 +0.00000000E+00
+5.87674313E-01 -7.76866250E-01 +0.00000000E+00
+5.87674313E-01 -7.67637375E-01 +0.00000000E+00
+5.87674313E-01 -7.72251812E-01 +0.00000000E+00
+6.15360937E-01 -7.95324000E-01 +0.00000000E+00
+6.19975375E-01 -7.90709562E-01 +0.00000000E+00
+6.15360937E-01 -7.86095125E-01 +0.00000000E+00
+6.15360937E-01 -7.90709562E-01 +0.00000000E+00
+6.24589812E-01 -7.95324000E-01 +0.00000000E+00
+6.29204250E-01 -7.90709562E-01 +0.00000000E+00
+6.24589812E-01 -7.86095125E-01 +0.00000000E+00
+6.24589812E-01 -7.90709562E-01 +0.00000000E+00
+6.33818687E-01 -7.95324000E-01 +0.00000000E+00
+6.38433125E-01 -7.90709562E-01 +0.00000000E+00
+6.33818687E-01 -7.86095125E-01 +0.00000000E+00
+6.33818687E-01 -7.90709562E-01 +0.00000000E+00
+6.43047562E-01 -7.95324000E-01 +0.00000000E+00
+6.47662000E-01 -7.90709562E-01 +0.00000000E+00
+6.43047562E-01 -7.86095125E-01 +0.00000000E+00
+6.43047562E-01 -7.90709562E-01 +0.00000000E+00
+6.33818687E-01 -7.67637375E-01 +0.00000000E+00
+6.38433125E-01 -7.63022937E-01 +0.00000000E+00
+6.33818687E-01 -7.58408500E-01 +0.00000000E+00
+6.29204250E-01 -7.63022937E-01 +0.00000000E+00
+6.33818687E-01 -7.63022937E-01 +0.00000000E+00
+6.15360937E-01 -7.76866250E-01 +0.00000000E+00
+6.19975375E-01 -7.72251812E-01 +0.00000000E+00
+6.15360937E-01 -7.67637375E-01 +0.00000000E+00
+6.15360937E-01 -7.72251812E-01 +0.00000000E+00
+6.24589812E-01 -7.76866250E-01 +0.00000000E+00
+6.29204250E-01 -7.72251812E-01 +0.00000000E+00
+6.24589812E-01 -7.67637375E-01 +0.00000000E+00
+6.24589812E-01 -7.72251812E-01 +0.00000000E+00
+6.24589812E-01 -7.58408500E-01 +0.00000000E+00
+6.19975375E-01 -7.63022937E-01 +0.00000000E+00
+6.24589812E-01 -7.63022937E-01 +0.00000000E+00
+6.38433125E-01 -7.53794062E-01 +0.00000000E+00
+6.33818687E-01 -7.49179625E-01 +0.00000000E+00
+6.29204250E-01 -7.53794062E-01 +0.00000000E+00
+6.33818687E-01 -7.53794062E-01 +0.00000000E+00
+6.43047562E-01 -7.49179625E-01 +0.00000000E+00
+6.47662000E-01 -7.44565188E-01 +0.00000000E+00
+6.43047562E-01 -7.39950750E-01 +0.00000000E+00
+6.38433125E-01 -7.44565188E-01 +0.00000000E+00
+6.43047562E-01 -7.44565188E-01 +0.00000000E+00
+6.33818687E-01 -7.39950750E-01 +0.00000000E+00
+6.29204250E-01 -7.44565188E-01 +0.00000000E+00
+6.33818687E-01 -7.44565188E-01 +0.00000000E+00
+6.38433125E-01 -7.35336312E-01 +0.00000000E+00
+6.33818687E-01 -7.30721875E-01 +0.00000000E+00
+6.29204250E-01 -7.35336312E-01 +0.00000000E+00
+6.33818687E-01 -7.35336312E-01 +0.00000000E+00
+6.38433125E-01 -7.26107437E-01 +0.00000000E+00
+6.33818687E-01 -7.21493000E-01 +0.00000000E+00
+6.29204250E-01 -7.26107437E-01 +0.00000000E+00
+6.33818687E-01 -7.26107437E-01 +0.00000000E+00
+6.24589812E-01 -7.12264125E-01 +0.00000000E+00
+6.29204250E-01 -7.07649687E-01 +0.00000000E+00
+6.24589812E-01 -7.03035250E-01 +0.00000000E+00
+6.19975375E-01 -7.07649687E-01 +0.00000000E+00
+6.24589812E-01 -7.07649687E-01 +0.00000000E+00
+6.38433125E-01 -7.16878562E-01 +0.00000000E+00
+6.33818687E-01 -7.12264125E-01 +0.00000000E+00
+6.29204250E-01 -7.16878562E-01 +0.00000000E+00
+6.33818687E-01 -7.16878562E-01 +0.00000000E+00
+6.38433125E-01 -7.07649687E-01 +0.00000000E+00
+6.33818687E-01 -7.03035250E-01 +0.00000000E+00
+6.33818687E-01 -7.07649687E-01 +0.00000000E+00
+6.29204250E-01 -6.98420812E-01 +0.00000000E+00
+6.24589812E-01 -6.93806375E-01 +0.00000000E+00
+6.19975375E-01 -6.98420812E-01 +0.00000000E+00
+6.24589812E-01 -6.98420812E-01 +0.00000000E+00
+6.29204250E-01 -6.89191937E-01 +0.00000000E+00
+6.24589812E-01 -6.84577500E-01 +0.00000000E+00
+6.19975375E-01 -6.89191937E-01 +0.00000000E+00
+6.24589812E-01 -6.89191937E-01 +0.00000000E+00
+6.15360937E-01 -6.84577500E-01 +0.00000000E+00
+6.19975375E-01 -6.79963062E-01 +0.00000000E+00
+6.15360937E-01 -6.75348625E-01 +0.00000000E+00
+6.10746500E-01 -6.79963062E-01 +0.00000000E+00
+6.15360937E-01 -6.79963062E-01 +0.00000000E+00
+6.29204250E-01 -6.79963062E-01 +0.00000000E+00
+6.24589812E-01 -6.75348625E-01 +0.00000000E+00
+6.24589812E-01 -6.79963062E-01 +0.00000000E+00
+6.19975375E-01 -6.70734188E-01 +0.00000000E+00
+6.15360937E-01 -6.66119750E-01 +0.00000000E+00
+6.10746500E-01 -6.70734188E-01 +0.00000000E+00
+6.15360937E-01 -6.70734188E-01 +0.00000000E+00
+6.19975375E-01 -6.61505312E-01 +0.00000000E+00
+6.15360937E-01 -6.56890875E-01 +0.00000000E+00
+6.10746500E-01 -6.61505312E-01 +0.00000000E+00
+6.15360937E-01 -6.61505312E-01 +0.00000000E+00
+6.06132062E-01 -6.66119750E-01 +0.00000000E+00
+6.06132062E-01 -6.56890875E-01 +0.00000000E+00
+6.01517625E-01 -6.61505312E-01 +0.00000000E+00
+6.06132062E-01 -6.61505312E-01 +0.00000000E+00
+6.10746500E-01 -6.52276437E-01 +0.00000000E+00
+6.06132062E-01 -6.47662000E-01 +0.00000000E+00
+6.01517625E-01 -6.52276437E-01 +0.00000000E+00
+6.06132062E-01 -6.52276437E-01 +0.00000000E+00
+6.52276437E-01 -7.95324000E-01 +0.00000000E+00
+6.56890875E-01 -7.90709562E-01 +0.00000000E+00
+6.52276437E-01 -7.86095125E-01 +0.00000000E+00
+6.52276437E-01 -7.90709562E-01 +0.00000000E+00
+6.61505312E-01 -7.95324000E-01 +0.00000000E+00
+6.66119750E-01 -7.90709562E-01 +0.00000000E+00
+6.61505312E-01 -7.86095125E-01 +0.00000000E+00
+6.61505312E-01 -7.90709562E-01 +0.00000000E+00
+6.70734188E-01 -7.95324000E-01 +0.00000000E+00
+6.75348625E-01 -7.90709562E-01 +0.00000000E+00
+6.70734188E-01 -7.86095125E-01 +0.00000000E+00
+6.70734188E-01 -7.90709562E-01 +0.00000000E+00
+6.79963062E-01 -7.95324000E-01 +0.00000000E+00
+6.84577500E-01 -7.90709562E-01 +0.00000000E+00
+6.79963062E-01 -7.86095125E-01 +0.00000000E+00
+6.79963062E-01 -7.90709562E-01 +0.00000000E+00
+6.89191937E-01 -7.95324000E-01 +0.00000000E+00
+6.93806375E-01 -7.90709562E-01 +0.00000000E+00
+6.89191937E-01 -7.86095125E-01 +0.00000000E+00
+6.89191937E-01 -7.90709562E-01 +0.00000000E+00
+6.98420812E-01 -7.95324000E-01 +0.00000000E+00
+7.03035250E-01 -7.90709562E-01 +0.00000000E+00
+6.98420812E-01 -7.86095125E-01 +0.00000000E+00
+6.98420812E-01 -7.90709562E-01 +0.00000000E+00
+7.07649687E-01 -7.95324000E-01 +0.00000000E+00
+7.12264125E-01 -7.90709562E-01 +0.00000000E+00
+7.07649687E-01 -7.86095125E-01 +0.00000000E+00
+7.07649687E-01 -7.90709562E-01 +0.00000000E+00
+7.16878562E-01 -7.95324000E-01 +0.00000000E+00
+7.21493000E-01 -7.90709562E-01 +0.00000000E+00
+7.16878562E-01 -7.86095125E-01 +0.00000000E+00
+7.16878562E-01 -7.90709562E-01 +0.00000000E+00
+7.26107437E-01 -7.95324000E-01 +0.00000000E+00
+7.30721875E-01 -7.90709562E-01 +0.00000000E+00
+7.26107437E-01 -7.86095125E-01 +0.00000000E+00
+7.26107437E-01 -7.90709562E-01 +0.00000000E+00
+7.35336312E-01 -7.95324000E-01 +0.00000000E+00
+7.39950750E-01 -7.90709562E-01 +0.00000000E+00
+7.35336312E-01 -7.86095125E-01 +0.00000000E+00
+7.35336312E-01 -7.90709562E-01 +0.00000000E+00
+7.44565188E-01 -7.95324000E-01 +0.00000000E+00
+7.49179625E-01 -7.90709562E-01 +0.00000000E+00
+7.44565188E-01 -7.86095125E-01 +0.00000000E+00
+7.44565188E-01 -7.90709562E-01 +0.00000000E+00
+7.53794062E-01 -7.95324000E-01 +0.00000000E+00
+7.58408500E-01 -7.90709562E-01 +0.00000000E+00
+7.53794062E-01 -7.86095125E-01 +0.00000000E+00
+7.53794062E-01 -7.90709562E-01 +0.00000000E+00
+7.53794062E-01 -7.67637375E-01 +0.00000000E+00
+7.58408500E-01 -7.63022937E-01 +0.00000000E+00
+7.53794062E-01 -7.58408500E-01 +0.00000000E+00
+7.49179625E-01 -7.63022937E-01 +0.00000000E+00
+7.53794062E-01 -7.63022937E-01 +0.00000000E+00
+7.63022937E-01 -7.95324000E-01 +0.00000000E+00
+7.67637375E-01 -7.90709562E-01 +0.00000000E+00
+7.63022937E-01 -7.86095125E-01 +0.00000000E+00
+7.63022937E-01 -7.90709562E-01 +0.00000000E+00
+7.72251812E-01 -7.95324000E-01 +0.00000000E+00
+7.76866250E-01 -7.90709562E-01 +0.00000000E+00
+7.72251812E-01 -7.86095125E-01 +0.00000000E+00
+7.72251812E-01 -7.90709562E-01 +0.00000000E+00
+7.81480687E-01 -7.95324000E-01 +0.00000000E+00
+7.86095125E-01 -7.90709562E-01 +0.00000000E+00
+7.81480687E-01 -7.86095125E-01 +0.00000000E+00
+7.81480687E-01 -7.90709562E-01 +0.00000000E+00
+7.90709562E-01 -7.95324000E-01 +0.00000000E+00
+7.95324000E-01 -7.90709562E-01 +0.00000000E+00
+7.90709562E-01 -7.86095125E-01 +0.00000000E+00
+7.90709562E-01 -7.90709562E-01 +0.00000000E+00
+7.81480687E-01 -7.76866250E-01 +0.00000000E+00
+7.86095125E-01 -7.72251812E-01 +0.00000000E+00
+7.81480687E-01 -7.67637375E-01 +0.00000000E+00
+7.76866250E-01 -7.72251812E-01 +0.00000000E+00
+7.81480687E-01 -7.72251812E-01 +0.00000000E+00
+7.90709562E-01 -7.76866250E-01 +0.00000000E+00
+7.95324000E-01 -7.72251812E-01 +0.00000000E+00
+7.90709562E-01 -7.67637375E-01 +0.00000000E+00
+7.90709562E-01 -7.72251812E-01 +0.00000000E+00
+7.63022937E-01 -7.76866250E-01 +0.00000000E+00
+7.67637375E-01 -7.72251812E-01 +0.00000000E+00
+7.63022937E-01 -7.67637375E-01 +0.00000000E+00
+7.58408500E-01 -7.72251812E-01 +0.00000000E+00
+7.63022937E-01 -7.72251812E-01 +0.00000000E+00
+7.72251812E-01 -7.76866250E-01 +0.00000000E+00
+7.72251812E-01 -7.67637375E-01 +0.00000000E+00
+7.72251812E-01 -7.72251812E-01 +0.00000000E+00
+7.67637375E-01 -7.63022937E-01 +0.00000000E+00
+7.63022937E-01 -7.58408500E-01 +0.00000000E+00
+7.63022937E-01 -7.63022937E-01 +0.00000000E+00
+7.44565188E-01 -7.58408500E-01 +0.00000000E+00
+7.49179625E-01 -7.53794062E-01 +0.00000000E+00
+7.44565188E-01 -7.49179625E-01 +0.00000000E+00
+7.39950750E-01 -7.53794062E-01 +0.00000000E+00
+7.44565188E-01 -7.53794062E-01 +0.00000000E+00
+7.58408500E-01 -7.53794062E-01 +0.00000000E+00
+7.53794062E-01 -7.49179625E-01 +0.00000000E+00
+7.53794062E-01 -7.53794062E-01 +0.00000000E+00
+7.49179625E-01 -7.44565188E-01 +0.00000000E+00
+7.44565188E-01 -7.39950750E-01 +0.00000000E+00
+7.39950750E-01 -7.44565188E-01 +0.00000000E+00
+7.44565188E-01 -7.44565188E-01 +0.00000000E+00
+7.49179625E-01 -7.35336312E-01 +0.00000000E+00
+7.44565188E-01 -7.30721875E-01 +0.00000000E+00
+7.39950750E-01 -7.35336312E-01 +0.00000000E+00
+7.44565188E-01 -7.35336312E-01 +0.00000000E+00
+7.35336312E-01 -7.39950750E-01 +0.00000000E+00
+7.35336312E-01 -7.30721875E-01 +0.00000000E+00
+7.30721875E-01 -7.35336312E-01 +0.00000000E+00
+7.35336312E-01 -7.35336312E-01 +0.00000000E+00
+7.39950750E-01 -7.26107437E-01 +0.00000000E+00
+7.35336312E-01 -7.21493000E-01 +0.00000000E+00
+7.30721875E-01 -7.26107437E-01 +0.00000000E+00
+7.35336312E-01 -7.26107437E-01 +0.00000000E+00
+7.26107437E-01 -7.21493000E-01 +0.00000000E+00
+7.30721875E-01 -7.16878562E-01 +0.00000000E+00
+7.26107437E-01 -7.12264125E-01 +0.00000000E+00
+7.21493000E-01 -7.16878562E-01 +0.00000000E+00
+7.26107437E-01 -7.16878562E-01 +0.00000000E+00
+7.39950750E-01 -7.16878562E-01 +0.00000000E+00
+7.35336312E-01 -7.12264125E-01 +0.00000000E+00
+7.35336312E-01 -7.16878562E-01 +0.00000000E+00
+7.30721875E-01 -7.07649687E-01 +0.00000000E+00
+7.26107437E-01 -7.03035250E-01 +0.00000000E+00
+7.21493000E-01 -7.07649687E-01 +0.00000000E+00
+7.26107437E-01 -7.07649687E-01 +0.00000000E+00
+7.30721875E-01 -6.98420812E-01 +0.00000000E+00
+7.26107437E-01 -6.93806375E-01 +0.00000000E+00
+7.21493000E-01 -6.98420812E-01 +0.00000000E+00
+7.26107437E-01 -6.98420812E-01 +0.00000000E+00
+7.16878562E-01 -7.03035250E-01 +0.00000000E+00
+7.16878562E-01 -6.93806375E-01 +0.00000000E+00
+7.12264125E-01 -6.98420812E-01 +0.00000000E+00
+7.16878562E-01 -6.98420812E-01 +0.00000000E+00
+7.21493000E-01 -6.89191937E-01 +0.00000000E+00
+7.16878562E-01 -6.84577500E-01 +0.00000000E+00
+7.12264125E-01 -6.89191937E-01 +0.00000000E+00
+7.16878562E-01 -6.89191937E-01 +0.00000000E+00
+7.21493000E-01 -6.79963062E-01 +0.00000000E+00
+7.16878562E-01 -6.75348625E-01 +0.00000000E+00
+7.12264125E-01 -6.79963062E-01 +0.00000000E+00
+7.16878562E-01 -6.79963062E-01 +0.00000000E+00
+7.21493000E-01 -6.70734188E-01 +0.00000000E+00
+7.16878562E-01 -6.66119750E-01 +0.00000000E+00
+7.12264125E-01 -6.70734188E-01 +0.00000000E+00
+7.16878562E-01 -6.70734188E-01 +0.00000000E+00
+7.07649687E-01 -6.75348625E-01 +0.00000000E+00
+7.07649687E-01 -6.66119750E-01 +0.00000000E+00
+7.03035250E-01 -6.70734188E-01 +0.00000000E+00
+7.07649687E-01 -6.70734188E-01 +0.00000000E+00
+7.12264125E-01 -6.61505312E-01 +0.00000000E+00
+7.07649687E-01 -6.56890875E-01 +0.00000000E+00
+7.03035250E-01 -6.61505312E-01 +0.00000000E+00
+7.07649687E-01 -6.61505312E-01 +0.00000000E+00
+7.12264125E-01 -6.52276437E-01 +0.00000000E+00
+7.07649687E-01 -6.47662000E-01 +0.00000000E+00
+7.03035250E-01 -6.52276437E-01 +0.00000000E+00
+7.07649687E-01 -6.52276437E-01 +0.00000000E+00
+6.98420812E-01 -6.56890875E-01 +0.00000000E+00
+6.98420812E-01 -6.47662000E-01 +0.00000000E+00
+6.93806375E-01 -6.52276437E-01 +0.00000000E+00
+6.98420812E-01 -6.52276437E-01 +0.00000000E+00
+6.79963062E-01 -6.19975375E-01 +0.00000000E+00
+6.84577500E-01 -6.15360937E-01 +0.00000000E+00
+6.79963062E-01 -6.10746500E-01 +0.00000000E+00
+6.75348625E-01 -6.15360937E-01 +0.00000000E+00
+6.79963062E-01 -6.15360937E-01 +0.00000000E+00
+7.03035250E-01 -6.43047562E-01 +0.00000000E+00
+6.98420812E-01 -6.38433125E-01 +0.00000000E+00
+6.93806375E-01 -6.43047562E-01 +0.00000000E+00
+6.98420812E-01 -6.43047562E-01 +0.00000000E+00
+7.03035250E-01 -6.33818687E-01 +0.00000000E+00
+6.98420812E-01 -6.29204250E-01 +0.00000000E+00
+6.93806375E-01 -6.33818687E-01 +0.00000000E+00
+6.98420812E-01 -6.33818687E-01 +0.00000000E+00
+6.89191937E-01 -6.38433125E-01 +0.00000000E+00
+6.89191937E-01 -6.29204250E-01 +0.00000000E+00
+6.84577500E-01 -6.33818687E-01 +0.00000000E+00
+6.89191937E-01 -6.33818687E-01 +0.00000000E+00
+6.93806375E-01 -6.24589812E-01 +0.00000000E+00
+6.89191937E-01 -6.19975375E-01 +0.00000000E+00
+6.84577500E-01 -6.24589812E-01 +0.00000000E+00
+6.89191937E-01 -6.24589812E-01 +0.00000000E+00
+6.93806375E-01 -6.15360937E-01 +0.00000000E+00
+6.89191937E-01 -6.10746500E-01 +0.00000000E+00
+6.89191937E-01 -6.15360937E-01 +0.00000000E+00
+6.84577500E-01 -6.06132062E-01 +0.00000000E+00
+6.79963062E-01 -6.01517625E-01 +0.00000000E+00
+6.75348625E-01 -6.06132062E-01 +0.00000000E+00
+6.79963062E-01 -6.06132062E-01 +0.00000000E+00
+6.84577500E-01 -5.96903188E-01 +0.00000000E+00
+6.79963062E-01 -5.92288750E-01 +0.00000000E+00
+6.75348625E-01 -5.96903188E-01 +0.00000000E+00
+6.79963062E-01 -5.96903188E-01 +0.00000000E+00
+6.70734188E-01 -5.92288750E-01 +0.00000000E+00
+6.75348625E-01 -5.87674313E-01 +0.00000000E+00
+6.70734188E-01 -5.83059875E-01 +0.00000000E+00
+6.66119750E-01 -5.87674313E-01 +0.00000000E+00
+6.70734188E-01 -5.87674313E-01 +0.00000000E+00
+6.84577500E-01 -5.87674313E-01 +0.00000000E+00
+6.79963062E-01 -5.83059875E-01 +0.00000000E+00
+6.79963062E-01 -5.87674313E-01 +0.00000000E+00
+6.75348625E-01 -5.78445437E-01 +0.00000000E+00
+6.70734188E-01 -5.73831000E-01 +0.00000000E+00
+6.66119750E-01 -5.78445437E-01 +0.00000000E+00
+6.70734188E-01 -5.78445437E-01 +0.00000000E+00
+6.61505312E-01 -5.73831000E-01 +0.00000000E+00
+6.66119750E-01 -5.69216562E-01 +0.00000000E+00
+6.61505312E-01 -5.64602125E-01 +0.00000000E+00
+6.56890875E-01 -5.69216562E-01 +0.00000000E+00
+6.61505312E-01 -5.69216562E-01 +0.00000000E+00
+6.66119750E-01 -5.59987687E-01 +0.00000000E+00
+6.61505312E-01 -5.55373250E-01 +0.00000000E+00
+6.56890875E-01 -5.59987687E-01 +0.00000000E+00
+6.61505312E-01 -5.59987687E-01 +0.00000000E+00
+6.75348625E-01 -5.69216562E-01 +0.00000000E+00
+6.70734188E-01 -5.64602125E-01 +0.00000000E+00
+6.70734188E-01 -5.69216562E-01 +0.00000000E+00
+6.52276437E-01 -5.55373250E-01 +0.00000000E+00
+6.56890875E-01 -5.50758812E-01 +0.00000000E+00
+6.52276437E-01 -5.46144375E-01 +0.00000000E+00
+6.47662000E-01 -5.50758812E-01 +0.00000000E+00
+6.52276437E-01 -5.50758812E-01 +0.00000000E+00
+6.66119750E-01 -5.50758812E-01 +0.00000000E+00
+6.61505312E-01 -5.46144375E-01 +0.00000000E+00
+6.61505312E-01 -5.50758812E-01 +0.00000000E+00
+6.56890875E-01 -5.41529938E-01 +0.00000000E+00
+6.52276437E-01 -5.36915500E-01 +0.00000000E+00
+6.47662000E-01 -5.41529938E-01 +0.00000000E+00
+6.52276437E-01 -5.41529938E-01 +0.00000000E+00
+6.56890875E-01 -5.32301062E-01 +0.00000000E+00
+6.52276437E-01 -5.27686625E-01 +0.00000000E+00
+6.47662000E-01 -5.32301062E-01 +0.00000000E+00
+6.52276437E-01 -5.32301062E-01 +0.00000000E+00
+5.41529938E-01 -6.10746500E-01 +0.00000000E+00
+5.46144375E-01 -6.06132062E-01 +0.00000000E+00
+5.41529938E-01 -6.01517625E-01 +0.00000000E+00
+5.36915500E-01 -6.06132062E-01 +0.00000000E+00
+5.41529938E-01 -6.06132062E-01 +0.00000000E+00
+5.50758812E-01 -6.10746500E-01 +0.00000000E+00
+5.55373250E-01 -6.06132062E-01 +0.00000000E+00
+5.50758812E-01 -6.01517625E-01 +0.00000000E+00
+5.50758812E-01 -6.06132062E-01 +0.00000000E+00
+5.59987687E-01 -6.10746500E-01 +0.00000000E+00
+5.64602125E-01 -6.06132062E-01 +0.00000000E+00
+5.59987687E-01 -6.01517625E-01 +0.00000000E+00
+5.59987687E-01 -6.06132062E-01 +0.00000000E+00
+5.69216562E-01 -6.10746500E-01 +0.00000000E+00
+5.73831000E-01 -6.06132062E-01 +0.00000000E+00
+5.69216562E-01 -6.01517625E-01 +0.00000000E+00
+5.69216562E-01 -6.06132062E-01 +0.00000000E+00
+5.04614437E-01 -6.10746500E-01 +0.00000000E+00
+5.09228875E-01 -6.06132062E-01 +0.00000000E+00
+5.04614437E-01 -6.01517625E-01 +0.00000000E+00
+5.04614437E-01 -6.06132062E-01 +0.00000000E+00
+5.13843312E-01 -6.10746500E-01 +0.00000000E+00
+5.18457750E-01 -6.06132062E-01 +0.00000000E+00
+5.13843312E-01 -6.01517625E-01 +0.00000000E+00
+5.13843312E-01 -6.06132062E-01 +0.00000000E+00
+5.23072187E-01 -6.10746500E-01 +0.00000000E+00
+5.27686625E-01 -6.06132062E-01 +0.00000000E+00
+5.23072187E-01 -6.01517625E-01 +0.00000000E+00
+5.23072187E-01 -6.06132062E-01 +0.00000000E+00
+5.32301062E-01 -6.10746500E-01 +0.00000000E+00
+5.32301062E-01 -6.01517625E-01 +0.00000000E+00
+5.32301062E-01 -6.06132062E-01 +0.00000000E+00
+5.96903188E-01 -6.47662000E-01 +0.00000000E+00
+6.01517625E-01 -6.43047562E-01 +0.00000000E+00
+5.96903188E-01 -6.38433125E-01 +0.00000000E+00
+5.92288750E-01 -6.43047562E-01 +0.00000000E+00
+5.96903188E-01 -6.43047562E-01 +0.00000000E+00
+6.10746500E-01 -6.43047562E-01 +0.00000000E+00
+6.06132062E-01 -6.38433125E-01 +0.00000000E+00
+6.06132062E-01 -6.43047562E-01 +0.00000000E+00
+6.01517625E-01 -6.33818687E-01 +0.00000000E+00
+5.96903188E-01 -6.29204250E-01 +0.00000000E+00
+5.92288750E-01 -6.33818687E-01 +0.00000000E+00
+5.96903188E-01 -6.33818687E-01 +0.00000000E+00
+6.01517625E-01 -6.24589812E-01 +0.00000000E+00
+5.96903188E-01 -6.19975375E-01 +0.00000000E+00
+5.92288750E-01 -6.24589812E-01 +0.00000000E+00
+5.96903188E-01 -6.24589812E-01 +0.00000000E+00
+6.01517625E-01 -6.15360937E-01 +0.00000000E+00
+5.96903188E-01 -6.10746500E-01 +0.00000000E+00
+5.92288750E-01 -6.15360937E-01 +0.00000000E+00
+5.96903188E-01 -6.15360937E-01 +0.00000000E+00
+5.87674313E-01 -6.19975375E-01 +0.00000000E+00
+5.87674313E-01 -6.10746500E-01 +0.00000000E+00
+5.83059875E-01 -6.15360937E-01 +0.00000000E+00
+5.87674313E-01 -6.15360937E-01 +0.00000000E+00
+5.78445437E-01 -6.10746500E-01 +0.00000000E+00
+5.83059875E-01 -6.06132062E-01 +0.00000000E+00
+5.78445437E-01 -6.01517625E-01 +0.00000000E+00
+5.78445437E-01 -6.06132062E-01 +0.00000000E+00
+5.92288750E-01 -6.06132062E-01 +0.00000000E+00
+5.87674313E-01 -6.01517625E-01 +0.00000000E+00
+5.87674313E-01 -6.06132062E-01 +0.00000000E+00
+5.78445437E-01 -5.73831000E-01 +0.00000000E+00
+5.83059875E-01 -5.69216562E-01 +0.00000000E+00
+5.78445437E-01 -5.64602125E-01 +0.00000000E+00
+5.73831000E-01 -5.69216562E-01 +0.00000000E+00
+5.78445437E-01 -5.69216562E-01 +0.00000000E+00
+6.43047562E-01 -5.36915500E-01 +0.00000000E+00
+6.43047562E-01 -5.27686625E-01 +0.00000000E+00
+6.38433125E-01 -5.32301062E-01 +0.00000000E+00
+6.43047562E-01 -5.32301062E-01 +0.00000000E+00
+6.47662000E-01 -5.23072188E-01 +0.00000000E+00
+6.43047562E-01 -5.18457750E-01 +0.00000000E+00
+6.38433125E-01 -5.23072188E-01 +0.00000000E+00
+6.43047562E-01 -5.23072188E-01 +0.00000000E+00
+6.47662000E-01 -5.13843313E-01 +0.00000000E+00
+6.43047562E-01 -5.09228875E-01 +0.00000000E+00
+6.38433125E-01 -5.13843313E-01 +0.00000000E+00
+6.43047562E-01 -5.13843313E-01 +0.00000000E+00
+6.47662000E-01 -5.04614438E-01 +0.00000000E+00
+6.43047562E-01 -5.00000000E-01 +0.00000000E+00
+6.38433125E-01 -5.04614438E-01 +0.00000000E+00
+6.43047562E-01 -5.04614438E-01 +0.00000000E+00
+6.33818687E-01 -5.09228875E-01 +0.00000000E+00
+6.33818687E-01 -5.00000000E-01 +0.00000000E+00
+6.29204250E-01 -5.04614438E-01 +0.00000000E+00
+6.33818687E-01 -5.04614438E-01 +0.00000000E+00
+5.04614437E-01 -5.73831000E-01 +0.00000000E+00
+5.09228875E-01 -5.69216562E-01 +0.00000000E+00
+5.04614437E-01 -5.64602125E-01 +0.00000000E+00
+5.04614437E-01 -5.69216562E-01 +0.00000000E+00
+5.13843312E-01 -5.73831000E-01 +0.00000000E+00
+5.18457750E-01 -5.69216562E-01 +0.00000000E+00
+5.13843312E-01 -5.64602125E-01 +0.00000000E+00
+5.13843312E-01 -5.69216562E-01 +0.00000000E+00
+5.23072187E-01 -5.73831000E-01 +0.00000000E+00
+5.27686625E-01 -5.69216562E-01 +0.00000000E+00
+5.23072187E-01 -5.64602125E-01 +0.00000000E+00
+5.23072187E-01 -5.69216562E-01 +0.00000000E+00
+5.32301062E-01 -5.73831000E-01 +0.00000000E+00
+5.36915500E-01 -5.69216562E-01 +0.00000000E+00
+5.32301062E-01 -5.64602125E-01 +0.00000000E+00
+5.32301062E-01 -5.69216562E-01 +0.00000000E+00
+5.41529938E-01 -5.73831000E-01 +0.00000000E+00
+5.46144375E-01 -5.69216562E-01 +0.00000000E+00
+5.41529938E-01 -5.64602125E-01 +0.00000000E+00
+5.41529938E-01 -5.69216562E-01 +0.00000000E+00
+5.50758812E-01 -5.73831000E-01 +0.00000000E+00
+5.55373250E-01 -5.69216562E-01 +0.00000000E+00
+5.50758812E-01 -5.64602125E-01 +0.00000000E+00
+5.50758812E-01 -5.69216562E-01 +0.00000000E+00
+5.59987687E-01 -5.73831000E-01 +0.00000000E+00
+5.64602125E-01 -5.69216562E-01 +0.00000000E+00
+5.59987687E-01 -5.64602125E-01 +0.00000000E+00
+5.59987687E-01 -5.69216562E-01 +0.00000000E+00
+5.69216562E-01 -5.73831000E-01 +0.00000000E+00
+5.69216562E-01 -5.64602125E-01 +0.00000000E+00
+5.69216562E-01 -5.69216562E-01 +0.00000000E+00
+5.73831000E-01 -5.59987687E-01 +0.00000000E+00
+5.69216562E-01 -5.55373250E-01 +0.00000000E+00
+5.64602125E-01 -5.59987687E-01 +0.00000000E+00
+5.69216562E-01 -5.59987687E-01 +0.00000000E+00
+5.59987687E-01 -5.55373250E-01 +0.00000000E+00
+5.64602125E-01 -5.50758812E-01 +0.00000000E+00
+5.59987687E-01 -5.46144375E-01 +0.00000000E+00
+5.55373250E-01 -5.50758812E-01 +0.00000000E+00
+5.59987687E-01 -5.50758812E-01 +0.00000000E+00
+5.73831000E-01 -5.50758812E-01 +0.00000000E+00
+5.69216562E-01 -5.46144375E-01 +0.00000000E+00
+5.69216562E-01 -5.50758812E-01 +0.00000000E+00
+5.64602125E-01 -5.41529938E-01 +0.00000000E+00
+5.59987687E-01 -5.36915500E-01 +0.00000000E+00
+5.55373250E-01 -5.41529938E-01 +0.00000000E+00
+5.59987687E-01 -5.41529938E-01 +0.00000000E+00
+5.50758812E-01 -5.27686625E-01 +0.00000000E+00
+5.55373250E-01 -5.23072188E-01 +0.00000000E+00
+5.50758812E-01 -5.18457750E-01 +0.00000000E+00
+5.46144375E-01 -5.23072188E-01 +0.00000000E+00
+5.50758812E-01 -5.23072188E-01 +0.00000000E+00
+5.64602125E-01 -5.32301062E-01 +0.00000000E+00
+5.59987687E-01 -5.27686625E-01 +0.00000000E+00
+5.55373250E-01 -5.32301062E-01 +0.00000000E+00
+5.59987687E-01 -5.32301062E-01 +0.00000000E+00
+5.64602125E-01 -5.23072188E-01 +0.00000000E+00
+5.59987687E-01 -5.18457750E-01 +0.00000000E+00
+5.59987687E-01 -5.23072188E-01 +0.00000000E+00
+5.55373250E-01 -5.13843313E-01 +0.00000000E+00
+5.50758812E-01 -5.09228875E-01 +0.00000000E+00
+5.46144375E-01 -5.13843313E-01 +0.00000000E+00
+5.50758812E-01 -5.13843313E-01 +0.00000000E+00
+5.55373250E-01 -5.04614438E-01 +0.00000000E+00
+5.50758812E-01 -5.00000000E-01 +0.00000000E+00
+5.46144375E-01 -5.04614438E-01 +0.00000000E+00
+5.50758812E-01 -5.04614438E-01 +0.00000000E+00
+5.41529938E-01 -5.09228875E-01 +0.00000000E+00
+5.41529938E-01 -5.00000000E-01 +0.00000000E+00
+5.36915500E-01 -5.04614438E-01 +0.00000000E+00
+5.41529938E-01 -5.04614438E-01 +0.00000000E+00
+5.32301062E-01 -4.81542250E-01 +0.00000000E+00
+5.36915500E-01 -4.76927813E-01 +0.00000000E+00
+5.32301062E-01 -4.72313375E-01 +0.00000000E+00
+5.27686625E-01 -4.76927813E-01 +0.00000000E+00
+5.32301062E-01 -4.76927813E-01 +0.00000000E+00
+5.36915500E-01 -4.67698938E-01 +0.00000000E+00
+5.32301062E-01 -4.63084500E-01 +0.00000000E+00
+5.27686625E-01 -4.67698938E-01 +0.00000000E+00
+5.32301062E-01 -4.67698938E-01 +0.00000000E+00
+5.46144375E-01 -4.95385562E-01 +0.00000000E+00
+5.41529938E-01 -4.90771125E-01 +0.00000000E+00
+5.36915500E-01 -4.95385562E-01 +0.00000000E+00
+5.41529938E-01 -4.95385562E-01 +0.00000000E+00
+5.46144375E-01 -4.86156687E-01 +0.00000000E+00
+5.41529938E-01 -4.81542250E-01 +0.00000000E+00
+5.36915500E-01 -4.86156687E-01 +0.00000000E+00
+5.41529938E-01 -4.86156687E-01 +0.00000000E+00
+5.46144375E-01 -4.76927813E-01 +0.00000000E+00
+5.41529938E-01 -4.72313375E-01 +0.00000000E+00
+5.41529938E-01 -4.76927813E-01 +0.00000000E+00
+5.23072187E-01 -4.63084500E-01 +0.00000000E+00
+5.27686625E-01 -4.58470062E-01 +0.00000000E+00
+5.23072187E-01 -4.53855625E-01 +0.00000000E+00
+5.18457750E-01 -4.58470062E-01 +0.00000000E+00
+5.23072187E-01 -4.58470062E-01 +0.00000000E+00
+5.36915500E-01 -4.58470062E-01 +0.00000000E+00
+5.32301062E-01 -4.53855625E-01 +0.00000000E+00
+5.32301062E-01 -4.58470062E-01 +0.00000000E+00
+5.27686625E-01 -4.49241187E-01 +0.00000000E+00
+5.23072187E-01 -4.44626750E-01 +0.00000000E+00
+5.18457750E-01 -4.49241187E-01 +0.00000000E+00
+5.23072187E-01 -4.49241187E-01 +0.00000000E+00
+5.27686625E-01 -4.40012313E-01 +0.00000000E+00
+5.23072187E-01 -4.35397875E-01 +0.00000000E+00
+5.18457750E-01 -4.40012313E-01 +0.00000000E+00
+5.23072187E-01 -4.40012313E-01 +0.00000000E+00
+5.13843312E-01 -4.44626750E-01 +0.00000000E+00
+5.13843312E-01 -4.35397875E-01 +0.00000000E+00
+5.09228875E-01 -4.40012313E-01 +0.00000000E+00
+5.13843312E-01 -4.40012313E-01 +0.00000000E+00
+5.18457750E-01 -4.30783438E-01 +0.00000000E+00
+5.13843312E-01 -4.26169000E-01 +0.00000000E+00
+5.09228875E-01 -4.30783438E-01 +0.00000000E+00
+5.13843312E-01 -4.30783438E-01 +0.00000000E+00
+6.24589812E-01 -4.90771125E-01 +0.00000000E+00
+6.29204250E-01 -4.86156687E-01 +0.00000000E+00
+6.24589812E-01 -4.81542250E-01 +0.00000000E+00
+6.19975375E-01 -4.86156687E-01 +0.00000000E+00
+6.24589812E-01 -4.86156687E-01 +0.00000000E+00
+6.38433125E-01 -4.95385562E-01 +0.00000000E+00
+6.33818687E-01 -4.90771125E-01 +0.00000000E+00
+6.29204250E-01 -4.95385562E-01 +0.00000000E+00
+6.33818687E-01 -4.95385562E-01 +0.00000000E+00
+6.38433125E-01 -4.86156687E-01 +0.00000000E+00
+6.33818687E-01 -4.81542250E-01 +0.00000000E+00
+6.33818687E-01 -4.86156687E-01 +0.00000000E+00
+6.29204250E-01 -4.76927813E-01 +0.00000000E+00
+6.24589812E-01 -4.72313375E-01 +0.00000000E+00
+6.19975375E-01 -4.76927813E-01 +0.00000000E+00
+6.24589812E-01 -4.76927813E-01 +0.00000000E+00
+6.29204250E-01 -4.67698938E-01 +0.00000000E+00
+6.24589812E-01 -4.63084500E-01 +0.00000000E+00
+6.19975375E-01 -4.67698938E-01 +0.00000000E+00
+6.24589812E-01 -4.67698938E-01 +0.00000000E+00
+6.15360937E-01 -4.72313375E-01 +0.00000000E+00
+6.15360937E-01 -4.63084500E-01 +0.00000000E+00
+6.10746500E-01 -4.67698938E-01 +0.00000000E+00
+6.15360937E-01 -4.67698938E-01 +0.00000000E+00
+6.19975375E-01 -4.58470062E-01 +0.00000000E+00
+6.15360937E-01 -4.53855625E-01 +0.00000000E+00
+6.10746500E-01 -4.58470062E-01 +0.00000000E+00
+6.15360937E-01 -4.58470062E-01 +0.00000000E+00
+6.19975375E-01 -4.49241187E-01 +0.00000000E+00
+6.15360937E-01 -4.44626750E-01 +0.00000000E+00
+6.10746500E-01 -4.49241187E-01 +0.00000000E+00
+6.15360937E-01 -4.49241187E-01 +0.00000000E+00
+6.06132062E-01 -4.53855625E-01 +0.00000000E+00
+6.06132062E-01 -4.44626750E-01 +0.00000000E+00
+6.01517625E-01 -4.49241187E-01 +0.00000000E+00
+6.06132062E-01 -4.49241187E-01 +0.00000000E+00
+6.10746500E-01 -4.40012313E-01 +0.00000000E+00
+6.06132062E-01 -4.35397875E-01 +0.00000000E+00
+6.01517625E-01 -4.40012313E-01 +0.00000000E+00
+6.06132062E-01 -4.40012313E-01 +0.00000000E+00
+6.10746500E-01 -4.30783438E-01 +0.00000000E+00
+6.06132062E-01 -4.26169000E-01 +0.00000000E+00
+6.01517625E-01 -4.30783438E-01 +0.00000000E+00
+6.06132062E-01 -4.30783438E-01 +0.00000000E+00
+5.96903188E-01 -4.26169000E-01 +0.00000000E+00
+6.01517625E-01 -4.21554563E-01 +0.00000000E+00
+5.96903188E-01 -4.16940125E-01 +0.00000000E+00
+5.92288750E-01 -4.21554563E-01 +0.00000000E+00
+5.96903188E-01 -4.21554563E-01 +0.00000000E+00
+6.10746500E-01 -4.21554563E-01 +0.00000000E+00
+6.06132062E-01 -4.16940125E-01 +0.00000000E+00
+6.06132062E-01 -4.21554563E-01 +0.00000000E+00
+6.01517625E-01 -4.12325687E-01 +0.00000000E+00
+5.96903188E-01 -4.07711250E-01 +0.00000000E+00
+5.92288750E-01 -4.12325687E-01 +0.00000000E+00
+5.96903188E-01 -4.12325687E-01 +0.00000000E+00
+6.01517625E-01 -4.03096813E-01 +0.00000000E+00
+5.96903188E-01 -3.98482375E-01 +0.00000000E+00
+5.92288750E-01 -4.03096813E-01 +0.00000000E+00
+5.96903188E-01 -4.03096813E-01 +0.00000000E+00
+5.87674313E-01 -4.07711250E-01 +0.00000000E+00
+5.87674313E-01 -3.98482375E-01 +0.00000000E+00
+5.83059875E-01 -4.03096813E-01 +0.00000000E+00
+5.87674313E-01 -4.03096813E-01 +0.00000000E+00
+5.92288750E-01 -3.93867938E-01 +0.00000000E+00
+5.87674313E-01 -3.89253500E-01 +0.00000000E+00
+5.83059875E-01 -3.93867938E-01 +0.00000000E+00
+5.87674313E-01 -3.93867938E-01 +0.00000000E+00
+5.78445437E-01 -3.89253500E-01 +0.00000000E+00
+5.83059875E-01 -3.84639063E-01 +0.00000000E+00
+5.78445437E-01 -3.80024625E-01 +0.00000000E+00
+5.73831000E-01 -3.84639063E-01 +0.00000000E+00
+5.78445437E-01 -3.84639063E-01 +0.00000000E+00
+5.92288750E-01 -3.84639063E-01 +0.00000000E+00
+5.87674313E-01 -3.80024625E-01 +0.00000000E+00
+5.87674313E-01 -3.84639063E-01 +0.00000000E+00
+5.83059875E-01 -3.75410187E-01 +0.00000000E+00
+5.78445437E-01 -3.70795750E-01 +0.00000000E+00
+5.73831000E-01 -3.75410187E-01 +0.00000000E+00
+5.78445437E-01 -3.75410187E-01 +0.00000000E+00
+5.83059875E-01 -3.66181313E-01 +0.00000000E+00
+5.78445437E-01 -3.61566875E-01 +0.00000000E+00
+5.73831000E-01 -3.66181313E-01 +0.00000000E+00
+5.78445437E-01 -3.66181313E-01 +0.00000000E+00
+5.18457750E-01 -4.21554563E-01 +0.00000000E+00
+5.13843312E-01 -4.16940125E-01 +0.00000000E+00
+5.09228875E-01 -4.21554563E-01 +0.00000000E+00
+5.13843312E-01 -4.21554563E-01 +0.00000000E+00
+5.18457750E-01 -4.12325687E-01 +0.00000000E+00
+5.13843312E-01 -4.07711250E-01 +0.00000000E+00
+5.09228875E-01 -4.12325687E-01 +0.00000000E+00
+5.13843312E-01 -4.12325687E-01 +0.00000000E+00
+5.04614437E-01 -4.16940125E-01 +0.00000000E+00
+5.04614437E-01 -4.07711250E-01 +0.00000000E+00
+5.00000000E-01 -4.12325687E-01 +0.00000000E+00
+5.04614437E-01 -4.12325687E-01 +0.00000000E+00
+5.09228875E-01 -4.03096813E-01 +0.00000000E+00
+5.04614437E-01 -3.98482375E-01 +0.00000000E+00
+5.00000000E-01 -4.03096813E-01 +0.00000000E+00
+5.04614437E-01 -4.03096813E-01 +0.00000000E+00
+5.09228875E-01 -3.93867938E-01 +0.00000000E+00
+5.04614437E-01 -3.89253500E-01 +0.00000000E+00
+5.00000000E-01 -3.93867938E-01 +0.00000000E+00
+5.04614437E-01 -3.93867938E-01 +0.00000000E+00
+5.69216562E-01 -3.70795750E-01 +0.00000000E+00
+5.69216562E-01 -3.61566875E-01 +0.00000000E+00
+5.64602125E-01 -3.66181313E-01 +0.00000000E+00
+5.69216562E-01 -3.66181313E-01 +0.00000000E+00
+5.73831000E-01 -3.56952438E-01 +0.00000000E+00
+5.69216562E-01 -3.52338000E-01 +0.00000000E+00
+5.64602125E-01 -3.56952438E-01 +0.00000000E+00
+5.69216562E-01 -3.56952438E-01 +0.00000000E+00
+5.73831000E-01 -3.47723563E-01 +0.00000000E+00
+5.69216562E-01 -3.43109125E-01 +0.00000000E+00
+5.64602125E-01 -3.47723563E-01 +0.00000000E+00
+5.69216562E-01 -3.47723563E-01 +0.00000000E+00
+5.73831000E-01 -3.38494688E-01 +0.00000000E+00
+5.69216562E-01 -3.33880250E-01 +0.00000000E+00
+5.64602125E-01 -3.38494688E-01 +0.00000000E+00
+5.69216562E-01 -3.38494688E-01 +0.00000000E+00
+5.59987687E-01 -3.43109125E-01 +0.00000000E+00
+5.59987687E-01 -3.33880250E-01 +0.00000000E+00
+5.55373250E-01 -3.38494688E-01 +0.00000000E+00
+5.59987687E-01 -3.38494688E-01 +0.00000000E+00
+5.64602125E-01 -3.29265813E-01 +0.00000000E+00
+5.59987687E-01 -3.24651375E-01 +0.00000000E+00
+5.55373250E-01 -3.29265813E-01 +0.00000000E+00
+5.59987687E-01 -3.29265813E-01 +0.00000000E+00
+5.64602125E-01 -3.20036938E-01 +0.00000000E+00
+5.59987687E-01 -3.15422500E-01 +0.00000000E+00
+5.55373250E-01 -3.20036938E-01 +0.00000000E+00
+5.59987687E-01 -3.20036938E-01 +0.00000000E+00
+5.50758812E-01 -3.24651375E-01 +0.00000000E+00
+5.50758812E-01 -3.15422500E-01 +0.00000000E+00
+5.46144375E-01 -3.20036938E-01 +0.00000000E+00
+5.50758812E-01 -3.20036938E-01 +0.00000000E+00
+5.55373250E-01 -3.10808063E-01 +0.00000000E+00
+5.50758812E-01 -3.06193625E-01 +0.00000000E+00
+5.46144375E-01 -3.10808063E-01 +0.00000000E+00
+5.50758812E-01 -3.10808063E-01 +0.00000000E+00
+5.55373250E-01 -3.01579188E-01 +0.00000000E+00
+5.50758812E-01 -2.96964750E-01 +0.00000000E+00
+5.46144375E-01 -3.01579188E-01 +0.00000000E+00
+5.50758812E-01 -3.01579188E-01 +0.00000000E+00
+5.41529938E-01 -3.06193625E-01 +0.00000000E+00
+5.41529938E-01 -2.96964750E-01 +0.00000000E+00
+5.36915500E-01 -3.01579188E-01 +0.00000000E+00
+5.41529938E-01 -3.01579188E-01 +0.00000000E+00
+5.46144375E-01 -2.92350313E-01 +0.00000000E+00
+5.41529938E-01 -2.87735875E-01 +0.00000000E+00
+5.36915500E-01 -2.92350313E-01 +0.00000000E+00
+5.41529938E-01 -2.92350313E-01 +0.00000000E+00
+5.46144375E-01 -2.83121438E-01 +0.00000000E+00
+5.41529938E-01 -2.78507000E-01 +0.00000000E+00
+5.36915500E-01 -2.83121438E-01 +0.00000000E+00
+5.41529938E-01 -2.83121438E-01 +0.00000000E+00
+5.32301062E-01 -2.87735875E-01 +0.00000000E+00
+5.32301062E-01 -2.78507000E-01 +0.00000000E+00
+5.27686625E-01 -2.83121438E-01 +0.00000000E+00
+5.32301062E-01 -2.83121438E-01 +0.00000000E+00
+5.36915500E-01 -2.73892563E-01 +0.00000000E+00
+5.32301062E-01 -2.69278125E-01 +0.00000000E+00
+5.27686625E-01 -2.73892563E-01 +0.00000000E+00
+5.32301062E-01 -2.73892563E-01 +0.00000000E+00
+5.36915500E-01 -2.64663688E-01 +0.00000000E+00
+5.32301062E-01 -2.60049250E-01 +0.00000000E+00
+5.27686625E-01 -2.64663688E-01 +0.00000000E+00
+5.32301062E-01 -2.64663688E-01 +0.00000000E+00
+5.23072187E-01 -2.60049250E-01 +0.00000000E+00
+5.27686625E-01 -2.55434813E-01 +0.00000000E+00
+5.23072187E-01 -2.50820375E-01 +0.00000000E+00
+5.18457750E-01 -2.55434813E-01 +0.00000000E+00
+5.23072187E-01 -2.55434813E-01 +0.00000000E+00
+5.36915500E-01 -2.55434813E-01 +0.00000000E+00
+5.32301062E-01 -2.50820375E-01 +0.00000000E+00
+5.32301062E-01 -2.55434813E-01 +0.00000000E+00
+5.27686625E-01 -2.46205938E-01 +0.00000000E+00
+5.23072187E-01 -2.41591500E-01 +0.00000000E+00
+5.18457750E-01 -2.46205938E-01 +0.00000000E+00
+5.23072187E-01 -2.46205938E-01 +0.00000000E+00
+5.13843312E-01 -2.41591500E-01 +0.00000000E+00
+5.18457750E-01 -2.36977063E-01 +0.00000000E+00
+5.13843312E-01 -2.32362625E-01 +0.00000000E+00
+5.09228875E-01 -2.36977063E-01 +0.00000000E+00
+5.13843312E-01 -2.36977063E-01 +0.00000000E+00
+5.18457750E-01 -2.27748188E-01 +0.00000000E+00
+5.13843312E-01 -2.23133750E-01 +0.00000000E+00
+5.09228875E-01 -2.27748188E-01 +0.00000000E+00
+5.13843312E-01 -2.27748188E-01 +0.00000000E+00
+5.27686625E-01 -2.36977063E-01 +0.00000000E+00
+5.23072187E-01 -2.32362625E-01 +0.00000000E+00
+5.23072187E-01 -2.36977063E-01 +0.00000000E+00
+5.04614437E-01 -2.23133750E-01 +0.00000000E+00
+5.09228875E-01 -2.18519313E-01 +0.00000000E+00
+5.04614437E-01 -2.13904875E-01 +0.00000000E+00
+5.00000000E-01 -2.18519313E-01 +0.00000000E+00
+5.04614437E-01 -2.18519313E-01 +0.00000000E+00
+5.18457750E-01 -2.18519313E-01 +0.00000000E+00
+5.13843312E-01 -2.13904875E-01 +0.00000000E+00
+5.13843312E-01 -2.18519313E-01 +0.00000000E+00
+5.09228875E-01 -2.09290438E-01 +0.00000000E+00
+5.04614437E-01 -2.04676000E-01 +0.00000000E+00
+5.00000000E-01 -2.09290438E-01 +0.00000000E+00
+5.04614437E-01 -2.09290438E-01 +0.00000000E+00
+3.70795750E-01 -4.95385562E-01 +0.00000000E+00
+3.66181312E-01 -4.90771125E-01 +0.00000000E+00
+3.61566875E-01 -4.95385562E-01 +0.00000000E+00
+3.66181312E-01 -4.95385562E-01 +0.00000000E+00
+3.70795750E-01 -4.86156687E-01 +0.00000000E+00
+3.66181312E-01 -4.81542250E-01 +0.00000000E+00
+3.61566875E-01 -4.86156687E-01 +0.00000000E+00
+3.66181312E-01 -4.86156687E-01 +0.00000000E+00
+3.75410187E-01 -4.90771125E-01 +0.00000000E+00
+3.80024625E-01 -4.86156687E-01 +0.00000000E+00
+3.75410187E-01 -4.81542250E-01 +0.00000000E+00
+3.75410187E-01 -4.86156687E-01 +0.00000000E+00
+3.80024625E-01 -4.76927813E-01 +0.00000000E+00
+3.75410187E-01 -4.72313375E-01 +0.00000000E+00
+3.70795750E-01 -4.76927813E-01 +0.00000000E+00
+3.75410187E-01 -4.76927813E-01 +0.00000000E+00
+3.80024625E-01 -4.67698938E-01 +0.00000000E+00
+3.75410187E-01 -4.63084500E-01 +0.00000000E+00
+3.70795750E-01 -4.67698938E-01 +0.00000000E+00
+3.75410187E-01 -4.67698938E-01 +0.00000000E+00
+4.07711250E-01 -4.95385562E-01 +0.00000000E+00
+4.03096812E-01 -4.90771125E-01 +0.00000000E+00
+3.98482375E-01 -4.95385562E-01 +0.00000000E+00
+4.03096812E-01 -4.95385562E-01 +0.00000000E+00
+4.07711250E-01 -4.86156687E-01 +0.00000000E+00
+4.03096812E-01 -4.81542250E-01 +0.00000000E+00
+3.98482375E-01 -4.86156687E-01 +0.00000000E+00
+4.03096812E-01 -4.86156687E-01 +0.00000000E+00
+4.12325687E-01 -4.90771125E-01 +0.00000000E+00
+4.16940125E-01 -4.86156687E-01 +0.00000000E+00
+4.12325687E-01 -4.81542250E-01 +0.00000000E+00
+4.12325687E-01 -4.86156687E-01 +0.00000000E+00
+4.16940125E-01 -4.76927813E-01 +0.00000000E+00
+4.12325687E-01 -4.72313375E-01 +0.00000000E+00
+4.07711250E-01 -4.76927813E-01 +0.00000000E+00
+4.12325687E-01 -4.76927813E-01 +0.00000000E+00
+4.21554563E-01 -4.72313375E-01 +0.00000000E+00
+4.26169000E-01 -4.67698938E-01 +0.00000000E+00
+4.21554563E-01 -4.63084500E-01 +0.00000000E+00
+4.16940125E-01 -4.67698938E-01 +0.00000000E+00
+4.21554563E-01 -4.67698938E-01 +0.00000000E+00
+4.12325687E-01 -4.63084500E-01 +0.00000000E+00
+4.07711250E-01 -4.67698938E-01 +0.00000000E+00
+4.12325687E-01 -4.67698938E-01 +0.00000000E+00
+4.26169000E-01 -4.58470062E-01 +0.00000000E+00
+4.21554563E-01 -4.53855625E-01 +0.00000000E+00
+4.16940125E-01 -4.58470062E-01 +0.00000000E+00
+4.21554563E-01 -4.58470062E-01 +0.00000000E+00
+4.26169000E-01 -4.49241187E-01 +0.00000000E+00
+4.21554563E-01 -4.44626750E-01 +0.00000000E+00
+4.16940125E-01 -4.49241187E-01 +0.00000000E+00
+4.21554563E-01 -4.49241187E-01 +0.00000000E+00
+3.93867937E-01 -4.44626750E-01 +0.00000000E+00
+3.98482375E-01 -4.40012313E-01 +0.00000000E+00
+3.93867937E-01 -4.35397875E-01 +0.00000000E+00
+3.89253500E-01 -4.40012313E-01 +0.00000000E+00
+3.93867937E-01 -4.40012313E-01 +0.00000000E+00
+3.98482375E-01 -4.30783438E-01 +0.00000000E+00
+3.93867937E-01 -4.26169000E-01 +0.00000000E+00
+3.89253500E-01 -4.30783438E-01 +0.00000000E+00
+3.93867937E-01 -4.30783438E-01 +0.00000000E+00
+3.80024625E-01 -4.58470062E-01 +0.00000000E+00
+3.75410187E-01 -4.53855625E-01 +0.00000000E+00
+3.70795750E-01 -4.58470062E-01 +0.00000000E+00
+3.75410187E-01 -4.58470062E-01 +0.00000000E+00
+3.84639063E-01 -4.63084500E-01 +0.00000000E+00
+3.89253500E-01 -4.58470062E-01 +0.00000000E+00
+3.84639063E-01 -4.53855625E-01 +0.00000000E+00
+3.84639063E-01 -4.58470062E-01 +0.00000000E+00
+3.89253500E-01 -4.49241187E-01 +0.00000000E+00
+3.84639063E-01 -4.44626750E-01 +0.00000000E+00
+3.80024625E-01 -4.49241187E-01 +0.00000000E+00
+3.84639063E-01 -4.49241187E-01 +0.00000000E+00
+3.84639063E-01 -4.35397875E-01 +0.00000000E+00
+3.80024625E-01 -4.40012313E-01 +0.00000000E+00
+3.84639063E-01 -4.40012313E-01 +0.00000000E+00
+4.30783437E-01 -4.53855625E-01 +0.00000000E+00
+4.35397875E-01 -4.49241187E-01 +0.00000000E+00
+4.30783437E-01 -4.44626750E-01 +0.00000000E+00
+4.30783437E-01 -4.49241187E-01 +0.00000000E+00
+4.35397875E-01 -4.40012313E-01 +0.00000000E+00
+4.30783437E-01 -4.35397875E-01 +0.00000000E+00
+4.26169000E-01 -4.40012313E-01 +0.00000000E+00
+4.30783437E-01 -4.40012313E-01 +0.00000000E+00
+4.35397875E-01 -4.30783438E-01 +0.00000000E+00
+4.30783437E-01 -4.26169000E-01 +0.00000000E+00
+4.26169000E-01 -4.30783438E-01 +0.00000000E+00
+4.30783437E-01 -4.30783438E-01 +0.00000000E+00
+4.35397875E-01 -4.21554563E-01 +0.00000000E+00
+4.30783437E-01 -4.16940125E-01 +0.00000000E+00
+4.26169000E-01 -4.21554563E-01 +0.00000000E+00
+4.30783437E-01 -4.21554563E-01 +0.00000000E+00
+4.40012312E-01 -4.26169000E-01 +0.00000000E+00
+4.44626750E-01 -4.21554563E-01 +0.00000000E+00
+4.40012312E-01 -4.16940125E-01 +0.00000000E+00
+4.40012312E-01 -4.21554563E-01 +0.00000000E+00
+4.44626750E-01 -4.12325687E-01 +0.00000000E+00
+4.40012312E-01 -4.07711250E-01 +0.00000000E+00
+4.35397875E-01 -4.12325687E-01 +0.00000000E+00
+4.40012312E-01 -4.12325687E-01 +0.00000000E+00
+4.49241187E-01 -4.07711250E-01 +0.00000000E+00
+4.53855625E-01 -4.03096813E-01 +0.00000000E+00
+4.49241187E-01 -3.98482375E-01 +0.00000000E+00
+4.44626750E-01 -4.03096813E-01 +0.00000000E+00
+4.49241187E-01 -4.03096813E-01 +0.00000000E+00
+4.53855625E-01 -3.93867938E-01 +0.00000000E+00
+4.49241187E-01 -3.89253500E-01 +0.00000000E+00
+4.44626750E-01 -3.93867938E-01 +0.00000000E+00
+4.49241187E-01 -3.93867938E-01 +0.00000000E+00
+4.40012312E-01 -3.98482375E-01 +0.00000000E+00
+4.35397875E-01 -4.03096813E-01 +0.00000000E+00
+4.40012312E-01 -4.03096813E-01 +0.00000000E+00
+4.95385562E-01 -3.98482375E-01 +0.00000000E+00
+4.95385562E-01 -3.89253500E-01 +0.00000000E+00
+4.90771125E-01 -3.93867938E-01 +0.00000000E+00
+4.95385562E-01 -3.93867938E-01 +0.00000000E+00
+5.00000000E-01 -3.84639063E-01 +0.00000000E+00
+4.95385562E-01 -3.80024625E-01 +0.00000000E+00
+4.90771125E-01 -3.84639063E-01 +0.00000000E+00
+4.95385562E-01 -3.84639063E-01 +0.00000000E+00
+5.00000000E-01 -3.75410187E-01 +0.00000000E+00
+4.95385562E-01 -3.70795750E-01 +0.00000000E+00
+4.90771125E-01 -3.75410187E-01 +0.00000000E+00
+4.95385562E-01 -3.75410187E-01 +0.00000000E+00
+4.86156687E-01 -3.80024625E-01 +0.00000000E+00
+4.86156687E-01 -3.70795750E-01 +0.00000000E+00
+4.81542250E-01 -3.75410187E-01 +0.00000000E+00
+4.86156687E-01 -3.75410187E-01 +0.00000000E+00
+4.90771125E-01 -3.66181313E-01 +0.00000000E+00
+4.86156687E-01 -3.61566875E-01 +0.00000000E+00
+4.81542250E-01 -3.66181313E-01 +0.00000000E+00
+4.86156687E-01 -3.66181313E-01 +0.00000000E+00
+4.90771125E-01 -3.56952438E-01 +0.00000000E+00
+4.86156687E-01 -3.52338000E-01 +0.00000000E+00
+4.81542250E-01 -3.56952438E-01 +0.00000000E+00
+4.86156687E-01 -3.56952438E-01 +0.00000000E+00
+4.67698937E-01 -3.61566875E-01 +0.00000000E+00
+4.72313375E-01 -3.56952438E-01 +0.00000000E+00
+4.67698937E-01 -3.52338000E-01 +0.00000000E+00
+4.63084500E-01 -3.56952438E-01 +0.00000000E+00
+4.67698937E-01 -3.56952438E-01 +0.00000000E+00
+4.53855625E-01 -3.84639063E-01 +0.00000000E+00
+4.49241187E-01 -3.80024625E-01 +0.00000000E+00
+4.44626750E-01 -3.84639063E-01 +0.00000000E+00
+4.49241187E-01 -3.84639063E-01 +0.00000000E+00
+4.58470062E-01 -3.80024625E-01 +0.00000000E+00
+4.63084500E-01 -3.75410187E-01 +0.00000000E+00
+4.58470062E-01 -3.70795750E-01 +0.00000000E+00
+4.53855625E-01 -3.75410187E-01 +0.00000000E+00
+4.58470062E-01 -3.75410187E-01 +0.00000000E+00
+4.49241187E-01 -3.70795750E-01 +0.00000000E+00
+4.44626750E-01 -3.75410187E-01 +0.00000000E+00
+4.49241187E-01 -3.75410187E-01 +0.00000000E+00
+4.63084500E-01 -3.66181313E-01 +0.00000000E+00
+4.58470062E-01 -3.61566875E-01 +0.00000000E+00
+4.53855625E-01 -3.66181313E-01 +0.00000000E+00
+4.58470062E-01 -3.66181313E-01 +0.00000000E+00
+4.58470062E-01 -3.52338000E-01 +0.00000000E+00
+4.53855625E-01 -3.56952438E-01 +0.00000000E+00
+4.58470062E-01 -3.56952438E-01 +0.00000000E+00
+4.30783437E-01 -3.61566875E-01 +0.00000000E+00
+4.35397875E-01 -3.56952438E-01 +0.00000000E+00
+4.30783437E-01 -3.52338000E-01 +0.00000000E+00
+4.26169000E-01 -3.56952438E-01 +0.00000000E+00
+4.30783437E-01 -3.56952438E-01 +0.00000000E+00
+3.98482375E-01 -4.21554563E-01 +0.00000000E+00
+3.93867937E-01 -4.16940125E-01 +0.00000000E+00
+3.89253500E-01 -4.21554563E-01 +0.00000000E+00
+3.93867937E-01 -4.21554563E-01 +0.00000000E+00
+4.03096812E-01 -4.26169000E-01 +0.00000000E+00
+4.07711250E-01 -4.21554563E-01 +0.00000000E+00
+4.03096812E-01 -4.16940125E-01 +0.00000000E+00
+4.03096812E-01 -4.21554563E-01 +0.00000000E+00
+4.07711250E-01 -4.12325687E-01 +0.00000000E+00
+4.03096812E-01 -4.07711250E-01 +0.00000000E+00
+3.98482375E-01 -4.12325687E-01 +0.00000000E+00
+4.03096812E-01 -4.12325687E-01 +0.00000000E+00
+4.12325687E-01 -3.98482375E-01 +0.00000000E+00
+4.16940125E-01 -3.93867938E-01 +0.00000000E+00
+4.12325687E-01 -3.89253500E-01 +0.00000000E+00
+4.07711250E-01 -3.93867938E-01 +0.00000000E+00
+4.12325687E-01 -3.93867938E-01 +0.00000000E+00
+4.07711250E-01 -4.03096813E-01 +0.00000000E+00
+4.03096812E-01 -3.98482375E-01 +0.00000000E+00
+3.98482375E-01 -4.03096813E-01 +0.00000000E+00
+4.03096812E-01 -4.03096813E-01 +0.00000000E+00
+4.03096812E-01 -3.89253500E-01 +0.00000000E+00
+3.98482375E-01 -3.93867938E-01 +0.00000000E+00
+4.03096812E-01 -3.93867938E-01 +0.00000000E+00
+4.16940125E-01 -3.84639063E-01 +0.00000000E+00
+4.12325687E-01 -3.80024625E-01 +0.00000000E+00
+4.07711250E-01 -3.84639063E-01 +0.00000000E+00
+4.12325687E-01 -3.84639063E-01 +0.00000000E+00
+4.21554563E-01 -3.80024625E-01 +0.00000000E+00
+4.26169000E-01 -3.75410187E-01 +0.00000000E+00
+4.21554563E-01 -3.70795750E-01 +0.00000000E+00
+4.16940125E-01 -3.75410187E-01 +0.00000000E+00
+4.21554563E-01 -3.75410187E-01 +0.00000000E+00
+4.12325687E-01 -3.70795750E-01 +0.00000000E+00
+4.07711250E-01 -3.75410187E-01 +0.00000000E+00
+4.12325687E-01 -3.75410187E-01 +0.00000000E+00
+4.26169000E-01 -3.66181313E-01 +0.00000000E+00
+4.21554563E-01 -3.61566875E-01 +0.00000000E+00
+4.16940125E-01 -3.66181313E-01 +0.00000000E+00
+4.21554563E-01 -3.66181313E-01 +0.00000000E+00
+4.21554563E-01 -3.52338000E-01 +0.00000000E+00
+4.16940125E-01 -3.56952438E-01 +0.00000000E+00
+4.21554563E-01 -3.56952438E-01 +0.00000000E+00
+4.35397875E-01 -3.47723563E-01 +0.00000000E+00
+4.30783437E-01 -3.43109125E-01 +0.00000000E+00
+4.26169000E-01 -3.47723563E-01 +0.00000000E+00
+4.30783437E-01 -3.47723563E-01 +0.00000000E+00
+4.35397875E-01 -3.38494688E-01 +0.00000000E+00
+4.30783437E-01 -3.33880250E-01 +0.00000000E+00
+4.26169000E-01 -3.38494688E-01 +0.00000000E+00
+4.30783437E-01 -3.38494688E-01 +0.00000000E+00
+4.35397875E-01 -3.29265813E-01 +0.00000000E+00
+4.30783437E-01 -3.24651375E-01 +0.00000000E+00
+4.26169000E-01 -3.29265813E-01 +0.00000000E+00
+4.30783437E-01 -3.29265813E-01 +0.00000000E+00
+4.40012312E-01 -3.33880250E-01 +0.00000000E+00
+4.44626750E-01 -3.29265813E-01 +0.00000000E+00
+4.40012312E-01 -3.24651375E-01 +0.00000000E+00
+4.40012312E-01 -3.29265813E-01 +0.00000000E+00
+4.44626750E-01 -3.20036938E-01 +0.00000000E+00
+4.40012312E-01 -3.15422500E-01 +0.00000000E+00
+4.35397875E-01 -3.20036938E-01 +0.00000000E+00
+4.40012312E-01 -3.20036938E-01 +0.00000000E+00
+4.72313375E-01 -3.47723563E-01 +0.00000000E+00
+4.67698937E-01 -3.43109125E-01 +0.00000000E+00
+4.63084500E-01 -3.47723563E-01 +0.00000000E+00
+4.67698937E-01 -3.47723563E-01 +0.00000000E+00
+4.76927812E-01 -3.52338000E-01 +0.00000000E+00
+4.81542250E-01 -3.47723563E-01 +0.00000000E+00
+4.76927812E-01 -3.43109125E-01 +0.00000000E+00
+4.76927812E-01 -3.47723563E-01 +0.00000000E+00
+4.81542250E-01 -3.38494688E-01 +0.00000000E+00
+4.76927812E-01 -3.33880250E-01 +0.00000000E+00
+4.72313375E-01 -3.38494688E-01 +0.00000000E+00
+4.76927812E-01 -3.38494688E-01 +0.00000000E+00
+4.67698937E-01 -3.33880250E-01 +0.00000000E+00
+4.63084500E-01 -3.38494688E-01 +0.00000000E+00
+4.67698937E-01 -3.38494688E-01 +0.00000000E+00
+4.90771125E-01 -3.47723563E-01 +0.00000000E+00
+4.86156687E-01 -3.43109125E-01 +0.00000000E+00
+4.86156687E-01 -3.47723563E-01 +0.00000000E+00
+4.81542250E-01 -3.29265813E-01 +0.00000000E+00
+4.76927812E-01 -3.24651375E-01 +0.00000000E+00
+4.72313375E-01 -3.29265813E-01 +0.00000000E+00
+4.76927812E-01 -3.29265813E-01 +0.00000000E+00
+4.44626750E-01 -3.10808063E-01 +0.00000000E+00
+4.40012312E-01 -3.06193625E-01 +0.00000000E+00
+4.35397875E-01 -3.10808063E-01 +0.00000000E+00
+4.40012312E-01 -3.10808063E-01 +0.00000000E+00
+4.49241187E-01 -3.15422500E-01 +0.00000000E+00
+4.53855625E-01 -3.10808063E-01 +0.00000000E+00
+4.49241187E-01 -3.06193625E-01 +0.00000000E+00
+4.49241187E-01 -3.10808063E-01 +0.00000000E+00
+4.53855625E-01 -3.01579188E-01 +0.00000000E+00
+4.49241187E-01 -2.96964750E-01 +0.00000000E+00
+4.44626750E-01 -3.01579188E-01 +0.00000000E+00
+4.49241187E-01 -3.01579188E-01 +0.00000000E+00
+4.53855625E-01 -2.92350313E-01 +0.00000000E+00
+4.49241187E-01 -2.87735875E-01 +0.00000000E+00
+4.44626750E-01 -2.92350313E-01 +0.00000000E+00
+4.49241187E-01 -2.92350313E-01 +0.00000000E+00
+4.58470062E-01 -2.96964750E-01 +0.00000000E+00
+4.63084500E-01 -2.92350313E-01 +0.00000000E+00
+4.58470062E-01 -2.87735875E-01 +0.00000000E+00
+4.58470062E-01 -2.92350313E-01 +0.00000000E+00
+4.63084500E-01 -2.83121438E-01 +0.00000000E+00
+4.58470062E-01 -2.78507000E-01 +0.00000000E+00
+4.53855625E-01 -2.83121438E-01 +0.00000000E+00
+4.58470062E-01 -2.83121438E-01 +0.00000000E+00
+4.63084500E-01 -2.73892563E-01 +0.00000000E+00
+4.58470062E-01 -2.69278125E-01 +0.00000000E+00
+4.53855625E-01 -2.73892563E-01 +0.00000000E+00
+4.58470062E-01 -2.73892563E-01 +0.00000000E+00
+4.63084500E-01 -2.64663688E-01 +0.00000000E+00
+4.58470062E-01 -2.60049250E-01 +0.00000000E+00
+4.53855625E-01 -2.64663688E-01 +0.00000000E+00
+4.58470062E-01 -2.64663688E-01 +0.00000000E+00
+4.67698937E-01 -2.69278125E-01 +0.00000000E+00
+4.72313375E-01 -2.64663688E-01 +0.00000000E+00
+4.67698937E-01 -2.60049250E-01 +0.00000000E+00
+4.67698937E-01 -2.64663688E-01 +0.00000000E+00
+4.72313375E-01 -2.55434813E-01 +0.00000000E+00
+4.67698937E-01 -2.50820375E-01 +0.00000000E+00
+4.63084500E-01 -2.55434813E-01 +0.00000000E+00
+4.67698937E-01 -2.55434813E-01 +0.00000000E+00
+4.76927812E-01 -2.50820375E-01 +0.00000000E+00
+4.81542250E-01 -2.46205938E-01 +0.00000000E+00
+4.76927812E-01 -2.41591500E-01 +0.00000000E+00
+4.72313375E-01 -2.46205938E-01 +0.00000000E+00
+4.76927812E-01 -2.46205938E-01 +0.00000000E+00
+4.67698937E-01 -2.41591500E-01 +0.00000000E+00
+4.63084500E-01 -2.46205938E-01 +0.00000000E+00
+4.67698937E-01 -2.46205938E-01 +0.00000000E+00
+4.81542250E-01 -2.36977063E-01 +0.00000000E+00
+4.76927812E-01 -2.32362625E-01 +0.00000000E+00
+4.72313375E-01 -2.36977063E-01 +0.00000000E+00
+4.76927812E-01 -2.36977063E-01 +0.00000000E+00
+4.81542250E-01 -2.27748188E-01 +0.00000000E+00
+4.76927812E-01 -2.23133750E-01 +0.00000000E+00
+4.72313375E-01 -2.27748188E-01 +0.00000000E+00
+4.76927812E-01 -2.27748188E-01 +0.00000000E+00
+4.86156687E-01 -2.32362625E-01 +0.00000000E+00
+4.90771125E-01 -2.27748188E-01 +0.00000000E+00
+4.86156687E-01 -2.23133750E-01 +0.00000000E+00
+4.86156687E-01 -2.27748188E-01 +0.00000000E+00
+4.90771125E-01 -2.18519313E-01 +0.00000000E+00
+4.86156687E-01 -2.13904875E-01 +0.00000000E+00
+4.81542250E-01 -2.18519313E-01 +0.00000000E+00
+4.86156687E-01 -2.18519313E-01 +0.00000000E+00
+4.95385562E-01 -2.13904875E-01 +0.00000000E+00
+4.95385562E-01 -2.04676000E-01 +0.00000000E+00
+4.90771125E-01 -2.09290438E-01 +0.00000000E+00
+4.95385562E-01 -2.09290438E-01 +0.00000000E+00
+4.86156687E-01 -2.04676000E-01 +0.00000000E+00
+4.81542250E-01 -2.09290438E-01 +0.00000000E+00
+4.86156687E-01 -2.09290438E-01 +0.00000000E+00
+7.99938437E-01 -7.95324000E-01 +0.00000000E+00
+8.04552875E-01 -7.90709562E-01 +0.00000000E+00
+7.99938437E-01 -7.86095125E-01 +0.00000000E+00
+7.99938437E-01 -7.90709562E-01 +0.00000000E+00
+8.04552875E-01 -7.81480687E-01 +0.00000000E+00
+7.99938437E-01 -7.76866250E-01 +0.00000000E+00
+7.95324000E-01 -7.81480687E-01 +0.00000000E+00
+7.99938437E-01 -7.81480687E-01 +0.00000000E+00
+8.04552875E-01 -7.72251812E-01 +0.00000000E+00
+7.99938437E-01 -7.67637375E-01 +0.00000000E+00
+7.99938437E-01 -7.72251812E-01 +0.00000000E+00
+2.69278125E-01 -7.58408500E-01 +0.00000000E+00
+2.78507000E-01 -7.49179625E-01 +0.00000000E+00
+2.69278125E-01 -7.49179625E-01 +0.00000000E+00
+2.96964750E-01 -7.67637375E-01 +0.00000000E+00
+3.06193625E-01 -7.67637375E-01 +0.00000000E+00
+2.87735875E-01 -7.21493000E-01 +0.00000000E+00
+2.96964750E-01 -7.12264125E-01 +0.00000000E+00
+2.87735875E-01 -7.12264125E-01 +0.00000000E+00
+3.06193625E-01 -7.03035250E-01 +0.00000000E+00
+3.06193625E-01 -7.12264125E-01 +0.00000000E+00
+3.06193625E-01 -6.84577500E-01 +0.00000000E+00
+3.06193625E-01 -6.93806375E-01 +0.00000000E+00
+3.24651375E-01 -6.47662000E-01 +0.00000000E+00
+3.24651375E-01 -6.56890875E-01 +0.00000000E+00
+3.06193625E-01 -6.75348625E-01 +0.00000000E+00
+4.26169000E-01 -5.83059875E-01 +0.00000000E+00
+4.07711250E-01 -5.83059875E-01 +0.00000000E+00
+4.16940125E-01 -5.83059875E-01 +0.00000000E+00
+3.89253500E-01 -5.83059875E-01 +0.00000000E+00
+3.98482375E-01 -5.83059875E-01 +0.00000000E+00
+3.70795750E-01 -5.83059875E-01 +0.00000000E+00
+3.80024625E-01 -5.83059875E-01 +0.00000000E+00
+5.00000000E-01 -5.83059875E-01 +0.00000000E+00
+4.81542250E-01 -5.83059875E-01 +0.00000000E+00
+4.90771125E-01 -5.83059875E-01 +0.00000000E+00
+4.63084500E-01 -5.83059875E-01 +0.00000000E+00
+4.72313375E-01 -5.83059875E-01 +0.00000000E+00
+4.44626750E-01 -5.83059875E-01 +0.00000000E+00
+4.53855625E-01 -5.83059875E-01 +0.00000000E+00
+4.35397875E-01 -5.83059875E-01 +0.00000000E+00
+3.61566875E-01 -5.73831000E-01 +0.00000000E+00
+3.61566875E-01 -5.55373250E-01 +0.00000000E+00
+3.61566875E-01 -5.64602125E-01 +0.00000000E+00
+3.61566875E-01 -5.46144375E-01 +0.00000000E+00
+3.80024625E-01 -5.09228875E-01 +0.00000000E+00
+3.24651375E-01 -6.38433125E-01 +0.00000000E+00
+3.43109125E-01 -5.92288750E-01 +0.00000000E+00
+3.43109125E-01 -6.01517625E-01 +0.00000000E+00
+3.52338000E-01 -5.83059875E-01 +0.00000000E+00
+3.43109125E-01 -5.83059875E-01 +0.00000000E+00
+6.47662000E-01 -6.93806375E-01 +0.00000000E+00
+6.38433125E-01 -6.84577500E-01 +0.00000000E+00
+6.38433125E-01 -6.93806375E-01 +0.00000000E+00
+6.47662000E-01 -6.75348625E-01 +0.00000000E+00
+6.38433125E-01 -6.66119750E-01 +0.00000000E+00
+6.38433125E-01 -6.75348625E-01 +0.00000000E+00
+6.56890875E-01 -7.58408500E-01 +0.00000000E+00
+6.66119750E-01 -7.49179625E-01 +0.00000000E+00
+6.56890875E-01 -7.39950750E-01 +0.00000000E+00
+6.56890875E-01 -7.49179625E-01 +0.00000000E+00
+7.30721875E-01 -7.58408500E-01 +0.00000000E+00
+7.21493000E-01 -7.49179625E-01 +0.00000000E+00
+7.30721875E-01 -7.49179625E-01 +0.00000000E+00
+7.12264125E-01 -7.21493000E-01 +0.00000000E+00
+7.03035250E-01 -7.12264125E-01 +0.00000000E+00
+7.12264125E-01 -7.12264125E-01 +0.00000000E+00
+6.93806375E-01 -6.84577500E-01 +0.00000000E+00
+6.84577500E-01 -6.75348625E-01 +0.00000000E+00
+6.93806375E-01 -6.75348625E-01 +0.00000000E+00
+6.75348625E-01 -6.47662000E-01 +0.00000000E+00
+6.66119750E-01 -6.38433125E-01 +0.00000000E+00
+6.75348625E-01 -6.38433125E-01 +0.00000000E+00
+6.56890875E-01 -5.92288750E-01 +0.00000000E+00
+6.47662000E-01 -5.83059875E-01 +0.00000000E+00
+6.56890875E-01 -5.83059875E-01 +0.00000000E+00
+5.73831000E-01 -5.83059875E-01 +0.00000000E+00
+5.55373250E-01 -5.83059875E-01 +0.00000000E+00
+5.64602125E-01 -5.83059875E-01 +0.00000000E+00
+5.36915500E-01 -5.83059875E-01 +0.00000000E+00
+5.46144375E-01 -5.83059875E-01 +0.00000000E+00
+5.18457750E-01 -5.83059875E-01 +0.00000000E+00
+5.27686625E-01 -5.83059875E-01 +0.00000000E+00
+5.09228875E-01 -5.83059875E-01 +0.00000000E+00
+6.29204250E-01 -6.38433125E-01 +0.00000000E+00
+6.19975375E-01 -6.29204250E-01 +0.00000000E+00
+6.19975375E-01 -6.38433125E-01 +0.00000000E+00
+6.10746500E-01 -6.01517625E-01 +0.00000000E+00
+6.01517625E-01 -5.92288750E-01 +0.00000000E+00
+6.01517625E-01 -6.01517625E-01 +0.00000000E+00
+5.92288750E-01 -5.83059875E-01 +0.00000000E+00
+5.83059875E-01 -5.83059875E-01 +0.00000000E+00
+5.92288750E-01 -5.46144375E-01 +0.00000000E+00
+5.83059875E-01 -5.36915500E-01 +0.00000000E+00
+5.83059875E-01 -5.46144375E-01 +0.00000000E+00
+6.38433125E-01 -5.55373250E-01 +0.00000000E+00
+6.29204250E-01 -5.46144375E-01 +0.00000000E+00
+6.38433125E-01 -5.46144375E-01 +0.00000000E+00
+6.19975375E-01 -5.18457750E-01 +0.00000000E+00
+6.10746500E-01 -5.09228875E-01 +0.00000000E+00
+6.19975375E-01 -5.09228875E-01 +0.00000000E+00
+5.73831000E-01 -5.09228875E-01 +0.00000000E+00
+5.64602125E-01 -5.00000000E-01 +0.00000000E+00
+5.64602125E-01 -5.09228875E-01 +0.00000000E+00
+5.55373250E-01 -4.53855625E-01 +0.00000000E+00
+5.46144375E-01 -4.44626750E-01 +0.00000000E+00
+5.46144375E-01 -4.53855625E-01 +0.00000000E+00
+6.01517625E-01 -4.81542250E-01 +0.00000000E+00
+5.92288750E-01 -4.72313375E-01 +0.00000000E+00
+6.01517625E-01 -4.72313375E-01 +0.00000000E+00
+5.83059875E-01 -4.26169000E-01 +0.00000000E+00
+5.73831000E-01 -4.16940125E-01 +0.00000000E+00
+5.83059875E-01 -4.16940125E-01 +0.00000000E+00
+5.36915500E-01 -4.16940125E-01 +0.00000000E+00
+5.27686625E-01 -4.07711250E-01 +0.00000000E+00
+5.27686625E-01 -4.16940125E-01 +0.00000000E+00
+5.64602125E-01 -3.89253500E-01 +0.00000000E+00
+5.55373250E-01 -3.80024625E-01 +0.00000000E+00
+5.64602125E-01 -3.80024625E-01 +0.00000000E+00
+5.18457750E-01 -3.80024625E-01 +0.00000000E+00
+5.09228875E-01 -3.70795750E-01 +0.00000000E+00
+5.09228875E-01 -3.80024625E-01 +0.00000000E+00
+5.46144375E-01 -3.52338000E-01 +0.00000000E+00
+5.36915500E-01 -3.43109125E-01 +0.00000000E+00
+5.46144375E-01 -3.43109125E-01 +0.00000000E+00
+5.27686625E-01 -3.15422500E-01 +0.00000000E+00
+5.18457750E-01 -3.06193625E-01 +0.00000000E+00
+5.27686625E-01 -3.06193625E-01 +0.00000000E+00
+5.09228875E-01 -2.60049250E-01 +0.00000000E+00
+5.00000000E-01 -2.50820375E-01 +0.00000000E+00
+5.09228875E-01 -2.50820375E-01 +0.00000000E+00
+3.98482375E-01 -4.63084500E-01 +0.00000000E+00
+3.98482375E-01 -4.72313375E-01 +0.00000000E+00
+3.98482375E-01 -4.53855625E-01 +0.00000000E+00
+4.16940125E-01 -4.26169000E-01 +0.00000000E+00
+4.16940125E-01 -4.35397875E-01 +0.00000000E+00
+4.35397875E-01 -3.80024625E-01 +0.00000000E+00
+4.16940125E-01 -4.16940125E-01 +0.00000000E+00
+4.53855625E-01 -3.33880250E-01 +0.00000000E+00
+4.53855625E-01 -3.43109125E-01 +0.00000000E+00
+4.53855625E-01 -3.24651375E-01 +0.00000000E+00
+5.00000000E-01 -3.24651375E-01 +0.00000000E+00
+4.90771125E-01 -3.15422500E-01 +0.00000000E+00
+4.90771125E-01 -3.24651375E-01 +0.00000000E+00
+4.72313375E-01 -2.96964750E-01 +0.00000000E+00
+4.81542250E-01 -2.87735875E-01 +0.00000000E+00
+4.72313375E-01 -2.87735875E-01 +0.00000000E+00
+4.90771125E-01 -2.60049250E-01 +0.00000000E+00
+4.90771125E-01 -2.50820375E-01 +0.00000000E+00

CELLS 1777 8885
4 591 1403 1407 1406
4 1403 1 1404 1407
4 1407 1404 592 1405
4 1406 1407 1405 595
4 595 1405 1411 1410
4 1405 592 1408 1411
4 1411 1408 230 1409
4 1410 1411 1409 593
4 593 1409 1415 1414
4 1409 230 1412 1415
4 1 1416 1419 1404
4 1416 600 1417 1419
4 1419 1417 603 1418
4 1404 1419 1418 592
4 600 1420 1423 1417
4 1420 234 1421 1423
4 1423 1421 601 1422
4 1417 1423 1422 603
4 234 1424 1427 1421
4 1424 604 1425 1427
4 1427 1425 607 1426
4 1421 1427 1426 601
4 604 1428 1431 1425
4 1428 102 1429 1431
4 1431 1429 605 1430
4 1425 1431 1430 607
4 237 1432 1436 1435
4 1432 606 1433 1436
4 1436 1433 611 1434
4 1435 1436 1434 610
4 611 1437 1441 1440
4 1437 608 1438 1441
4 1441 1438 105 1439
4 1440 1441 1439 609
4 1434 611 1440 1444
4 230 1445 1448 1412
4 1445 602 1446 1448
4 602 1449 1451 1446
4 1449 237 1435 1451
4 1451 1435 610 1450
4 102 1452 1455 1429
4 1452 614 1453 1455
4 1455 1453 617 1454
4 1429 1455 1454 605
4 614 1456 1459 1453
4 1456 238 1457 1459
4 1459 1457 615 1458
4 1453 1459 1458 617
4 238 1460 1463 1457
4 1460 618 1461 1463
4 1463 1461 621 1462
4 1457 1463 1462 615
4 618 1464 1467 1461
4 1464 50 1465 1467
4 1467 1465 619 1466
4 1461 1467 1466 621
4 608 1468 1471 1438
4 1468 624 1469 1471
4 1471 1469 623 1470
4 1438 1471 1470 105
4 105 1470 1475 1474
4 1470 623 1472 1475
4 1475 1472 628 1473
4 628 1476 1480 1479
4 1476 625 1477 1480
4 1480 1477 245 1478
4 1479 1480 1478 626
4 1473 628 1479 1483
4 245 1484 1488 1487
4 1484 629 1485 1488
4 1488 1485 633 1486
4 1487 1488 1486 632
4 632 1486 1492 1491
4 1486 633 1489 1492
4 1492 1489 631 1490
4 1491 1492 1490 243
4 626 1478 1495 1494
4 1478 245 1487 1495
4 1495 1487 632 1493
4 50 1496 1499 1465
4 1496 637 1497 1499
4 1499 1497 640 1498
4 1465 1499 1498 619
4 637 1500 1503 1497
4 1500 246 1501 1503
4 1503 1501 638 1502
4 1497 1503 1502 640
4 246 1504 1507 1501
4 1504 641 1505 1507
4 1507 1505 644 1506
4 1501 1507 1506 638
4 641 1508 1511 1505
4 1508 106 1509 1511
4 1511 1509 642 1510
4 1505 1511 1510 644
4 106 1512 1515 1509
4 1512 645 1513 1515
4 1515 1513 648 1514
4 1509 1515 1514 642
4 645 1516 1519 1513
4 1516 250 1517 1519
4 1519 1517 646 1518
4 1513 1519 1518 648
4 250 1520 1523 1517
4 1520 649 1521 1523
4 1523 1521 652 1522
4 1517 1523 1522 646
4 649 1524 1527 1521
4 1524 26 1525 1527
4 1527 1525 650 1526
4 1521 1527 1526 652
4 253 1528 1532 1531
4 1528 651 1529 1532
4 1532 1529 656 1530
4 1531 1532 1530 655
4 651 1533 1536 1529
4 1533 251 1534 1536
4 647 1537 1540 1539
4 1537 253 1531 1540
4 1540 1531 655 1538
4 1539 1540 1538 659
4 659 1538 1544 1543
4 658 1545 1548 1547
4 1545 659 1543 1548
4 1548 1543 657 1546
4 1547 1548 1546 109
4 109 1546 1552 1551
4 1551 1552 1550 662
4 1556 1557 1555 108
4 668 1558 1561 1560
4 1558 109 1551 1561
4 1561 1551 662 1559
4 1560 1561 1559 671
4 671 1559 1565 1564
4 1559 662 1562 1565
4 1565 1562 256 1563
4 1564 1565 1563 669
4 669 1563 1569 1568
4 1563 256 1566 1569
4 1569 1566 666 1567
4 1568 1569 1567 674
4 674 1567 1572 1571
4 1567 666 1556 1572
4 1572 1556 108 1570
4 1571 1572 1570 672
4 262 1573 1577 1576
4 1573 675 1574 1577
4 1577 1574 679 1575
4 1576 1577 1575 678
4 678 1575 1581 1580
4 1575 679 1578 1581
4 1581 1578 677 1579
4 1580 1581 1579 112
4 108 1555 1585 1584
4 1584 1585 1583 682
4 682 1583 1589 1588
4 1589 1586 681 1587
4 1588 1589 1587 260
4 260 1587 1593 1592
4 1587 681 1590 1593
4 1593 1590 687 1591
4 1592 1593 1591 686
4 687 1594 1598 1597
4 1597 1598 1596 685
4 686 1591 1601 1600
4 1591 687 1597 1601
4 1601 1597 685 1599
4 1600 1601 1599 113
4 685 1596 1605 1604
4 1596 265 1602 1605
4 1605 1602 688 1603
4 1604 1605 1603 691
4 691 1603 1609 1608
4 1603 688 1606 1609
4 1609 1606 270 1607
4 1608 1609 1607 689
4 1606 1613 1612 270
4 270 1612 1617 1616
4 1617 1614 699 1615
4 1616 1617 1615 698
4 1621 1622 1620 697
4 698 1615 1625 1624
4 1615 699 1621 1625
4 1625 1621 697 1623
4 1624 1625 1623 268
4 1579 677 1626 1629
4 1629 1626 703 1627
4 677 1630 1633 1626
4 1630 261 1631 1633
4 1633 1631 700 1632
4 1626 1633 1632 703
4 703 1632 1637 1636
4 1632 700 1634 1637
4 1637 1634 273 1635
4 1636 1637 1635 701
4 707 1638 1642 1641
4 1638 708 1639 1642
4 1642 1639 706 1640
4 1641 1642 1640 271
4 1635 273 1643 1646
4 1646 1643 707 1644
4 1644 707 1641 1649
4 1490 631 1650 1653
4 1653 1650 715 1651
4 631 1654 1657 1650
4 1654 53 1655 1657
4 1657 1655 712 1656
4 1650 1657 1656 715
4 715 1656 1661 1660
4 1656 712 1658 1661
4 1661 1658 262 1659
4 1659 262 1576 1664
4 26 1665 1668 1525
4 1665 719 1666 1668
4 1668 1666 722 1667
4 1525 1668 1667 650
4 719 1669 1672 1666
4 1669 277 1670 1672
4 1672 1670 720 1671
4 1666 1672 1671 722
4 277 1673 1676 1670
4 1670 1676 1675 720
4 720 1675 1680 1679
4 1679 1680 1678 280
4 280 1678 1684 1683
4 251 1685 1688 1534
4 1685 721 1686 1688
4 721 1689 1691 1686
4 1689 280 1683 1691
4 284 1692 1696 1695
4 1695 1696 1694 736
4 736 1694 1700 1699
4 1700 1697 735 1698
4 1699 1700 1698 124
4 1705 1702 742 1703
4 1704 1705 1703 741
4 1709 1707 739 1708
4 1702 1709 1708 742
4 1713 1711 746 1712
4 1707 1713 1712 739
4 1717 1715 744 1716
4 1711 1717 1716 746
4 124 1698 1721 1720
4 1698 735 1718 1721
4 1721 1718 750 1719
4 1720 1721 1719 749
4 1725 1723 747 1724
4 1718 1725 1724 750
4 1729 1727 753 1728
4 1723 1729 1728 747
4 1732 1704 741 1731
4 1727 1732 1731 753
4 1737 1734 758 1735
4 1736 1737 1735 757
4 1741 1739 755 1740
4 1734 1741 1740 758
4 1745 1743 762 1744
4 1739 1745 1744 755
4 1749 1747 760 1748
4 1743 1749 1748 762
4 1753 1751 766 1752
4 1715 1753 1752 744
4 1757 1755 764 1756
4 1751 1757 1756 766
4 1761 1759 769 1760
4 1755 1761 1760 764
4 1764 1736 757 1763
4 1759 1764 1763 769
4 61 1765 1769 1768
4 1765 770 1766 1769
4 770 1770 1773 1766
4 1770 300 1771 1773
4 300 1774 1777 1771
4 1774 775 1775 1777
4 775 1778 1781 1775
4 1778 128 1779 1781
4 128 1782 1785 1779
4 1782 779 1783 1785
4 779 1786 1789 1783
4 1786 296 1787 1789
4 296 1790 1793 1787
4 1790 783 1791 1793
4 783 1794 1797 1791
4 1794 58 1795 1797
4 291 1798 1802 1801
4 1798 787 1799 1802
4 1802 1799 791 1800
4 1801 1802 1800 790
4 787 1803 1806 1799
4 1803 123 1804 1806
4 1809 1810 1808 789
4 790 1800 1813 1812
4 1800 791 1809 1813
4 1813 1809 789 1811
4 1812 1813 1811 312
4 789 1808 1817 1816
4 1816 1817 1815 795
4 795 1815 1821 1820
4 1815 792 1818 1821
4 1821 1818 136 1819
4 1820 1821 1819 793
4 123 1822 1825 1804
4 1822 796 1823 1825
4 796 1826 1829 1823
4 1826 288 1827 1829
4 288 1830 1833 1827
4 1830 800 1831 1833
4 800 1834 1836 1831
4 1834 61 1768 1836
4 136 1837 1841 1840
4 1840 1841 1839 806
4 806 1839 1845 1844
4 1845 1842 805 1843
4 1844 1845 1843 317
4 317 1843 1849 1848
4 1843 805 1846 1849
4 1849 1846 811 1847
4 1848 1849 1847 810
4 1846 1853 1852 811
4 811 1852 1857 1856
4 1857 1854 316 1855
4 1856 1857 1855 809
4 815 1858 1862 1861
4 1858 816 1859 1862
4 1862 1859 814 1860
4 1861 1862 1860 320
4 793 1819 1865 1864
4 1819 136 1840 1865
4 1865 1840 806 1863
4 1864 1865 1863 818
4 320 1860 1869 1868
4 1860 814 1866 1869
4 1869 1866 822 1867
4 822 1870 1874 1873
4 1870 819 1871 1874
4 1874 1871 319 1872
4 1873 1874 1872 820
4 1867 822 1873 1877
4 271 1640 1881 1880
4 1640 706 1878 1881
4 1881 1878 826 1879
4 826 1882 1886 1885
4 1882 823 1883 1886
4 1886 1883 322 1884
4 1885 1886 1884 824
4 1879 826 1885 1889
4 824 1884 1893 1892
4 1884 322 1890 1893
4 1893 1890 827 1891
4 1892 1893 1891 830
4 1891 827 1894 1897
4 1897 1894 139 1895
4 697 1620 1901 1900
4 1900 1901 1899 834
4 834 1899 1905 1904
4 1899 831 1902 1905
4 1905 1902 284 1903
4 1904 1905 1903 832
4 832 1903 1908 1907
4 1903 284 1695 1908
4 1908 1695 736 1906
4 1907 1908 1906 837
4 827 1909 1912 1894
4 1909 840 1910 1912
4 1912 1910 839 1911
4 1894 1912 1911 139
4 139 1911 1916 1915
4 1911 839 1913 1916
4 1916 1913 844 1914
4 1915 1916 1914 843
4 1914 844 1917 1920
4 1920 1917 842 1918
4 1918 842 1921 1924
4 842 1925 1928 1921
4 1925 330 1926 1928
4 1928 1926 845 1927
4 1921 1928 1927 848
4 848 1927 1932 1931
4 1927 845 1929 1932
4 1932 1929 328 1930
4 1930 328 1933 1936
4 328 1937 1940 1933
4 1937 853 1938 1940
4 1940 1938 856 1939
4 1933 1940 1939 849
4 849 1939 1944 1943
4 1939 856 1941 1944
4 1944 1941 855 1942
4 1943 1944 1942 333
4 1942 855 1945 1948
4 1948 1945 860 1946
4 855 1949 1952 1945
4 1949 311 1950 1952
4 1952 1950 857 1951
4 1945 1952 1951 860
4 860 1951 1956 1955
4 1951 857 1953 1956
4 1956 1953 135 1954
4 1955 1956 1954 858
4 1954 135 1957 1960
4 1960 1957 815 1958
4 1958 815 1861 1963
4 1964 864 1965 1968
4 1968 1965 868 1966
4 864 1969 1972 1965
4 1969 337 1970 1972
4 1972 1970 865 1971
4 1965 1972 1971 868
4 1966 868 1973 1976
4 1976 1973 866 1974
4 337 1977 1980 1970
4 1977 869 1978 1980
4 1980 1978 872 1979
4 1970 1980 1979 865
4 869 1981 1984 1978
4 1981 143 1982 1984
4 1984 1982 870 1983
4 1978 1984 1983 872
4 341 1985 1989 1988
4 1985 871 1986 1989
4 871 1990 1993 1986
4 1990 338 1991 1993
4 1974 866 1994 1997
4 866 1998 2000 1994
4 1998 341 1988 2000
4 143 2001 2004 1982
4 2001 880 2002 2004
4 2004 2002 883 2003
4 1982 2004 2003 870
4 880 2005 2008 2002
4 2005 342 2006 2008
4 2008 2006 881 2007
4 2002 2008 2007 883
4 342 2009 2012 2006
4 2009 884 2010 2012
4 2012 2010 887 2011
4 2006 2012 2011 881
4 884 2013 2016 2010
4 2013 30 2014 2016
4 2016 2014 885 2015
4 2010 2016 2015 887
4 890 2017 2021 2020
4 2017 891 2018 2021
4 2021 2018 889 2019
4 2020 2021 2019 344
4 338 2022 2025 1991
4 2022 882 2023 2025
4 2025 2023 893 2024
4 882 2026 2029 2023
4 2026 345 2027 2029
4 2029 2027 890 2028
4 2023 2029 2028 893
4 2028 890 2020 2032
4 2019 889 2033 2036
4 2036 2033 897 2034
4 897 2037 2041 2040
4 2037 894 2038 2041
4 2041 2038 346 2039
4 2040 2041 2039 895
4 2034 897 2040 2044
4 2044 2040 895 2042
4 2042 895 2045 2048
4 2048 2045 901 2046
4 900 2046 2052 2051
4 2046 901 2049 2052
4 2052 2049 899 2050
4 2051 2052 2050 347
4 2053 903 2054 2057
4 2057 2054 353 2055
4 347 2050 2061 2060
4 2050 899 2058 2061
4 2061 2058 909 2059
4 2060 2061 2059 903
4 903 2059 2064 2054
4 2059 909 2062 2064
4 2064 2062 908 2063
4 2054 2064 2063 353
4 2055 353 2065 2068
4 2068 2065 910 2066
4 2067 2068 2066 913
4 913 2066 2072 2071
4 2066 910 2069 2072
4 2072 2069 351 2070
4 2071 2072 2070 911
4 2073 911 2074 2077
4 2077 2074 917 2075
4 911 2070 2080 2074
4 2070 351 2078 2080
4 2080 2078 914 2079
4 2074 2080 2079 917
4 916 2075 2084 2083
4 2075 917 2081 2084
4 2084 2081 915 2082
4 2083 2084 2082 356
4 356 2082 2088 2087
4 2082 915 2085 2088
4 2088 2085 921 2086
4 2087 2088 2086 920
4 2092 2087 920 2090
4 2090 920 2093 2096
4 2096 2093 149 2094
4 2095 2096 2094 923
4 30 2097 2100 2014
4 2097 926 2098 2100
4 2100 2098 929 2099
4 2014 2100 2099 885
4 926 2101 2104 2098
4 2101 362 2102 2104
4 2104 2102 927 2103
4 2098 2104 2103 929
4 362 2105 2108 2102
4 2105 930 2106 2108
4 2108 2106 933 2107
4 2102 2108 2107 927
4 930 2109 2112 2106
4 2109 152 2110 2112
4 2112 2110 931 2111
4 2106 2112 2111 933
4 152 2113 2116 2110
4 2113 934 2114 2116
4 2116 2114 937 2115
4 2110 2116 2115 931
4 934 2117 2120 2114
4 2117 366 2118 2120
4 2120 2118 935 2119
4 2114 2120 2119 937
4 366 2121 2124 2118
4 2121 938 2122 2124
4 2124 2122 941 2123
4 2118 2124 2123 935
4 938 2125 2128 2122
4 2125 69 2126 2128
4 2128 2126 939 2127
4 2122 2128 2127 941
4 69 2129 2132 2126
4 2129 942 2130 2132
4 2132 2130 945 2131
4 2126 2132 2131 939
4 942 2133 2136 2130
4 2133 376 2134 2136
4 2136 2134 943 2135
4 2130 2136 2135 945
4 376 2137 2140 2134
4 2137 946 2138 2140
4 2140 2138 949 2139
4 2134 2140 2139 943
4 946 2141 2144 2138
4 2141 156 2142 2144
4 2144 2142 947 2143
4 2138 2144 2143 949
4 953 2145 2149 2148
4 2145 950 2146 2149
4 2149 2146 159 2147
4 2148 2149 2147 951
4 156 2150 2153 2142
4 2150 954 2151 2153
4 2153 2151 957 2152
4 2142 2153 2152 947
4 954 2154 2157 2151
4 2154 380 2155 2157
4 2157 2155 955 2156
4 2151 2157 2156 957
4 380 2158 2161 2155
4 2158 958 2159 2161
4 2161 2159 961 2160
4 2155 2161 2160 955
4 958 2162 2165 2159
4 2162 2 2163 2165
4 2165 2163 959 2164
4 2159 2165 2164 961
4 383 2166 2170 2169
4 2166 960 2167 2170
4 960 2171 2174 2167
4 2171 381 2172 2174
4 377 2175 2179 2178
4 2175 956 2176 2179
4 2179 2176 967 2177
4 2178 2179 2177 950
4 956 2180 2182 2176
4 2180 383 2169 2182
4 2182 2169 964 2181
4 2176 2182 2181 967
4 950 2177 2185 2146
4 2177 967 2183 2185
4 2146 2185 2184 159
4 378 2186 2190 2189
4 2186 951 2187 2190
4 2190 2187 971 2188
4 2189 2190 2188 970
4 951 2147 2193 2187
4 2147 159 2191 2193
4 2187 2193 2192 971
4 970 2188 2197 2196
4 2188 971 2194 2197
4 2196 2197 2195 386
4 386 2195 2201 2200
4 976 2202 2205 2204
4 2202 386 2200 2205
4 2205 2200 974 2203
4 2204 2205 2203 979
4 979 2203 2209 2208
4 2203 974 2206 2209
4 2208 2209 2207 977
4 72 2210 2214 2213
4 2210 977 2211 2214
4 2214 2211 983 2212
4 2213 2214 2212 982
4 977 2207 2217 2211
4 982 2212 2221 2220
4 2212 983 2218 2221
4 2221 2218 981 2219
4 2220 2221 2219 389
4 389 2219 2225 2224
4 2224 2225 2223 986
4 988 2226 2229 2228
4 2226 389 2224 2229
4 2229 2224 986 2227
4 2228 2229 2227 991
4 991 2227 2233 2232
4 2227 986 2230 2233
4 2233 2230 162 2231
4 2232 2233 2231 989
4 989 2231 2237 2236
4 2236 2237 2235 995
4 995 2235 2241 2240
4 994 2242 2245 2244
4 2242 995 2240 2245
4 2245 2240 993 2243
4 2244 2245 2243 399
4 399 2243 2249 2248
4 2243 993 2246 2249
4 2248 2249 2247 998
4 998 2247 2253 2252
4 1003 2254 2257 2256
4 2254 998 2252 2257
4 2257 2252 397 2255
4 2256 2257 2255 1001
4 1008 2258 2262 2261
4 2258 1005 2259 2262
4 2262 2259 169 2260
4 2261 2262 2260 1006
4 1001 2255 2266 2265
4 2255 397 2263 2266
4 2265 2266 2264 1012
4 1012 2264 2270 2269
4 2269 2270 2268 1010
4 1011 2271 2274 2273
4 2271 1012 2269 2274
4 2274 2269 1010 2272
4 2273 2274 2272 402
4 402 2272 2278 2277
4 2272 1010 2275 2278
4 2278 2275 1015 2276
4 2277 2278 2276 1005
4 1005 2276 2281 2259
4 2259 2281 2280 169
4 1006 2260 2285 2284
4 2260 169 2282 2285
4 2285 2282 1016 2283
4 2284 2285 2283 1019
4 1019 2283 2289 2288
4 2288 2289 2287 1017
4 412 2290 2294 2293
4 2290 1017 2291 2294
4 2294 2291 1023 2292
4 2293 2294 2292 1022
4 1017 2287 2297 2291
4 1022 2292 2301 2300
4 2292 1023 2298 2301
4 2300 2301 2299 410
4 1024 2302 2306 2305
4 2302 410 2303 2306
4 2306 2303 1025 2304
4 2305 2306 2304 1028
4 1028 2304 2310 2309
4 2304 1025 2307 2310
4 2309 2310 2308 1026
4 410 2299 2313 2303
4 415 2314 2318 2317
4 2314 1026 2315 2318
4 2318 2315 1035 2316
4 2317 2318 2316 1034
4 1026 2308 2321 2315
4 2315 2321 2320 1035
4 1034 2316 2325 2324
4 2316 1035 2322 2325
4 2325 2322 1033 2323
4 2324 2325 2323 172
4 172 2323 2329 2328
4 2328 2329 2327 1038
4 2334 2331 1044 2332
4 2333 2334 2332 1043
4 2338 2336 1041 2337
4 2331 2338 2337 1044
4 2342 2340 1048 2341
4 2336 2342 2341 1041
4 2346 2344 1046 2345
4 2340 2346 2345 1048
4 2350 2348 1052 2349
4 1747 2350 2349 760
4 2354 2352 1050 2353
4 2348 2354 2353 1052
4 2358 2356 1055 2357
4 2352 2358 2357 1050
4 2361 2333 1043 2360
4 2356 2361 2360 1055
4 2366 2363 1059 2364
4 923 2094 2369 2363
4 2094 149 2367 2369
4 2369 2367 1056 2368
4 2363 2369 2368 1059
4 2364 1059 2370 2373
4 2373 2370 1057 2371
4 432 2371 2377 2376
4 2371 1057 2374 2377
4 2377 2374 1063 2375
4 2376 2377 2375 1062
4 1062 2375 2381 2380
4 2375 1063 2378 2381
4 2381 2378 1061 2379
4 2380 2381 2379 430
4 2382 1062 2380 2385
4 2385 2380 430 2383
4 2389 2387 1070 2388
4 2344 2389 2388 1046
4 2383 430 2390 2392
4 2392 2390 1068 2391
4 2387 2392 2391 1070
4 78 2393 2397 2396
4 2393 1071 2394 2397
4 2397 2394 1075 2395
4 2396 2397 2395 1074
4 1076 2398 2401 2400
4 2398 172 2328 2401
4 2401 2328 1038 2399
4 2400 2401 2399 1079
4 1079 2399 2405 2404
4 2399 1038 2402 2405
4 2405 2402 419 2403
4 2404 2405 2403 1077
4 1077 2403 2409 2408
4 2408 2409 2407 1083
4 1083 2407 2413 2412
4 1082 2414 2417 2416
4 2414 1083 2412 2417
4 2417 2412 1081 2415
4 2416 2417 2415 446
4 58 2418 2421 1795
4 2418 1084 2419 2421
4 1084 2422 2425 2419
4 2422 427 2423 2425
4 427 2426 2429 2423
4 2426 1088 2427 2429
4 1088 2430 2433 2427
4 2430 176 2431 2433
4 176 2434 2437 2431
4 2434 1092 2435 2437
4 1092 2438 2441 2435
4 2438 423 2439 2441
4 423 2442 2445 2439
4 2442 1096 2443 2445
4 1096 2446 2448 2443
4 2446 78 2396 2448
4 2448 2396 1074 2447
4 2447 1074 2449 2452
4 2452 2449 442 2450
4 2451 2452 2450 1097
4 2457 2454 1102 2455
4 1097 2450 2460 2454
4 2450 442 2458 2460
4 2460 2458 1099 2459
4 2454 2460 2459 1102
4 2455 1102 2461 2464
4 2464 2461 1100 2462
4 2465 1104 2466 2469
4 2469 2466 459 2467
4 455 2462 2473 2472
4 2462 1100 2470 2473
4 2473 2470 1110 2471
4 2472 2473 2471 1104
4 1104 2471 2476 2466
4 2471 1110 2474 2476
4 2476 2474 1109 2475
4 2466 2476 2475 459
4 1105 2467 2480 2479
4 2467 459 2477 2480
4 2480 2477 1111 2478
4 2479 2480 2478 1114
4 1114 2478 2484 2483
4 2478 1111 2481 2484
4 2484 2481 457 2482
4 2483 2484 2482 1112
4 2488 2483 1112 2486
4 2489 461 2490 2493
4 2493 2490 1116 2491
4 1119 2491 2497 2496
4 2491 1116 2494 2497
4 2497 2494 188 2495
4 2496 2497 2495 1117
4 2486 1112 2498 2501
4 2501 2498 1123 2499
4 2500 2501 2499 1122
4 1122 2499 2505 2504
4 2499 1123 2502 2505
4 2505 2502 1121 2503
4 2504 2505 2503 461
4 461 2503 2508 2490
4 2503 1121 2506 2508
4 2508 2506 1126 2507
4 2490 2508 2507 1116
4 2509 1117 2510 2513
4 2513 2510 1130 2511
4 1117 2495 2516 2510
4 2495 188 2514 2516
4 2516 2514 1127 2515
4 2510 2516 2515 1130
4 2511 1130 2517 2520
4 2520 2517 1128 2518
4 2519 2520 2518 474
4 474 2518 2524 2523
4 2518 1128 2521 2524
4 2524 2521 1134 2522
4 2523 2524 2522 1133
4 2528 2523 1133 2526
4 2526 1133 2529 2532
4 2532 2529 472 2530
4 2531 2532 2530 1136
4 1143 2533 2537 2536
4 2533 1140 2534 2537
4 2537 2534 480 2535
4 2536 2537 2535 1141
4 446 2415 2541 2540
4 2415 1081 2538 2541
4 2540 2541 2539 1140
4 1140 2539 2544 2534
4 1141 2535 2548 2547
4 2535 480 2545 2548
4 2547 2548 2546 1150
4 1150 2546 2552 2551
4 2551 2552 2550 1148
4 1149 2553 2556 2555
4 2553 1150 2551 2556
4 2556 2551 1148 2554
4 2555 2556 2554 191
4 191 2554 2560 2559
4 2554 1148 2557 2560
4 2560 2557 1154 2558
4 2559 2560 2558 1153
4 1153 2558 2564 2563
4 2563 2564 2562 483
4 1158 2565 2568 2567
4 2565 1153 2563 2568
4 2568 2563 483 2566
4 2567 2568 2566 1156
4 1156 2566 2572 2571
4 2566 483 2569 2572
4 2572 2569 1159 2570
4 2571 2572 2570 1162
4 1162 2570 2576 2575
4 2575 2576 2574 1160
4 485 2577 2581 2580
4 2577 1160 2578 2581
4 2581 2578 1166 2579
4 2580 2581 2579 1165
4 1160 2574 2584 2578
4 1165 2579 2588 2587
4 2579 1166 2585 2588
4 2587 2588 2586 490
4 490 2586 2592 2591
4 1171 2593 2596 2595
4 2593 490 2591 2596
4 2596 2591 1169 2594
4 2595 2596 2594 1174
4 1174 2594 2600 2599
4 2594 1169 2597 2600
4 2599 2600 2598 1172
4 194 2601 2605 2604
4 2601 1172 2602 2605
4 2605 2602 1178 2603
4 2604 2605 2603 1177
4 1172 2598 2608 2602
4 2602 2608 2607 1178
4 1177 2603 2612 2611
4 2603 1178 2609 2612
4 2612 2609 1176 2610
4 2611 2612 2610 493
4 493 2610 2616 2615
4 2615 2616 2614 1181
4 1136 2530 2620 2619
4 2530 472 2617 2620
4 2620 2617 1183 2618
4 2619 2620 2618 1186
4 1186 2618 2624 2623
4 2618 1183 2621 2624
4 2624 2621 498 2622
4 2623 2624 2622 1184
4 2625 1186 2623 2628
4 2628 2623 1184 2626
4 497 2626 2632 2631
4 2626 1184 2629 2632
4 2632 2629 1190 2630
4 2631 2632 2630 1189
4 1189 2630 2636 2635
4 2630 1190 2633 2636
4 2636 2633 1188 2634
4 2635 2636 2634 197
4 1191 2637 2640 2639
4 2637 493 2615 2640
4 2640 2615 1181 2638
4 2639 2640 2638 1194
4 1194 2638 2644 2643
4 2638 1181 2641 2644
4 2644 2641 80 2642
4 2643 2644 2642 1192
4 1192 2642 2648 2647
4 2647 2648 2646 1198
4 1198 2646 2652 2651
4 1197 2653 2656 2655
4 2653 1198 2651 2656
4 2656 2651 1196 2654
4 2655 2656 2654 513
4 513 2654 2660 2659
4 2654 1196 2657 2660
4 2659 2660 2658 1201
4 1201 2658 2664 2663
4 1206 2665 2668 2667
4 2665 1201 2663 2668
4 2668 2663 512 2666
4 2667 2668 2666 1204
4 1204 2666 2672 2671
4 2666 512 2669 2672
4 2671 2672 2670 1210
4 1210 2670 2676 2675
4 2675 2676 2674 1208
4 1209 2677 2680 2679
4 2677 1210 2675 2680
4 2680 2675 1208 2678
4 2679 2680 2678 516
4 516 2678 2684 2683
4 2678 1208 2681 2684
4 2684 2681 1214 2682
4 2683 2684 2682 1213
4 1213 2682 2688 2687
4 2687 2688 2686 200
4 1218 2689 2692 2691
4 2689 1213 2687 2692
4 2692 2687 200 2690
4 2691 2692 2690 1216
4 1216 2690 2696 2695
4 2690 200 2693 2696
4 2696 2693 1219 2694
4 2695 2696 2694 1222
4 1222 2694 2700 2699
4 2699 2700 2698 1220
4 524 2701 2705 2704
4 2701 1220 2702 2705
4 2705 2702 1226 2703
4 2704 2705 2703 1225
4 1220 2698 2708 2702
4 1225 2703 2712 2711
4 2703 1226 2709 2712
4 2711 2712 2710 522
4 1227 2713 2717 2716
4 2713 522 2714 2717
4 2717 2714 1228 2715
4 2716 2717 2715 1231
4 1231 2715 2721 2720
4 2715 1228 2718 2721
4 2720 2721 2719 1229
4 522 2710 2724 2714
4 527 2725 2729 2728
4 2725 1229 2726 2729
4 2729 2726 1238 2727
4 2728 2729 2727 1237
4 1229 2719 2732 2726
4 2726 2732 2731 1238
4 1237 2727 2736 2735
4 2727 1238 2733 2736
4 2736 2733 1236 2734
4 2735 2736 2734 15
4 820 1872 2740 2739
4 1872 319 2737 2740
4 2740 2737 1239 2738
4 2739 2740 2738 1242
4 2738 1239 2741 2744
4 2744 2741 532 2742
4 1239 2745 2748 2741
4 2745 1246 2746 2748
4 2748 2746 1245 2747
4 2741 2748 2747 532
4 532 2747 2752 2751
4 2747 1245 2749 2752
4 2752 2749 1250 2750
4 2751 2752 2750 1249
4 2750 1250 2753 2756
4 2756 2753 1248 2754
4 809 1855 2760 2759
4 1855 316 2757 2760
4 2760 2757 1251 2758
4 2759 2760 2758 1253
4 1253 2758 2764 2763
4 2758 1251 2761 2764
4 2764 2761 535 2762
4 2763 2764 2762 1252
4 1251 2765 2768 2761
4 2761 2768 2767 535
4 535 2767 2772 2771
4 2767 1256 2769 2772
4 2772 2769 1261 2770
4 2771 2772 2770 1260
4 2776 2777 2775 1259
4 1260 2770 2780 2779
4 2770 1261 2776 2780
4 2780 2776 1259 2778
4 2779 2780 2778 534
4 1259 2775 2784 2783
4 2784 2781 1262 2782
4 2783 2784 2782 1265
4 1265 2782 2788 2787
4 2782 1262 2785 2788
4 2788 2785 536 2786
4 2787 2788 2786 1263
4 538 2789 2793 2792
4 2789 1266 2790 2793
4 2793 2790 1270 2791
4 2792 2793 2791 1269
4 1269 2791 2797 2796
4 2791 1270 2794 2797
4 2797 2794 1268 2795
4 2796 2797 2795 208
4 2754 1248 2798 2801
4 1248 2802 2805 2798
4 2802 210 2803 2805
4 2805 2803 1271 2804
4 2798 2805 2804 1274
4 1274 2804 2809 2808
4 2804 1271 2806 2809
4 2809 2806 538 2807
4 2807 538 2792 2812
4 2785 2816 2815 536
4 536 2815 2820 2819
4 2819 2820 2818 1284
4 1284 2818 2824 2823
4 2818 1285 2821 2824
4 2824 2821 1283 2822
4 2823 2824 2822 89
4 89 2822 2828 2827
4 2822 1283 2825 2828
4 2828 2825 1289 2826
4 2827 2828 2826 1288
4 1283 2829 2832 2825
4 2825 2832 2831 1289
4 1289 2831 2836 2835
4 2836 2833 550 2834
4 2835 2836 2834 1287
4 2840 2841 2839 1293
4 1293 2839 2845 2844
4 2845 2842 1292 2843
4 2844 2845 2843 548
4 1287 2834 2848 2847
4 2834 550 2840 2848
4 2848 2840 1293 2846
4 2847 2848 2846 1297
4 2852 2635 197 2850
4 2850 197 2853 2856
4 2856 2853 1302 2854
4 2855 2856 2854 1305
4 1305 2854 2860 2859
4 2854 1302 2857 2860
4 2860 2857 505 2858
4 2859 2860 2858 1303
4 2864 2859 1303 2862
4 2862 1303 2865 2868
4 2868 2865 1309 2866
4 1308 2866 2872 2871
4 2866 1309 2869 2872
4 2872 2869 1307 2870
4 2871 2872 2870 554
4 2876 2877 2875 213
4 548 2843 2881 2880
4 2843 1292 2878 2881
4 2881 2878 1317 2879
4 2880 2881 2879 1316
4 1317 2882 2886 2885
4 2885 2886 2884 1315
4 1316 2879 2889 2888
4 2879 1317 2885 2889
4 2889 2885 1315 2887
4 2888 2889 2887 559
4 1315 2884 2893 2892
4 2884 555 2890 2893
4 2893 2890 1312 2891
4 2892 2893 2891 1320
4 1320 2891 2896 2895
4 2891 1312 2876 2896
4 2896 2876 213 2894
4 2895 2896 2894 1318
4 1323 2897 2901 2900
4 2897 1324 2898 2901
4 2901 2898 1322 2899
4 2900 2901 2899 87
4 2795 1268 2902 2905
4 2905 2902 1328 2903
4 1268 2906 2909 2902
4 2906 537 2907 2909
4 2909 2907 1325 2908
4 2902 2909 2908 1328
4 1328 2908 2913 2912
4 2908 1325 2910 2913
4 2913 2910 562 2911
4 2912 2913 2911 1326
4 1331 2914 2918 2917
4 2914 1332 2915 2918
4 2918 2915 1330 2916
4 2917 2918 2916 560
4 2911 562 2919 2922
4 2922 2919 1331 2920
4 2920 1331 2917 2925
4 560 2916 2929 2928
4 2916 1330 2926 2929
4 2929 2926 1339 2927
4 1339 2930 2934 2933
4 2930 1336 2931 2934
4 2934 2931 558 2932
4 2933 2934 2932 1337
4 2927 1339 2933 2937
4 1337 2932 2941 2940
4 2932 558 2938 2941
4 2941 2938 1323 2939
4 2940 2941 2939 1342
4 2939 1323 2900 2944
4 2944 2900 87 2942
4 87 2899 2948 2947
4 2899 1322 2945 2948
4 2948 2945 1346 2946
4 2947 2948 2946 1345
4 2946 1346 2949 2952
4 2952 2949 1344 2950
4 2950 1344 2953 2956
4 1344 2957 2960 2953
4 2957 569 2958 2960
4 2960 2958 1347 2959
4 2953 2960 2959 1350
4 1350 2959 2964 2963
4 2959 1347 2961 2964
4 2964 2961 567 2962
4 213 2875 2968 2967
4 2968 2965 1354 2966
4 2967 2968 2966 1353
4 2969 554 2970 2972
4 2972 2970 1351 2971
4 1354 2971 2976 2975
4 2971 1351 2973 2976
4 2976 2973 571 2974
4 2975 2976 2974 1352
4 1353 2966 2979 2978
4 2966 1354 2975 2979
4 2979 2975 1352 2977
4 2978 2979 2977 566
4 554 2870 2982 2970
4 2870 1307 2980 2982
4 2982 2980 1357 2981
4 2970 2982 2981 1351
4 1352 2974 2986 2985
4 2974 571 2983 2986
4 2986 2983 1358 2984
4 2985 2986 2984 1361
4 2962 567 2987 2990
4 567 2991 2994 2987
4 2991 1366 2992 2994
4 2994 2992 1369 2993
4 2987 2994 2993 1362
4 1362 2993 2998 2997
4 2993 1369 2995 2998
4 2998 2995 1368 2996
4 2997 2998 2996 577
4 2996 1368 2999 3002
4 3002 2999 1373 3000
4 1368 3003 3006 2999
4 3003 573 3004 3006
4 3006 3004 1370 3005
4 2999 3006 3005 1373
4 1373 3005 3010 3009
4 3005 1370 3007 3010
4 3010 3007 219 3008
4 3009 3010 3008 1371
4 3008 219 3011 3014
4 3014 3011 1374 3012
4 3012 1374 3015 3018
4 1374 3019 3022 3015
4 3019 1381 3020 3022
4 3022 3020 1380 3021
4 3015 3022 3021 578
4 578 3021 3026 3025
4 3021 1380 3023 3026
4 3026 3023 1385 3024
4 1385 3027 3031 3030
4 3027 1382 3028 3031
4 3031 3028 582 3029
4 3030 3031 3029 1383
4 3024 1385 3030 3034
4 3034 3030 1383 3032
4 1383 3029 3038 3037
4 3029 582 3035 3038
4 3038 3035 1386 3036
4 3037 3038 3036 1389
4 3036 1386 3039 3042
4 3042 3039 586 3040
4 1386 3043 3046 3039
4 3043 1392 3044 3046
4 3046 3044 1391 3045
4 3039 3046 3045 586
4 586 3045 3050 3049
4 3045 1391 3047 3050
4 3050 3047 1395 3048
4 3049 3050 3048 1394
4 1395 3051 3054 3053
4 3051 1237 2735 3054
4 3054 2735 15 3052
4 3053 3054 3052 1393
4 1394 3048 3057 3056
4 3048 1395 3053 3057
4 3057 3053 1393 3055
4 2 3058 3061 2163
4 3058 1396 3059 3061
4 3061 3059 1399 3060
4 2163 3061 3060 959
4 959 3060 3065 3064
4 3060 1399 3062 3065
4 3065 3062 1398 3063
4 3064 3065 3063 381
4 381 3063 3068 2172
4 3063 1398 3066 3068
4 241 239 103 240
4 239 249 248 103
4 103 248 259 242
4 242 259 258 53
4 292 293 291 60
4 357 354 33 355
4 365 363 155 364
4 343 365 364 144
4 369 367 153 368
4 363 369 368 155
4 155 368 373 372
4 368 153 370 373
4 373 370 72 371
4 372 373 371 154
4 364 155 372 375
4 375 372 154 374
4 346 375 374 66
4 367 379 378 153
4 66 374 393 350
4 374 154 391 393
4 393 391 165 392
4 350 393 392 148
4 154 371 395 391
4 391 395 394 165
4 148 392 401 354
4 392 165 398 401
4 401 398 164 400
4 354 401 400 33
4 33 400 405 404
4 404 405 403 168
4 168 403 412 411
4 355 33 404 434
4 434 404 168 433
4 429 434 433 179
4 179 433 437 436
4 433 168 411 437
4 437 411 75 435
4 436 437 435 178
4 439 436 178 438
4 438 178 440 443
4 443 440 182 441
4 178 435 445 440
4 435 75 415 445
4 440 445 444 182
4 182 444 448 447
4 181 441 451 450
4 441 182 447 451
4 451 447 180 449
4 450 451 449 77
4 457 77 465 467
4 467 465 185 466
4 466 185 468 471
4 471 468 82 469
4 470 471 469 186
4 77 449 477 465
4 449 180 475 477
4 465 477 476 185
4 185 476 486 468
4 468 486 485 82
4 498 495 198 496
4 186 469 500 495
4 469 82 489 500
4 500 489 194 499
4 495 500 499 198
4 198 499 503 502
4 502 503 501 196
4 496 198 502 506
4 506 502 196 504
4 505 506 504 36
4 36 504 510 509
4 504 196 507 510
4 510 507 202 508
4 509 510 508 201
4 201 508 520 519
4 519 520 518 85
4 85 518 524 523
4 221 570 574 573
4 570 201 519 574
4 574 519 85 572
4 572 85 523 583
4 603 601 237 602
4 592 603 602 230
4 607 605 235 606
4 601 607 606 237
4 606 235 608 611
4 617 615 241 616
4 605 617 616 235
4 621 619 239 620
4 615 621 620 241
4 235 616 624 608
4 616 241 622 624
4 624 622 240 623
4 623 240 625 628
4 629 242 630 633
4 633 630 53 631
4 640 638 249 639
4 619 640 639 239
4 644 642 247 643
4 638 644 643 249
4 648 646 253 647
4 642 648 647 247
4 652 650 251 651
4 646 652 651 253
4 247 647 659 658
4 248 668 671 670
4 670 671 669 259
4 259 669 674 673
4 673 674 672 258
4 675 263 676 679
4 679 676 261 677
4 113 685 691 690
4 690 691 689 269
4 273 704 708 707
4 704 269 705 708
4 708 705 111 706
4 722 720 280 721
4 650 722 721 251
4 742 739 290 740
4 741 742 740 289
4 746 744 287 745
4 739 746 745 290
4 750 747 293 748
4 749 750 748 292
4 753 741 289 752
4 747 753 752 293
4 758 755 298 756
4 757 758 756 297
4 762 760 295 761
4 755 762 761 298
4 766 764 301 765
4 744 766 765 287
4 769 757 297 768
4 764 769 768 301
4 312 789 795 794
4 794 795 793 310
4 810 811 809 134
4 135 812 816 815
4 812 310 813 816
4 816 813 321 814
4 310 793 818 813
4 818 806 317 817
4 813 818 817 321
4 814 321 819 822
4 706 111 823 826
4 268 697 834 833
4 833 834 832 327
4 327 832 837 836
4 837 736 124 835
4 836 837 835 326
4 322 838 840 827
4 838 327 836 840
4 840 836 326 839
4 839 326 841 844
4 844 841 330 842
4 853 60 854 856
4 856 854 311 855
4 868 865 341 866
4 872 870 338 871
4 865 872 871 341
4 883 881 345 882
4 870 883 882 338
4 887 885 343 886
4 881 887 886 345
4 345 886 891 890
4 886 343 888 891
4 891 888 144 889
4 889 144 894 897
4 895 346 898 901
4 901 898 66 899
4 899 66 907 909
4 909 907 350 908
4 917 914 357 915
4 915 357 918 921
4 921 918 355 919
4 920 921 919 149
4 929 927 365 928
4 885 929 928 343
4 933 931 363 932
4 927 933 932 365
4 937 935 369 936
4 931 937 936 363
4 941 939 367 940
4 935 941 940 369
4 945 943 379 944
4 939 945 944 367
4 949 947 377 948
4 943 949 948 379
4 379 948 953 952
4 948 377 950 953
4 952 953 951 378
4 957 955 383 956
4 947 957 956 377
4 961 959 381 960
4 955 961 960 383
4 370 976 979 978
4 978 979 977 72
4 395 988 991 990
4 990 991 989 394
4 394 989 995 994
4 398 1000 1003 1002
4 1000 399 998 1003
4 1002 1003 1001 164
4 405 1004 1008 1007
4 1004 402 1005 1008
4 1007 1008 1006 403
4 164 1001 1012 1011
4 403 1006 1019 1018
4 1018 1019 1017 412
4 75 1024 1028 1027
4 1027 1028 1026 415
4 1044 1041 425 1042
4 1043 1044 1042 424
4 1048 1046 422 1047
4 1041 1048 1047 425
4 1052 1050 428 1051
4 760 1052 1051 295
4 1055 1043 424 1054
4 1050 1055 1054 428
4 1059 1056 429 1057
4 1057 429 1060 1063
4 1063 1060 179 1061
4 1070 1068 439 1069
4 1046 1070 1069 422
4 1071 438 1072 1075
4 1075 1072 443 1073
4 1074 1075 1073 442
4 444 1076 1079 1078
4 1078 1079 1077 448
4 448 1077 1083 1082
4 1102 1099 181 1100
4 1100 181 1108 1110
4 1110 1108 450 1109
4 1112 457 1120 1123
4 1123 1120 467 1121
4 1121 467 1124 1126
4 1126 1124 466 1125
4 1116 1126 1125 188
4 1130 1127 470 1128
4 1128 470 1131 1134
4 1134 1131 186 1132
4 1133 1134 1132 472
4 180 1139 1143 1142
4 1139 446 1140 1143
4 1142 1143 1141 475
4 475 1141 1150 1149
4 476 1155 1158 1157
4 1155 191 1153 1158
4 1157 1158 1156 486
4 486 1156 1162 1161
4 1161 1162 1160 485
4 489 1171 1174 1173
4 1173 1174 1172 194
4 1184 498 1187 1190
4 1190 1187 496 1188
4 503 1191 1194 1193
4 1193 1194 1192 501
4 501 1192 1198 1197
4 507 1203 1206 1205
4 1203 513 1201 1206
4 1205 1206 1204 202
4 202 1204 1210 1209
4 520 1215 1218 1217
4 1215 516 1213 1218
4 1217 1218 1216 518
4 518 1216 1222 1221
4 1221 1222 1220 524
4 205 1227 1231 1230
4 1230 1231 1229 527
4 319 1243 1246 1239
4 1243 134 1244 1246
4 1246 1244 529 1245
4 1245 529 1247 1250
4 1250 1247 210 1248
4 134 809 1253 1244
4 1244 1253 1252 529
4 534 1259 1265 1264
4 1264 1265 1263 539
4 1266 539 1267 1270
4 1270 1267 537 1268
4 1288 1289 1287 549
4 549 1287 1297 1296
4 1297 1293 548 1295
4 1296 1297 1295 214
4 1303 505 1306 1309
4 1309 1306 36 1307
4 559 1315 1320 1319
4 1319 1320 1318 557
4 558 1321 1324 1323
4 1321 559 1319 1324
4 1324 1319 557 1322
4 562 1329 1332 1331
4 1329 549 1296 1332
4 1332 1296 214 1330
4 1330 214 1336 1339
4 1322 557 1343 1346
4 1346 1343 569 1344
4 1307 36 1355 1357
4 1357 1355 509 1356
4 1351 1357 1356 571
4 566 1352 1361 1360
4 1361 1358 570 1359
4 1360 1361 1359 221
4 1366 221 1367 1369
4 1369 1367 573 1368
4 219 1378 1381 1374
4 1378 572 1379 1381
4 1381 1379 583 1380
4 1380 583 1382 1385
4 582 1390 1392 1386
4 1390 205 1230 1392
4 1392 1230 527 1391
4 1391 527 1237 1395
4 240 3069 3071 625
4 3069 103 3070 3071
4 3071 3070 242 629
4 625 3071 629 245
4 249 643 3073 3072
4 643 247 658 3073
4 3073 658 109 668
4 3072 3073 668 248
4 53 3074 3076 712
4 3074 258 3075 3076
4 3076 3075 263 675
4 712 3076 675 262
4 258 672 3078 3075
4 672 108 682 3078
4 3078 682 260 3077
4 3075 3078 3077 263
4 263 3077 3080 676
4 3077 260 686 3080
4 3080 686 113 3079
4 676 3080 3079 261
4 269 689 3082 705
4 689 270 698 3082
4 3082 698 268 3081
4 705 3082 3081 111
4 261 3079 3083 700
4 3079 113 690 3083
4 3083 690 269 704
4 700 3083 704 273
4 290 745 3086 3085
4 745 287 3084 3086
4 3086 3084 61 800
4 3085 3086 800 288
4 289 740 3088 3087
4 740 290 3085 3088
4 3088 3085 288 796
4 3087 3088 796 123
4 293 752 3090 3089
4 752 289 3087 3090
4 3090 3087 123 787
4 3089 3090 787 291
4 298 761 3093 3092
4 761 295 3091 3093
4 3093 3091 58 783
4 3092 3093 783 296
4 297 756 3095 3094
4 756 298 3092 3095
4 3095 3092 296 779
4 3094 3095 779 128
4 301 768 3097 3096
4 768 297 3094 3097
4 3097 3094 128 775
4 3096 3097 775 300
4 287 765 3098 3084
4 765 301 3096 3098
4 3098 3096 300 770
4 3084 3098 770 61
4 60 3099 3101 854
4 3099 291 790 3101
4 3101 790 312 3100
4 854 3101 3100 311
4 311 3100 3102 857
4 3100 312 794 3102
4 3102 794 310 812
4 857 3102 812 135
4 321 817 3103 819
4 817 317 810 3103
4 3103 810 134 1243
4 819 3103 1243 319
4 111 3081 3104 823
4 3081 268 833 3104
4 3104 833 327 838
4 823 3104 838 322
4 326 835 3106 841
4 835 124 749 3106
4 3106 749 292 3105
4 841 3106 3105 330
4 330 3105 3108 845
4 3105 292 3107 3108
4 3108 3107 60 853
4 845 3108 853 328
4 353 908 3111 910
4 908 350 3109 3111
4 3111 3109 148 3110
4 910 3111 3110 351
4 351 3110 3114 914
4 3110 148 3112 3114
4 3114 3112 354 3113
4 914 3114 3113 357
4 144 3115 3118 894
4 3115 364 3116 3118
4 3118 3116 375 3117
4 894 3118 3117 346
4 153 3119 3121 3120
4 3119 378 970 3121
4 3121 970 386 976
4 3120 3121 976 370
4 371 3122 3124 3123
4 3122 72 982 3124
4 3124 982 389 988
4 3123 3124 988 395
4 165 3125 3127 3126
4 3125 394 994 3127
4 3127 994 399 1000
4 3126 3127 1000 398
4 400 3128 3130 3129
4 3128 164 1011 3130
4 3130 1011 402 1004
4 3129 3130 1004 405
4 411 3131 3133 3132
4 3131 412 1022 3133
4 3133 1022 410 1024
4 3132 3133 1024 75
4 425 1047 3136 3135
4 1047 422 3134 3136
4 3136 3134 78 1096
4 3135 3136 1096 423
4 424 1042 3138 3137
4 1042 425 3135 3138
4 3138 3135 423 1092
4 3137 3138 1092 176
4 428 1054 3140 3139
4 1054 424 3137 3140
4 3140 3137 176 1088
4 3139 3140 1088 427
4 295 1051 3141 3091
4 1051 428 3139 3141
4 3141 3139 427 1084
4 3091 3141 1084 58
4 149 919 3144 1056
4 919 355 3142 3144
4 3144 3142 434 3143
4 1056 3144 3143 429
4 430 1061 3147 1068
4 1061 179 3145 3147
4 3147 3145 436 3146
4 1068 3147 3146 439
4 422 1069 3149 3134
4 1069 439 3148 3149
4 3149 3148 438 1071
4 3134 3149 1071 78
4 442 1073 3152 1099
4 1073 443 3150 3152
4 3152 3150 441 3151
4 1099 3152 3151 181
4 445 3153 3155 3154
4 3153 415 1034 3155
4 3155 1034 172 1076
4 3154 3155 1076 444
4 447 3156 3158 3157
4 3156 448 1082 3158
4 3158 1082 446 1139
4 3157 3158 1139 180
4 459 1109 3161 1111
4 1109 450 3159 3161
4 3161 3159 77 3160
4 1111 3161 3160 457
4 188 1125 3164 1127
4 1125 466 3162 3164
4 3164 3162 471 3163
4 1127 3164 3163 470
4 477 3165 3167 3166
4 3165 475 1149 3167
4 3167 1149 191 1155
4 3166 3167 1155 476
4 82 3168 3170 3169
4 3168 485 1165 3170
4 3170 1165 490 1171
4 3169 3170 1171 489
4 472 1132 3173 1183
4 1132 186 3171 3173
4 3173 3171 495 3172
4 1183 3173 3172 498
4 499 3174 3176 3175
4 3174 194 1177 3176
4 3176 1177 493 1191
4 3175 3176 1191 503
4 197 1188 3179 1302
4 1188 496 3177 3179
4 3179 3177 506 3178
4 1302 3179 3178 505
4 196 3180 3182 3181
4 3180 501 1197 3182
4 3182 1197 513 1203
4 3181 3182 1203 507
4 508 3183 3185 3184
4 3183 202 1209 3185
4 3185 1209 516 1215
4 3184 3185 1215 520
4 523 3186 3188 3187
4 3186 524 1225 3188
4 3188 1225 522 1227
4 3187 3188 1227 205
4 529 1252 3190 1247
4 1252 535 1260 3190
4 3190 1260 534 3189
4 1247 3190 3189 210
4 210 3189 3191 1271
4 3189 534 1264 3191
4 3191 1264 539 1266
4 1271 3191 1266 538
4 539 1263 3193 1267
4 1263 536 1284 3193
4 3193 1284 89 3192
4 1267 3193 3192 537
4 214 1295 3194 1336
4 1295 548 1316 3194
4 3194 1316 559 1321
4 1336 3194 1321 558
4 537 3192 3195 1325
4 3192 89 1288 3195
4 3195 1288 549 1329
4 1325 3195 1329 562
4 557 1318 3197 1343
4 1318 213 1353 3197
4 3197 1353 566 3196
4 1343 3197 3196 569
4 569 3196 3198 1347
4 3196 566 1360 3198
4 3198 1360 221 1366
4 1347 3198 1366 567
4 571 1356 3201 1358
4 1356 509 3199 3201
4 3201 3199 201 3200
4 1358 3201 3200 570
4 573 3202 3204 1370
4 3202 574 3203 3204
4 3204 3203 572 1378
4 1370 3204 1378 219
4 583 3205 3206 1382
4 3205 523 3187 3206
4 3206 3187 205 1390
4 1382 3206 1390 582

CELL_TYPES 1777

9 9 9 9 9 9 9 9 9 9 9 9 9 9 9 9 9 9 9 9 9 9 9 9 9 9 9 9 9 9 
9 9 9 9 9 9 9 9 9 9 9 9 9 9 9 9 9 9 9 9 9 9 9 9 9 9 9 9 9 9 
9 9 9 9 9 9 9 9 9 9 9 9 9 9 9 9 9 9 9 9 9 9 9 9 9 9 9 9 9 9 
9 9 9 9 9 9 9 9 9 9 9 9 9 9 9 9 9 9 9 9 9 9 9 9 9 9 9 9 9 9 
9 9 9 9 9 9 9 9 9 9 9 9 9 9 9 9 9 9 9 9 9 9 9 9 9 9 9 9 9 9 
9 9 9 9 9 9 9 9 9 9 9 9 9 9 9 9 9 9 9 9 9 9 9 9 9 9 9 9 9 9 
9 9 9 9 9 9 9 9 9 9 9 9 9 9 9 9 9 9 9 9 9 9 9 9 9 9 9 9 9 9 
9 9 9 9 9 9 9 9 9 9 9 9 9 9 9 9 9 9 9 9 9 9 9 9 9 9 9 9 9 9 
9 9 9 9 9 9 9 9 9 9 9 9 9 9 9 9 9 9 9 9 9 9 9 9 9 9 9 9 9 9 
9 9 9 9 9 9 9 9 9 9 9 9 9 9 9 9 9 9 9 9 9 9 9 9 9 9 9 9 9 9 
9 9 9 9 9 9 9 9 9 9 9 9 9 9 9 9 9 9 9 9 9 9 9 9 9 9 9 9 9 9 
9 9 9 9 9 9 9 9 9 9 9 9 9 9 9 9 9 9 9 9 9 9 9 9 9 9 9 9 9 9 
9 9 9 9 9 9 9 9 9 9 9 9 9 9 9 9 9 9 9 9 9 9 9 9 9 9 9 9 9 9 
9 9 9 9 9 9 9 9 9 9 9 9 9 9 9 9 9 9 9 9 9 9 9 9 9 9 9 9 9 9 
9 9 9 9 9 9 9 9 9 9 9 9 9 9 9 9 9 9 9 9 9 9 9 9 9 9 9 9 9 9 
9 9 9 9 9 9 9 9 9 9 9 9 9 9 9 9 9 9 9 9 9 9 9 9 9 9 9 9 9 9 
9 9 9 9 9 9 9 9 9 9 9 9 9 9 9 9 9 9 9 9 9 9 9 9 9 9 9 9 9 9 
9 9 9 9 9 9 9 9 9 9 9 9 9 9 9 9 9 9 9 9 9 9 9 9 9 9 9 9 9 9 
9 9 9 9 9 9 9 9 9 9 9 9 9 9 9 9 9 9 9 9 9 9 9 9 9 9 9 9 9 9 
9 9 9 9 9 9 9 9 9 9 9 9 9 9 9 9 9 9 9 9 9 9 9 9 9 9 9 9 9 9 
9 9 9 9 9 9 9 9 9 9 9 9 9 9 9 9 9 9 9 9 9 9 9 9 9 9 9 9 9 9 
9 9 9 9 9 9 9 9 9 9 9 9 9 9 9 9 9 9 9 9 9 9 9 9 9 9 9 9 9 9 
9 9 9 9 9 9 9 9 9 9 9 9 9 9 9 9 9 9 9 9 9 9 9 9 9 9 9 9 9 9 
9 9 9 9 9 9 9 9 9 9 9 9 9 9 9 9 9 9 9 9 9 9 9 9 9 9 9 9 9 9 
9 9 9 9 9 9 9 9 9 9 9 9 9 9 9 9 9 9 9 9 9 9 9 9 9 9 9 9 9 9 
9 9 9 9 9 9 9 9 9 9 9 9 9 9 9 9 9 9 9 9 9 9 9 9 9 9 9 9 9 9 
9 9 9 9 9 9 9 9 9 9 9 9 9 9 9 9 9 9 9 9 9 9 9 9 9 9 9 9 9 9 
9 9 9 9 9 9 9 9 9 9 9 9 9 9 9 9 9 9 9 9 9 9 9 9 9 9 9 9 9 9 
9 9 9 9 9 9 9 9 9 9 9 9 9 9 9 9 9 9 9 9 9 9 9 9 9 9 9 9 9 9 
9 9 9 9 9 9 9 9 9 9 9 9 9 9 9 9 9 9 9 9 9 9 9 9 9 9 9 9 9 9 
9 9 9 9 9 9 9 9 9 9 9 9 9 9 9 9 9 9 9 9 9 9 9 9 9 9 9 9 9 9 
9 9 9 9 9 9 9 9 9 9 9 9 9 9 9 9 9 9 9 9 9 9 9 9 9 9 9 9 9 9 
9 9 9 9 9 9 9 9 9 9 9 9 9 9 9 9 9 9 9 9 9 9 9 9 9 9 9 9 9 9 
9 9 9 9 9 9 9 9 9 9 9 9 9 9 9 9 9 9 9 9 9 9 9 9 9 9 9 9 9 9 
9 9 9 9 9 9 9 9 9 9 9 9 9 9 9 9 9 9 9 9 9 9 9 9 9 9 9 9 9 9 
9 9 9 9 9 9 9 9 9 9 9 9 9 9 9 9 9 9 9 9 9 9 9 9 9 9 9 9 9 9 
9 9 9 9 9 9 9 9 9 9 9 9 9 9 9 9 9 9 9 9 9 9 9 9 9 9 9 9 9 9 
9 9 9 9 9 9 9 9 9 9 9 9 9 9 9 9 9 9 9 9 9 9 9 9 9 9 9 9 9 9 
9 9 9 9 9 9 9 9 9 9 9 9 9 9 9 9 9 9 9 9 9 9 9 9 9 9 9 9 9 9 
9 9 9 9 9 9 9 9 9 9 9 9 9 9 9 9 9 9 9 9 9 9 9 9 9 9 9 9 9 9 
9 9 9 9 9 9 9 9 9 9 9 9 9 9 9 9 9 9 9 9 9 9 9 9 9 9 9 9 9 9 
9 9 9 9 9 9 9 9 9 9 9 9 9 9 9 9 9 9 9 9 9 9 9 9 9 9 9 9 9 9 
9 9 9 9 9 9 9 9 9 9 9 9 9 9 9 9 9 9 9 9 9 9 9 9 9 9 9 9 9 9 
9 9 9 9 9 9 9 9 9 9 9 9 9 9 9 9 9 9 9 9 9 9 9 9 9 9 9 9 9 9 
9 9 9 9 9 9 9 9 9 9 9 9 9 9 9 9 9 9 9 9 9 9 9 9 9 9 9 9 9 9 
9 9 9 9 9 9 9 9 9 9 9 9 9 9 9 9 9 9 9 9 9 9 9 9 9 9 9 9 9 9 
9 9 9 9 9 9 9 9 9 9 9 9 9 9 9 9 9 9 9 9 9 9 9 9 9 9 9 9 9 9 
9 9 9 9 9 9 9 9 9 9 9 9 9 9 9 9 9 9 9 9 9 9 9 9 9 9 9 9 9 9 
9 9 9 9 9 9 9 9 9 9 9 9 9 9 9 9 9 9 9 9 9 9 9 9 9 9 9 9 9 9 
9 9 9 9 9 9 9 9 9 9 9 9 9 9 9 9 9 9 9 9 9 9 9 9 9 9 9 9 9 9 
9 9 9 9 9 9 9 9 9 9 9 9 9 9 9 9 9 9 9 9 9 9 9 9 9 9 9 9 9 9 
9 9 9 9 9 9 9 9 9 9 9 9 9 9 9 9 9 9 9 9 9 9 9 9 9 9 9 9 9 9 
9 9 9 9 9 9 9 9 9 9 9 9 9 9 9 9 9 9 9 9 9 9 9 9 9 9 9 9 9 9 
9 9 9 9 9 9 9 9 9 9 9 9 9 9 9 9 9 9 9 9 9 9 9 9 9 9 9 9 9 9 
9 9 9 9 9 9 9 9 9 9 9 9 9 9 9 9 9 9 9 9 9 9 9 9 9 9 9 9 9 9 
9 9 9 9 9 9 9 9 9 9 9 9 9 9 9 9 9 9 9 9 9 9 9 9 9 9 9 9 9 9 
9 9 9 9 9 9 9 9 9 9 9 9 9 9 9 9 9 9 9 9 9 9 9 9 9 9 9 9 9 9 
9 9 9 9 9 9 9 9 9 9 9 9 9 9 9 9 9 9 9 9 9 9 9 9 9 9 9 9 9 9 
9 9 9 9 9 9 9 9 9 9 9 9 9 9 9 9 9 9 9 9 9 9 9 9 9 9 9 9 9 9 
9 9 9 9 9 9 9 

CELL_DATA 1777
SCALARS volume_fraction double 1
LOOKUP_TABLE default

+0.00000000E+00
+0.00000000E+00
+1.00000000E+00
+0.00000000E+00
+0.00000000E+00
+1.00000000E+00
+1.00000000E+00
+0.00000000E+00
+0.00000000E+00
+0.00000000E+00
+0.00000000E+00
+0.00000000E+00
+1.00000000E+00
+1.00000000E+00
+0.00000000E+00
+0.00000000E+00
+1.00000000E+00
+1.00000000E+00
+0.00000000E+00
+0.00000000E+00
+1.00000000E+00
+1.00000000E+00
+0.00000000E+00
+0.00000000E+00
+1.00000000E+00
+1.00000000E+00
+1.00000000E+00
+1.00000000E+00
+1.00000000E+00
+1.00000000E+00

+1.00000000E+00
+1.00000000E+00
+1.00000000E+00
+0.00000000E+00
+0.00000000E+00
+0.00000000E+00
+1.00000000E+00
+1.00000000E+00
+1.00000000E+00
+0.00000000E+00
+0.00000000E+00
+0.00000000E+00
+1.00000000E+00
+1.00000000E+00
+0.00000000E+00
+0.00000000E+00
+1.00000000E+00
+1.00000000E+00
+0.00000000E+00
+0.00000000E+00
+1.00000000E+00
+1.00000000E+00
+0.00000000E+00
+0.00000000E+00
+1.00000000E+00
+1.00000000E+00
+1.00000000E+00
+1.00000000E+00
+1.00000000E+00
+1.00000000E+00

+0.00000000E+00
+1.00000000E+00
+1.00000000E+00
+1.00000000E+00
+1.00000000E+00
+1.00000000E+00
+0.00000000E+00
+0.00000000E+00
+1.00000000E+00
+1.00000000E+00
+1.00000000E+00
+1.00000000E+00
+1.00000000E+00
+1.00000000E+00
+1.00000000E+00
+0.00000000E+00
+0.00000000E+00
+1.00000000E+00
+0.00000000E+00
+0.00000000E+00
+0.00000000E+00
+1.00000000E+00
+1.00000000E+00
+0.00000000E+00
+0.00000000E+00
+1.00000000E+00
+1.00000000E+00
+0.00000000E+00
+0.00000000E+00
+1.00000000E+00

+1.00000000E+00
+0.00000000E+00
+0.00000000E+00
+1.00000000E+00
+1.00000000E+00
+0.00000000E+00
+0.00000000E+00
+1.00000000E+00
+1.00000000E+00
+0.00000000E+00
+0.00000000E+00
+1.00000000E+00
+1.00000000E+00
+0.00000000E+00
+0.00000000E+00
+1.00000000E+00
+1.00000000E+00
+0.00000000E+00
+0.00000000E+00
+1.00000000E+00
+1.00000000E+00
+1.00000000E+00
+1.00000000E+00
+0.00000000E+00
+0.00000000E+00
+1.00000000E+00
+1.00000000E+00
+1.00000000E+00
+1.00000000E+00
+1.00000000E+00

+1.00000000E+00
+0.00000000E+00
+1.00000000E+00
+1.00000000E+00
+0.00000000E+00
+1.00000000E+00
+0.00000000E+00
+0.00000000E+00
+0.00000000E+00
+1.00000000E+00
+1.00000000E+00
+1.00000000E+00
+1.00000000E+00
+1.00000000E+00
+1.00000000E+00
+0.00000000E+00
+1.00000000E+00
+1.00000000E+00
+0.00000000E+00
+1.00000000E+00
+1.00000000E+00
+1.00000000E+00
+1.00000000E+00
+1.00000000E+00
+1.00000000E+00
+1.00000000E+00
+1.00000000E+00
+1.00000000E+00
+1.00000000E+00
+0.00000000E+00

+1.00000000E+00
+1.00000000E+00
+0.00000000E+00
+0.00000000E+00
+0.00000000E+00
+1.00000000E+00
+0.00000000E+00
+1.00000000E+00
+1.00000000E+00
+0.00000000E+00
+1.00000000E+00
+1.00000000E+00
+0.00000000E+00
+1.00000000E+00
+1.00000000E+00
+1.00000000E+00
+1.00000000E+00
+1.00000000E+00
+1.00000000E+00
+0.00000000E+00
+0.00000000E+00
+1.00000000E+00
+1.00000000E+00
+1.00000000E+00
+1.00000000E+00
+1.00000000E+00
+0.00000000E+00
+1.00000000E+00
+0.00000000E+00
+1.00000000E+00

+0.00000000E+00
+1.00000000E+00
+0.00000000E+00
+1.00000000E+00
+1.00000000E+00
+0.00000000E+00
+0.00000000E+00
+1.00000000E+00
+1.00000000E+00
+1.00000000E+00
+1.00000000E+00
+1.00000000E+00
+1.00000000E+00
+1.00000000E+00
+0.00000000E+00
+1.00000000E+00
+1.00000000E+00
+1.00000000E+00
+0.00000000E+00
+1.00000000E+00
+0.00000000E+00
+0.00000000E+00
+0.00000000E+00
+0.00000000E+00
+1.00000000E+00
+1.00000000E+00
+1.00000000E+00
+1.00000000E+00
+0.00000000E+00
+1.00000000E+00

+1.00000000E+00
+0.00000000E+00
+0.00000000E+00
+0.00000000E+00
+1.00000000E+00
+1.00000000E+00
+0.00000000E+00
+0.00000000E+00
+1.00000000E+00
+1.00000000E+00
+0.00000000E+00
+0.00000000E+00
+0.00000000E+00
+0.00000000E+00
+0.00000000E+00
+1.00000000E+00
+0.00000000E+00
+0.00000000E+00
+0.00000000E+00
+0.00000000E+00
+0.00000000E+00
+1.00000000E+00
+0.00000000E+00
+1.00000000E+00
+1.00000000E+00
+1.00000000E+00
+1.00000000E+00
+1.00000000E+00
+1.00000000E+00
+1.00000000E+00

+1.00000000E+00
+1.00000000E+00
+1.00000000E+00
+0.00000000E+00
+1.00000000E+00
+1.00000000E+00
+1.00000000E+00
+1.00000000E+00
+1.00000000E+00
+1.00000000E+00
+1.00000000E+00
+1.00000000E+00
+1.00000000E+00
+1.00000000E+00
+1.00000000E+00
+1.00000000E+00
+1.00000000E+00
+1.00000000E+00
+1.00000000E+00
+1.00000000E+00
+1.00000000E+00
+1.00000000E+00
+1.00000000E+00
+1.00000000E+00
+1.00000000E+00
+1.00000000E+00
+1.00000000E+00
+1.00000000E+00
+1.00000000E+00
+1.00000000E+00

+1.00000000E+00
+1.00000000E+00
+1.00000000E+00
+1.00000000E+00
+1.00000000E+00
+1.00000000E+00
+1.00000000E+00
+1.00000000E+00
+1.00000000E+00
+1.00000000E+00
+1.00000000E+00
+1.00000000E+00
+1.00000000E+00
+1.00000000E+00
+1.00000000E+00
+1.00000000E+00
+0.00000000E+00
+1.00000000E+00
+1.00000000E+00
+1.00000000E+00
+0.00000000E+00
+1.00000000E+00
+0.00000000E+00
+1.00000000E+00
+1.00000000E+00
+0.00000000E+00
+1.00000000E+00
+1.00000000E+00
+0.00000000E+00
+1.00000000E+00

+1.00000000E+00
+1.00000000E+00
+1.00000000E+00
+1.00000000E+00
+1.00000000E+00
+1.00000000E+00
+1.00000000E+00
+1.00000000E+00
+1.00000000E+00
+0.00000000E+00
+0.00000000E+00
+1.00000000E+00
+0.00000000E+00
+1.00000000E+00
+1.00000000E+00
+1.00000000E+00
+1.00000000E+00
+1.00000000E+00
+0.00000000E+00
+0.00000000E+00
+0.00000000E+00
+1.00000000E+00
+1.00000000E+00
+1.00000000E+00
+1.00000000E+00
+0.00000000E+00
+1.00000000E+00
+1.00000000E+00
+1.00000000E+00
+1.00000000E+00

+0.00000000E+00
+1.00000000E+00
+1.00000000E+00
+1.00000000E+00
+1.00000000E+00
+1.00000000E+00
+1.00000000E+00
+0.00000000E+00
+0.00000000E+00
+1.00000000E+00
+1.00000000E+00
+1.00000000E+00
+1.00000000E+00
+1.00000000E+00
+1.00000000E+00
+0.00000000E+00
+0.00000000E+00
+1.00000000E+00
+1.00000000E+00
+0.00000000E+00
+0.00000000E+00
+0.00000000E+00
+0.00000000E+00
+1.00000000E+00
+1.00000000E+00
+0.00000000E+00
+0.00000000E+00
+1.00000000E+00
+1.00000000E+00
+1.00000000E+00

+1.00000000E+00
+1.00000000E+00
+1.00000000E+00
+1.00000000E+00
+1.00000000E+00
+1.00000000E+00
+1.00000000E+00
+1.00000000E+00
+1.00000000E+00
+0.00000000E+00
+1.00000000E+00
+0.00000000E+00
+0.00000000E+00
+1.00000000E+00
+1.00000000E+00
+1.00000000E+00
+0.00000000E+00
+0.00000000E+00
+1.00000000E+00
+1.00000000E+00
+0.00000000E+00
+1.00000000E+00
+1.00000000E+00
+1.00000000E+00
+1.00000000E+00
+0.00000000E+00
+1.00000000E+00
+1.00000000E+00
+0.00000000E+00
+0.00000000E+00

+0.00000000E+00
+1.00000000E+00
+1.00000000E+00
+1.00000000E+00
+1.00000000E+00
+1.00000000E+00
+1.00000000E+00
+1.00000000E+00
+0.00000000E+00
+1.00000000E+00
+0.00000000E+00
+0.00000000E+00
+0.00000000E+00
+1.00000000E+00
+0.00000000E+00
+0.00000000E+00
+1.00000000E+00
+1.00000000E+00
+1.00000000E+00
+1.00000000E+00
+0.00000000E+00
+0.00000000E+00
+1.00000000E+00
+1.00000000E+00
+0.00000000E+00
+0.00000000E+00
+1.00000000E+00
+1.00000000E+00
+0.00000000E+00
+1.00000000E+00

+1.00000000E+00
+1.00000000E+00
+0.00000000E+00
+0.00000000E+00
+0.00000000E+00
+0.00000000E+00
+0.00000000E+00
+1.00000000E+00
+1.00000000E+00
+0.00000000E+00
+0.00000000E+00
+1.00000000E+00
+1.00000000E+00
+0.00000000E+00
+0.00000000E+00
+1.00000000E+00
+1.00000000E+00
+0.00000000E+00
+0.00000000E+00
+1.00000000E+00
+1.00000000E+00
+1.00000000E+00
+1.00000000E+00
+1.00000000E+00
+0.00000000E+00
+1.00000000E+00
+1.00000000E+00
+0.00000000E+00
+1.00000000E+00
+1.00000000E+00

+1.00000000E+00
+0.00000000E+00
+0.00000000E+00
+1.00000000E+00
+0.00000000E+00
+1.00000000E+00
+1.00000000E+00
+1.00000000E+00
+1.00000000E+00
+0.00000000E+00
+0.00000000E+00
+0.00000000E+00
+1.00000000E+00
+0.00000000E+00
+1.00000000E+00
+1.00000000E+00
+0.00000000E+00
+0.00000000E+00
+0.00000000E+00
+1.00000000E+00
+1.00000000E+00
+1.00000000E+00
+1.00000000E+00
+1.00000000E+00
+1.00000000E+00
+1.00000000E+00
+1.00000000E+00
+1.00000000E+00
+1.00000000E+00
+0.00000000E+00

+0.00000000E+00
+1.00000000E+00
+1.00000000E+00
+1.00000000E+00
+0.00000000E+00
+0.00000000E+00
+1.00000000E+00
+1.00000000E+00
+1.00000000E+00
+1.00000000E+00
+0.00000000E+00
+1.00000000E+00
+1.00000000E+00
+0.00000000E+00
+1.00000000E+00
+1.00000000E+00
+1.00000000E+00
+1.00000000E+00
+0.00000000E+00
+1.00000000E+00
+1.00000000E+00
+0.00000000E+00
+0.00000000E+00
+0.00000000E+00
+1.00000000E+00
+1.00000000E+00
+0.00000000E+00
+0.00000000E+00
+1.00000000E+00
+1.00000000E+00

+0.00000000E+00
+0.00000000E+00
+1.00000000E+00
+1.00000000E+00
+0.00000000E+00
+0.00000000E+00
+1.00000000E+00
+1.00000000E+00
+0.00000000E+00
+0.00000000E+00
+1.00000000E+00
+1.00000000E+00
+0.00000000E+00
+0.00000000E+00
+1.00000000E+00
+1.00000000E+00
+0.00000000E+00
+0.00000000E+00
+1.00000000E+00
+1.00000000E+00
+0.00000000E+00
+0.00000000E+00
+1.00000000E+00
+1.00000000E+00
+0.00000000E+00
+0.00000000E+00
+1.00000000E+00
+1.00000000E+00
+0.00000000E+00
+0.00000000E+00

+1.00000000E+00
+1.00000000E+00
+0.00000000E+00
+0.00000000E+00
+1.00000000E+00
+1.00000000E+00
+0.00000000E+00
+0.00000000E+00
+1.00000000E+00
+1.00000000E+00
+1.00000000E+00
+1.00000000E+00
+0.00000000E+00
+1.00000000E+00
+0.00000000E+00
+0.00000000E+00
+1.00000000E+00
+1.00000000E+00
+0.00000000E+00
+0.00000000E+00
+1.00000000E+00
+1.00000000E+00
+0.00000000E+00
+0.00000000E+00
+1.00000000E+00
+1.00000000E+00
+0.00000000E+00
+0.00000000E+00
+1.00000000E+00
+1.00000000E+00

+1.00000000E+00
+1.00000000E+00
+0.00000000E+00
+0.00000000E+00
+1.00000000E+00
+1.00000000E+00
+1.00000000E+00
+1.00000000E+00
+1.00000000E+00
+1.00000000E+00
+0.00000000E+00
+1.00000000E+00
+1.00000000E+00
+0.00000000E+00
+0.00000000E+00
+1.00000000E+00
+1.00000000E+00
+1.00000000E+00
+1.00000000E+00
+1.00000000E+00
+0.00000000E+00
+0.00000000E+00
+1.00000000E+00
+0.00000000E+00
+1.00000000E+00
+0.00000000E+00
+1.00000000E+00
+1.00000000E+00
+1.00000000E+00
+1.00000000E+00

+1.00000000E+00
+0.00000000E+00
+1.00000000E+00
+1.00000000E+00
+1.00000000E+00
+1.00000000E+00
+1.00000000E+00
+0.00000000E+00
+1.00000000E+00
+0.00000000E+00
+0.00000000E+00
+1.00000000E+00
+0.00000000E+00
+0.00000000E+00
+1.00000000E+00
+1.00000000E+00
+1.00000000E+00
+1.00000000E+00
+1.00000000E+00
+1.00000000E+00
+0.00000000E+00
+1.00000000E+00
+1.00000000E+00
+0.00000000E+00
+0.00000000E+00
+1.00000000E+00
+1.00000000E+00
+0.00000000E+00
+1.00000000E+00
+1.00000000E+00

+0.00000000E+00
+0.00000000E+00
+0.00000000E+00
+1.00000000E+00
+1.00000000E+00
+1.00000000E+00
+1.00000000E+00
+1.00000000E+00
+1.00000000E+00
+1.00000000E+00
+1.00000000E+00
+1.00000000E+00
+0.00000000E+00
+1.00000000E+00
+0.00000000E+00
+0.00000000E+00
+1.00000000E+00
+1.00000000E+00
+1.00000000E+00
+1.00000000E+00
+1.00000000E+00
+0.00000000E+00
+0.00000000E+00
+1.00000000E+00
+0.00000000E+00
+0.00000000E+00
+1.00000000E+00
+1.00000000E+00
+0.00000000E+00
+1.00000000E+00

+1.00000000E+00
+0.00000000E+00
+1.00000000E+00
+1.00000000E+00
+0.00000000E+00
+1.00000000E+00
+0.00000000E+00
+1.00000000E+00
+0.00000000E+00
+0.00000000E+00
+1.00000000E+00
+1.00000000E+00
+1.00000000E+00
+1.00000000E+00
+1.00000000E+00
+0.00000000E+00
+1.00000000E+00
+0.00000000E+00
+1.00000000E+00
+1.00000000E+00
+1.00000000E+00
+1.00000000E+00
+0.00000000E+00
+0.00000000E+00
+1.00000000E+00
+0.00000000E+00
+0.00000000E+00
+1.00000000E+00
+0.00000000E+00
+0.00000000E+00

+1.00000000E+00
+1.00000000E+00
+1.00000000E+00
+1.00000000E+00
+1.00000000E+00
+1.00000000E+00
+1.00000000E+00
+1.00000000E+00
+1.00000000E+00
+1.00000000E+00
+1.00000000E+00
+1.00000000E+00
+1.00000000E+00
+1.00000000E+00
+1.00000000E+00
+1.00000000E+00
+0.00000000E+00
+0.00000000E+00
+1.00000000E+00
+1.00000000E+00
+1.00000000E+00
+0.00000000E+00
+1.00000000E+00
+0.00000000E+00
+1.00000000E+00
+1.00000000E+00
+0.00000000E+00
+1.00000000E+00
+1.00000000E+00
+1.00000000E+00

+1.00000000E+00
+0.00000000E+00
+0.00000000E+00
+1.00000000E+00
+1.00000000E+00
+1.00000000E+00
+1.00000000E+00
+1.00000000E+00
+1.00000000E+00
+1.00000000E+00
+1.00000000E+00
+1.00000000E+00
+1.00000000E+00
+1.00000000E+00
+1.00000000E+00
+1.00000000E+00
+1.00000000E+00
+1.00000000E+00
+0.00000000E+00
+1.00000000E+00
+1.00000000E+00
+0.00000000E+00
+0.00000000E+00
+1.00000000E+00
+1.00000000E+00
+0.00000000E+00
+1.00000000E+00
+1.00000000E+00
+1.00000000E+00
+1.00000000E+00

+1.00000000E+00
+1.00000000E+00
+1.00000000E+00
+1.00000000E+00
+1.00000000E+00
+1.00000000E+00
+1.00000000E+00
+1.00000000E+00
+1.00000000E+00
+1.00000000E+00
+1.00000000E+00
+1.00000000E+00
+1.00000000E+00
+0.00000000E+00
+1.00000000E+00
+1.00000000E+00
+0.00000000E+00
+0.00000000E+00
+0.00000000E+00
+1.00000000E+00
+1.00000000E+00
+1.00000000E+00
+0.00000000E+00
+1.00000000E+00
+0.00000000E+00
+0.00000000E+00
+0.00000000E+00
+1.00000000E+00
+1.00000000E+00
+1.00000000E+00

+1.00000000E+00
+1.00000000E+00
+1.00000000E+00
+1.00000000E+00
+0.00000000E+00
+1.00000000E+00
+1.00000000E+00
+0.00000000E+00
+1.00000000E+00
+1.00000000E+00
+1.00000000E+00
+1.00000000E+00
+0.00000000E+00
+0.00000000E+00
+1.00000000E+00
+0.00000000E+00
+1.00000000E+00
+1.00000000E+00
+0.00000000E+00
+0.00000000E+00
+1.00000000E+00
+0.00000000E+00
+0.00000000E+00
+1.00000000E+00
+1.00000000E+00
+1.00000000E+00
+1.00000000E+00
+1.00000000E+00
+1.00000000E+00
+1.00000000E+00

+0.00000000E+00
+0.00000000E+00
+1.00000000E+00
+1.00000000E+00
+1.00000000E+00
+1.00000000E+00
+1.00000000E+00
+1.00000000E+00
+0.00000000E+00
+1.00000000E+00
+1.00000000E+00
+1.00000000E+00
+1.00000000E+00
+0.00000000E+00
+0.00000000E+00
+1.00000000E+00
+0.00000000E+00
+1.00000000E+00
+1.00000000E+00
+1.00000000E+00
+1.00000000E+00
+1.00000000E+00
+0.00000000E+00
+0.00000000E+00
+0.00000000E+00
+1.00000000E+00
+0.00000000E+00
+1.00000000E+00
+0.00000000E+00
+0.00000000E+00

+1.00000000E+00
+1.00000000E+00
+1.00000000E+00
+1.00000000E+00
+1.00000000E+00
+0.00000000E+00
+0.00000000E+00
+1.00000000E+00
+0.00000000E+00
+0.00000000E+00
+1.00000000E+00
+1.00000000E+00
+1.00000000E+00
+1.00000000E+00
+1.00000000E+00
+1.00000000E+00
+0.00000000E+00
+1.00000000E+00
+1.00000000E+00
+0.00000000E+00
+1.00000000E+00
+1.00000000E+00
+0.00000000E+00
+1.00000000E+00
+0.00000000E+00
+1.00000000E+00
+0.00000000E+00
+0.00000000E+00
+0.00000000E+00
+1.00000000E+00

+1.00000000E+00
+1.00000000E+00
+1.00000000E+00
+1.00000000E+00
+0.00000000E+00
+1.00000000E+00
+1.00000000E+00
+1.00000000E+00
+1.00000000E+00
+1.00000000E+00
+0.00000000E+00
+0.00000000E+00
+1.00000000E+00
+0.00000000E+00
+0.00000000E+00
+1.00000000E+00
+1.00000000E+00
+0.00000000E+00
+0.00000000E+00
+1.00000000E+00
+1.00000000E+00
+1.00000000E+00
+1.00000000E+00
+1.00000000E+00
+1.00000000E+00
+1.00000000E+00
+0.00000000E+00
+0.00000000E+00
+0.00000000E+00
+1.00000000E+00

+1.00000000E+00
+0.00000000E+00
+1.00000000E+00
+1.00000000E+00
+1.00000000E+00
+1.00000000E+00
+1.00000000E+00
+1.00000000E+00
+1.00000000E+00
+1.00000000E+00
+1.00000000E+00
+1.00000000E+00
+0.00000000E+00
+1.00000000E+00
+1.00000000E+00
+0.00000000E+00
+0.00000000E+00
+1.00000000E+00
+1.00000000E+00
+0.00000000E+00
+1.00000000E+00
+1.00000000E+00
+0.00000000E+00
+1.00000000E+00
+0.00000000E+00
+1.00000000E+00
+1.00000000E+00
+1.00000000E+00
+1.00000000E+00
+1.00000000E+00

+0.00000000E+00
+1.00000000E+00
+0.00000000E+00
+0.00000000E+00
+1.00000000E+00
+1.00000000E+00
+1.00000000E+00
+1.00000000E+00
+1.00000000E+00
+0.00000000E+00
+0.00000000E+00
+1.00000000E+00
+1.00000000E+00
+0.00000000E+00
+1.00000000E+00
+1.00000000E+00
+1.00000000E+00
+1.00000000E+00
+1.00000000E+00
+1.00000000E+00
+0.00000000E+00
+1.00000000E+00
+1.00000000E+00
+0.00000000E+00
+1.00000000E+00
+1.00000000E+00
+0.00000000E+00
+1.00000000E+00
+0.00000000E+00
+1.00000000E+00

+0.00000000E+00
+1.00000000E+00
+1.00000000E+00
+1.00000000E+00
+1.00000000E+00
+1.00000000E+00
+1.00000000E+00
+0.00000000E+00
+1.00000000E+00
+0.00000000E+00
+1.00000000E+00
+1.00000000E+00
+1.00000000E+00
+1.00000000E+00
+0.00000000E+00
+0.00000000E+00
+1.00000000E+00
+0.00000000E+00
+0.00000000E+00
+0.00000000E+00
+0.00000000E+00
+1.00000000E+00
+1.00000000E+00
+0.00000000E+00
+0.00000000E+00
+0.00000000E+00
+1.00000000E+00
+1.00000000E+00
+1.00000000E+00
+1.00000000E+00

+1.00000000E+00
+1.00000000E+00
+1.00000000E+00
+0.00000000E+00
+1.00000000E+00
+0.00000000E+00
+1.00000000E+00
+0.00000000E+00
+1.00000000E+00
+1.00000000E+00
+1.00000000E+00
+1.00000000E+00
+1.00000000E+00
+1.00000000E+00
+0.00000000E+00
+1.00000000E+00
+1.00000000E+00
+0.00000000E+00
+0.00000000E+00
+1.00000000E+00
+0.00000000E+00
+1.00000000E+00
+1.00000000E+00
+1.00000000E+00
+1.00000000E+00
+1.00000000E+00
+0.00000000E+00
+1.00000000E+00
+1.00000000E+00
+0.00000000E+00

+1.00000000E+00
+1.00000000E+00
+1.00000000E+00
+1.00000000E+00
+1.00000000E+00
+1.00000000E+00
+0.00000000E+00
+1.00000000E+00
+1.00000000E+00
+0.00000000E+00
+0.00000000E+00
+1.00000000E+00
+1.00000000E+00
+1.00000000E+00
+0.00000000E+00
+0.00000000E+00
+1.00000000E+00
+1.00000000E+00
+0.00000000E+00
+0.00000000E+00
+0.00000000E+00
+1.00000000E+00
+1.00000000E+00
+0.00000000E+00
+1.00000000E+00
+1.00000000E+00
+1.00000000E+00
+1.00000000E+00
+1.00000000E+00
+1.00000000E+00

+0.00000000E+00
+0.00000000E+00
+1.00000000E+00
+0.00000000E+00
+1.00000000E+00
+0.00000000E+00
+0.00000000E+00
+0.00000000E+00
+1.00000000E+00
+1.00000000E+00
+1.00000000E+00
+1.00000000E+00
+1.00000000E+00
+0.00000000E+00
+1.00000000E+00
+1.00000000E+00
+0.00000000E+00
+0.00000000E+00
+1.00000000E+00
+1.00000000E+00
+1.00000000E+00
+0.00000000E+00
+0.00000000E+00
+1.00000000E+00
+0.00000000E+00
+1.00000000E+00
+1.00000000E+00
+1.00000000E+00
+0.00000000E+00
+1.00000000E+00

+0.00000000E+00
+1.00000000E+00
+1.00000000E+00
+0.00000000E+00
+0.00000000E+00
+1.00000000E+00
+1.00000000E+00
+1.00000000E+00
+1.00000000E+00
+1.00000000E+00
+0.00000000E+00
+0.00000000E+00
+1.00000000E+00
+1.00000000E+00
+1.00000000E+00
+1.00000000E+00
+1.00000000E+00
+1.00000000E+00
+1.00000000E+00
+1.00000000E+00
+1.00000000E+00
+0.00000000E+00
+0.00000000E+00
+1.00000000E+00
+1.00000000E+00
+1.00000000E+00
+1.00000000E+00
+1.00000000E+00
+1.00000000E+00
+1.00000000E+00

+0.00000000E+00
+1.00000000E+00
+1.00000000E+00
+1.00000000E+00
+0.00000000E+00
+1.00000000E+00
+0.00000000E+00
+0.00000000E+00
+0.00000000E+00
+1.00000000E+00
+1.00000000E+00
+1.00000000E+00
+1.00000000E+00
+1.00000000E+00
+1.00000000E+00
+0.00000000E+00
+0.00000000E+00
+1.00000000E+00
+1.00000000E+00
+0.00000000E+00
+0.00000000E+00
+0.00000000E+00
+1.00000000E+00
+1.00000000E+00
+1.00000000E+00
+0.00000000E+00
+1.00000000E+00
+0.00000000E+00
+0.00000000E+00
+1.00000000E+00

+1.00000000E+00
+1.00000000E+00
+0.00000000E+00
+0.00000000E+00
+1.00000000E+00
+1.00000000E+00
+1.00000000E+00
+0.00000000E+00
+1.00000000E+00
+0.00000000E+00
+0.00000000E+00
+0.00000000E+00
+1.00000000E+00
+1.00000000E+00
+0.00000000E+00
+1.00000000E+00
+0.00000000E+00
+1.00000000E+00
+1.00000000E+00
+1.00000000E+00
+1.00000000E+00
+1.00000000E+00
+1.00000000E+00
+1.00000000E+00
+1.00000000E+00
+1.00000000E+00
+1.00000000E+00
+0.00000000E+00
+1.00000000E+00
+1.00000000E+00

+1.00000000E+00
+1.00000000E+00
+0.00000000E+00
+1.00000000E+00
+1.00000000E+00
+0.00000000E+00
+0.00000000E+00
+0.00000000E+00
+1.00000000E+00
+1.00000000E+00
+1.00000000E+00
+1.00000000E+00
+1.00000000E+00
+1.00000000E+00
+1.00000000E+00
+0.00000000E+00
+1.00000000E+00
+0.00000000E+00
+0.00000000E+00
+1.00000000E+00
+1.00000000E+00
+1.00000000E+00
+0.00000000E+00
+0.00000000E+00
+1.00000000E+00
+1.00000000E+00
+1.00000000E+00
+1.00000000E+00
+1.00000000E+00
+1.00000000E+00

+0.00000000E+00
+0.00000000E+00
+0.00000000E+00
+1.00000000E+00
+1.00000000E+00
+0.00000000E+00
+1.00000000E+00
+0.00000000E+00
+1.00000000E+00
+1.00000000E+00
+1.00000000E+00
+1.00000000E+00
+1.00000000E+00
+1.00000000E+00
+1.00000000E+00
+0.00000000E+00
+1.00000000E+00
+1.00000000E+00
+0.00000000E+00
+0.00000000E+00
+0.00000000E+00
+1.00000000E+00
+0.00000000E+00
+0.00000000E+00
+0.00000000E+00
+0.00000000E+00
+1.00000000E+00
+1.00000000E+00
+0.00000000E+00
+0.00000000E+00

+1.00000000E+00
+0.00000000E+00
+0.00000000E+00
+1.00000000E+00
+1.00000000E+00
+1.00000000E+00
+1.00000000E+00
+1.00000000E+00
+1.00000000E+00
+1.00000000E+00
+1.00000000E+00
+1.00000000E+00
+1.00000000E+00
+1.00000000E+00
+1.00000000E+00
+1.00000000E+00
+1.00000000E+00
+1.00000000E+00
+1.00000000E+00
+1.00000000E+00
+1.00000000E+00
+1.00000000E+00
+1.00000000E+00
+1.00000000E+00
+1.00000000E+00
+1.00000000E+00
+1.00000000E+00
+1.00000000E+00
+1.00000000E+00
+1.00000000E+00

+1.00000000E+00
+1.00000000E+00
+1.00000000E+00
+1.00000000E+00
+1.00000000E+00
+1.00000000E+00
+1.00000000E+00
+1.00000000E+00
+1.00000000E+00
+1.00000000E+00
+1.00000000E+00
+1.00000000E+00
+1.00000000E+00
+1.00000000E+00
+1.00000000E+00
+1.00000000E+00
+1.00000000E+00
+1.00000000E+00
+1.00000000E+00
+1.00000000E+00
+1.00000000E+00
+1.00000000E+00
+1.00000000E+00
+1.00000000E+00
+1.00000000E+00
+1.00000000E+00
+1.00000000E+00
+1.00000000E+00
+1.00000000E+00
+1.00000000E+00

+1.00000000E+00
+1.00000000E+00
+1.00000000E+00
+1.00000000E+00
+1.00000000E+00
+1.00000000E+00
+1.00000000E+00
+1.00000000E+00
+1.00000000E+00
+1.00000000E+00
+1.00000000E+00
+1.00000000E+00
+1.00000000E+00
+1.00000000E+00
+1.00000000E+00
+1.00000000E+00
+1.00000000E+00
+1.00000000E+00
+1.00000000E+00
+1.00000000E+00
+1.00000000E+00
+1.00000000E+00
+1.00000000E+00
+1.00000000E+00
+1.00000000E+00
+1.00000000E+00
+1.00000000E+00
+1.00000000E+00
+1.00000000E+00
+1.00000000E+00

+1.00000000E+00
+1.00000000E+00
+1.00000000E+00
+1.00000000E+00
+1.00000000E+00
+1.00000000E+00
+1.00000000E+00
+1.00000000E+00
+1.00000000E+00
+1.00000000E+00
+1.00000000E+00
+1.00000000E+00
+1.00000000E+00
+1.00000000E+00
+1.00000000E+00
+1.00000000E+00
+1.00000000E+00
+1.00000000E+00
+1.00000000E+00
+1.00000000E+00
+1.00000000E+00
+1.00000000E+00
+1.00000000E+00
+1.00000000E+00
+1.00000000E+00
+1.00000000E+00
+1.00000000E+00
+1.00000000E+00
+1.00000000E+00
+1.00000000E+00

+1.00000000E+00
+1.00000000E+00
+1.00000000E+00
+1.00000000E+00
+1.00000000E+00
+1.00000000E+00
+1.00000000E+00
+1.00000000E+00
+1.00000000E+00
+1.00000000E+00
+1.00000000E+00
+1.00000000E+00
+1.00000000E+00
+1.00000000E+00
+1.00000000E+00
+1.00000000E+00
+1.00000000E+00
+1.00000000E+00
+1.00000000E+00
+1.00000000E+00
+1.00000000E+00
+1.00000000E+00
+1.00000000E+00
+1.00000000E+00
+1.00000000E+00
+1.00000000E+00
+1.00000000E+00
+1.00000000E+00
+1.00000000E+00
+1.00000000E+00

+1.00000000E+00
+1.00000000E+00
+1.00000000E+00
+1.00000000E+00
+1.00000000E+00
+1.00000000E+00
+1.00000000E+00
+1.00000000E+00
+1.00000000E+00
+1.00000000E+00
+1.00000000E+00
+1.00000000E+00
+1.00000000E+00
+1.00000000E+00
+1.00000000E+00
+1.00000000E+00
+1.00000000E+00
+1.00000000E+00
+1.00000000E+00
+1.00000000E+00
+1.00000000E+00
+1.00000000E+00
+1.00000000E+00
+1.00000000E+00
+1.00000000E+00
+1.00000000E+00
+1.00000000E+00
+1.00000000E+00
+1.00000000E+00
+1.00000000E+00

+1.00000000E+00
+1.00000000E+00
+1.00000000E+00
+1.00000000E+00
+1.00000000E+00
+1.00000000E+00
+1.00000000E+00
+1.00000000E+00
+1.00000000E+00
+1.00000000E+00
+1.00000000E+00
+1.00000000E+00
+1.00000000E+00
+1.00000000E+00
+1.00000000E+00
+1.00000000E+00
+1.00000000E+00
+1.00000000E+00
+1.00000000E+00
+1.00000000E+00
+1.00000000E+00
+1.00000000E+00
+1.00000000E+00
+1.00000000E+00
+1.00000000E+00
+1.00000000E+00
+1.00000000E+00
+1.00000000E+00
+1.00000000E+00
+1.00000000E+00

+1.00000000E+00
+1.00000000E+00
+1.00000000E+00
+1.00000000E+00
+1.00000000E+00
+1.00000000E+00
+1.00000000E+00
+1.00000000E+00
+1.00000000E+00
+1.00000000E+00
+1.00000000E+00
+1.00000000E+00
+1.00000000E+00
+1.00000000E+00
+1.00000000E+00
+1.00000000E+00
+1.00000000E+00
+1.00000000E+00
+1.00000000E+00
+1.00000000E+00
+1.00000000E+00
+1.00000000E+00
+1.00000000E+00
+1.00000000E+00
+1.00000000E+00
+1.00000000E+00
+1.00000000E+00
+1.00000000E+00
+1.00000000E+00
+1.00000000E+00

+1.00000000E+00
+1.00000000E+00
+1.00000000E+00
+1.00000000E+00
+1.00000000E+00
+1.00000000E+00
+1.00000000E+00
+1.00000000E+00
+1.00000000E+00
+1.00000000E+00
+1.00000000E+00
+1.00000000E+00
+1.00000000E+00
+1.00000000E+00
+1.00000000E+00
+1.00000000E+00
+1.00000000E+00
+1.00000000E+00
+1.00000000E+00
+1.00000000E+00
+1.00000000E+00
+1.00000000E+00
+1.00000000E+00
+1.00000000E+00
+1.00000000E+00
+1.00000000E+00
+1.00000000E+00
+1.00000000E+00
+1.00000000E+00
+1.00000000E+00

+1.00000000E+00
+1.00000000E+00
+1.00000000E+00
+1.00000000E+00
+1.00000000E+00
+1.00000000E+00
+1.00000000E+00
+1.00000000E+00
+1.00000000E+00
+1.00000000E+00
+1.00000000E+00
+1.00000000E+00
+1.00000000E+00
+1.00000000E+00
+1.00000000E+00
+1.00000000E+00
+1.00000000E+00
+1.00000000E+00
+1.00000000E+00
+1.00000000E+00
+1.00000000E+00
+1.00000000E+00
+1.00000000E+00
+1.00000000E+00
+1.00000000E+00
+1.00000000E+00
+1.00000000E+00
+1.00000000E+00
+1.00000000E+00
+1.00000000E+00

+1.00000000E+00
+1.00000000E+00
+1.00000000E+00
+1.00000000E+00
+1.00000000E+00
+1.00000000E+00
+1.00000000E+00
+1.00000000E+00
+1.00000000E+00
+1.00000000E+00
+1.00000000E+00
+1.00000000E+00
+1.00000000E+00
+1.00000000E+00
+1.00000000E+00
+1.00000000E+00
+1.00000000E+00
+1.00000000E+00
+1.00000000E+00
+1.00000000E+00
+1.00000000E+00
+1.00000000E+00
+1.00000000E+00
+1.00000000E+00
+1.00000000E+00
+1.00000000E+00
+1.00000000E+00
+1.00000000E+00
+1.00000000E+00
+1.00000000E+00

+1.00000000E+00
+1.00000000E+00
+1.00000000E+00
+1.00000000E+00
+1.00000000E+00
+1.00000000E+00
+1.00000000E+00
+1.00000000E+00
+1.00000000E+00
+1.00000000E+00
+1.00000000E+00
+1.00000000E+00
+1.00000000E+00
+1.00000000E+00
+1.00000000E+00
+1.00000000E+00
+1.00000000E+00
+1.00000000E+00
+1.00000000E+00
+1.00000000E+00
+1.00000000E+00
+1.00000000E+00
+1.00000000E+00
+1.00000000E+00
+1.00000000E+00
+1.00000000E+00
+1.00000000E+00
+1.00000000E+00
+1.00000000E+00
+1.00000000E+00

+1.00000000E+00
+1.00000000E+00
+1.00000000E+00
+1.00000000E+00
+1.00000000E+00
+1.00000000E+00
+1.00000000E+00
+1.00000000E+00
+1.00000000E+00
+1.00000000E+00
+1.00000000E+00
+1.00000000E+00
+1.00000000E+00
+1.00000000E+00
+1.00000000E+00
+1.00000000E+00
+1.00000000E+00
+1.00000000E+00
+1.00000000E+00
+1.00000000E+00
+1.00000000E+00
+1.00000000E+00
+1.00000000E+00
+1.00000000E+00
+1.00000000E+00
+1.00000000E+00
+1.00000000E+00
+1.00000000E+00
+1.00000000E+00
+1.00000000E+00

+1.00000000E+00
+1.00000000E+00
+1.00000000E+00
+1.00000000E+00
+1.00000000E+00
+1.00000000E+00
+1.00000000E+00
+1.00000000E+00
+1.00000000E+00
+1.00000000E+00
+1.00000000E+00
+1.00000000E+00
+1.00000000E+00
+1.00000000E+00
+1.00000000E+00
+1.00000000E+00
+1.00000000E+00
+1.00000000E+00
+1.00000000E+00
+1.00000000E+00
+1.00000000E+00
+1.00000000E+00
+1.00000000E+00
+1.00000000E+00
+1.00000000E+00
+1.00000000E+00
+1.00000000E+00
+1.00000000E+00
+1.00000000E+00
+1.00000000E+00

+1.00000000E+00
+1.00000000E+00
+1.00000000E+00
+1.00000000E+00
+1.00000000E+00
+1.00000000E+00
+1.00000000E+00
+1.00000000E+00
+1.00000000E+00
+1.00000000E+00
+1.00000000E+00
+1.00000000E+00
+1.00000000E+00
+1.00000000E+00
+1.00000000E+00
+1.00000000E+00
+1.00000000E+00
+1.00000000E+00
+1.00000000E+00
+1.00000000E+00
+1.00000000E+00
+1.00000000E+00
+1.00000000E+00
+1.00000000E+00
+1.00000000E+00
+1.00000000E+00
+1.00000000E+00
+1.00000000E+00
+1.00000000E+00
+1.00000000E+00

+1.00000000E+00
+1.00000000E+00
+1.00000000E+00
+1.00000000E+00
+1.00000000E+00
+1.00000000E+00
+1.00000000E+00
+1.00000000E+00
+1.00000000E+00
+1.00000000E+00
+1.00000000E+00
+1.00000000E+00
+1.00000000E+00
+1.00000000E+00
+1.00000000E+00
+1.00000000E+00
+1.00000000E+00
+1.00000000E+00
+1.00000000E+00
+1.00000000E+00
+1.00000000E+00
+1.00000000E+00
+1.00000000E+00
+1.00000000E+00
+1.00000000E+00
+1.00000000E+00
+1.00000000E+00
+1.00000000E+00
+1.00000000E+00
+1.00000000E+00

+1.00000000E+00
+1.00000000E+00
+1.00000000E+00
+1.00000000E+00
+1.00000000E+00
+1.00000000E+00
+1.00000000E+00
+1.00000000E+00
+1.00000000E+00
+1.00000000E+00
+1.00000000E+00
+1.00000000E+00
+1.00000000E+00
+1.00000000E+00
+1.00000000E+00
+1.00000000E+00
+1.00000000E+00
+1.00000000E+00
+1.00000000E+00
+1.00000000E+00
+1.00000000E+00
+1.00000000E+00
+1.00000000E+00
+1.00000000E+00
+1.00000000E+00
+1.00000000E+00
+1.00000000E+00
+1.00000000E+00
+1.00000000E+00
+1.00000000E+00

+1.00000000E+00
+1.00000000E+00
+1.00000000E+00
+1.00000000E+00
+1.00000000E+00
+1.00000000E+00
+1.00000000E+00
+1.00000000E+00
+1.00000000E+00
+1.00000000E+00
+1.00000000E+00
+1.00000000E+00
+1.00000000E+00
+1.00000000E+00
+1.00000000E+00
+1.00000000E+00
+1.00000000E+00
+1.00000000E+00
+1.00000000E+00
+1.00000000E+00
+1.00000000E+00
+1.00000000E+00
+1.00000000E+00
+1.00000000E+00
+1.00000000E+00
+1.00000000E+00
+1.00000000E+00
+1.00000000E+00
+1.00000000E+00
+1.00000000E+00

+1.00000000E+00
+1.00000000E+00
+1.00000000E+00
+1.00000000E+00
+1.00000000E+00
+1.00000000E+00
+1.00000000E+00

SCALARS intersects_surface int 1
LOOKUP_TABLE default
1
1
0
1
1
0
0
1
1
1
1
1
0
0
1
1
0
0
1
1
0
0
1
1
0
0
0
0
1
1
1
0
1
1
1
1
1
1
1
1
1
1
0
0
1
1
0
0
1
1
0
0
1
1
0
0
0
0
0
1
1
1
1
1
0
0
1
1
0
0
0
1
1
0
1
1
1
1
1
1
1
0
0
1
1
0
0
1
1
0
0
1
1
0
0
1
1
0
0
1
1
0
0
1
1
0
0
1
1
0
0
0
1
1
1
1
1
0
0
1
1
1
0
1
1
1
1
1
1
0
0
1
0
0
1
1
0
0
1
1
0
0
1
1
0
1
0
0
1
1
0
1
1
1
1
1
1
1
0
1
1
0
1
1
0
1
0
0
1
1
1
0
0
1
1
0
1
1
1
1
1
0
1
1
0
1
1
0
0
0
1
1
0
1
1
1
0
0
1
1
1
1
1
1
0
0
0
1
1
1
1
1
1
1
0
0
1
1
0
0
1
1
1
1
1
1
1
1
1
1
1
1
1
1
1
1
1
1
1
1
1
1
0
1
1
0
1
1
1
1
1
1
1
1
1
1
1
1
1
1
1
1
1
1
1
1
1
1
1
1
1
1
1
1
1
1
1
1
1
1
1
1
1
1
1
1
1
1
1
1
1
0
1
1
0
1
1
1
1
1
0
1
1
1
1
1
1
1
1
1
1
1
1
1
0
1
1
0
1
1
1
1
1
0
0
1
0
1
0
0
1
1
1
1
0
0
1
1
1
1
1
1
0
0
1
1
1
0
1
1
1
1
1
1
1
1
1
0
0
1
0
0
0
0
0
1
1
0
1
1
1
1
1
1
0
0
1
1
1
1
1
1
0
0
1
1
0
1
1
1
1
0
0
0
1
1
0
1
1
1
1
1
1
1
1
1
0
0
1
1
1
1
0
0
1
1
0
0
1
1
1
1
1
1
1
1
1
0
0
1
1
0
0
1
1
0
0
1
1
0
0
1
0
1
1
1
1
1
0
0
1
1
1
1
1
1
0
0
1
1
1
1
1
1
1
0
1
1
1
1
0
0
1
1
0
0
0
1
1
1
1
0
0
1
1
1
1
0
0
0
1
1
0
1
1
0
0
1
1
1
1
1
1
1
0
0
1
1
0
0
1
1
0
0
1
1
0
0
1
1
0
0
1
1
0
0
1
1
0
0
1
1
0
0
1
1
0
0
1
1
0
0
1
1
0
0
1
1
0
0
0
0
1
0
1
1
0
0
1
1
0
0
1
1
0
0
1
1
0
0
1
1
1
1
0
0
1
0
0
1
1
1
1
1
1
0
0
1
0
1
1
1
1
1
1
1
0
1
1
0
1
1
1
0
1
1
0
1
0
1
1
1
1
1
0
0
1
0
0
1
1
1
1
1
1
0
1
1
0
1
1
1
1
0
1
1
0
0
0
1
0
1
1
1
1
1
0
0
1
0
0
1
1
1
1
1
0
1
1
1
1
1
0
1
1
0
1
1
1
1
0
1
1
0
1
1
1
1
0
0
1
0
1
1
0
1
1
1
1
1
1
1
1
1
1
1
1
1
1
1
1
1
1
1
1
1
1
1
0
0
1
1
1
1
1
0
1
1
0
0
0
1
1
1
1
1
1
1
1
0
0
1
0
0
1
0
0
1
1
1
1
1
1
0
1
1
0
1
1
1
1
1
1
1
1
1
1
1
1
1
1
1
1
1
1
1
1
1
1
0
0
1
1
1
1
1
1
1
0
1
1
0
0
0
1
1
0
1
1
0
0
1
1
1
1
1
1
0
1
1
1
1
1
0
0
1
1
0
0
0
1
1
1
0
0
0
1
1
1
1
0
0
1
1
1
1
1
0
1
1
0
1
1
1
1
1
1
1
1
1
0
0
1
0
0
1
1
1
1
1
0
0
1
0
0
1
1
1
1
1
0
1
1
0
1
1
1
1
1
0
1
1
0
1
1
1
0
0
1
0
1
1
0
1
1
1
1
1
1
0
0
1
1
0
0
0
1
1
1
1
0
1
1
0
0
1
0
0
1
0
0
1
1
1
1
1
1
0
1
1
0
1
1
1
1
0
1
1
0
1
1
1
1
1
0
0
1
0
0
1
1
1
1
1
0
0
1
0
0
1
1
1
1
1
0
1
1
0
1
1
1
1
0
1
1
0
1
1
1
1
0
0
1
0
1
1
0
1
1
1
1
0
1
1
1
1
0
0
0
1
1
0
1
1
1
1
0
1
1
0
0
1
0
0
1
1
1
1
1
0
1
0
1
1
0
1
1
1
0
1
1
0
1
0
0
1
1
0
1
1
1
1
0
0
1
1
1
1
1
1
1
1
1
1
1
0
0
1
0
0
1
1
1
1
1
1
1
1
1
0
1
1
0
1
1
1
1
1
0
0
1
1
1
1
1
1
0
1
1
0
1
1
0
1
1
0
1
0
0
1
1
1
0
0
1
1
0
0
0
0
1
1
1
0
0
0
1
1
0
1
1
1
0
0
1
1
1
1
1
1
1
1
0
0
1
1
1
0
1
1
1
1
1
0
1
1
1
1
1
1
0
0
1
1
1
1
1
1
1
1
1
1
1
0
1
0
1
1
0
1
0
0
0
1
0
0
0
1
1
0
0
1
1
0
1
1
1
1
0
0
0
1
1
0
1
1
1
1
1
1
0
0
1
1
1
1
0
0
0
1
1
1
1
0
1
1
1
1
0
0
0
1
1
0
0
1
0
0
1
1
1
1
1
1
1
1
0
0
1
1
0
1
1
0
0
0
0
0
0
0
0
0
0
0
0
0
0
0
0
0
0
0
0
0
0
0
0
0
0
0
0
0
0
0
0
0
0
0
0
0
0
0
0
0
0
0
0
0
0
0
0
0
0
0
0
0
0
0
0
0
0
0
0
0
0
0
0
0
0
0
0
0
0
0
0
0
0
0
0
0
0
0
0
0
0
0
0
0
0
0
0
0
0
0
0
0
0
0
0
0
0
0
0
0
0
0
0
0
0
0
0
0
0
0
0
0
0
0
0
0
0
0
0
0
0
0
0
0
0
0
0
0
0
0
0
0
0
0
0
0
0
0
0
0
0
0
0
0
0
0
0
0
0
0
0
0
0
0
0
0
0
0
0
0
0
0
0
0
0
0
0
0
0
0
0
0
0
0
0
0
0
0
0
0
0
0
0
0
0
0
0
0
0
0
0
0
0
0
0
0
0
0
0
0
0
0
0
0
0
0
0
0
0
0
0
0
0
0
0
0
0
0
0
0
0
0
0
0
0
0
0
0
0
0
0
0
0
0
0
0
0
0
0
0
0
0
0
0
0
0
0
0
0
0
0
0
0
0
0
0
0
0
0
0
0
0
0
0
0
0
0
0
0
0
0
0
0
0
0
0
0
0
0
0
0
0
0
0
0
0
0
0
0
0
0
0
0
0
0
0
0
0
0
0
0
0
0
0
0
0
0
0
0
0
0
0
0
0
0
0
0
0
0
0
0
0
0
0
0
0
0
0
0
0
0
0
0
0
0
0
0
0
0
0
0
0
0
0
0
0
0
0
0
0
0
0
0
0
0
0
0
0
0
0
0
0
0
0
0
0
0
0
0
0
0
0
0
0
0
0
0
0
0
0
0
0
0
0
0
0
0
0
0
0
0
0
0
0
0
0
0
0
0
0
0
0
0
0
0
0
0
0
0
0
0
0
0
0
0
0
0
0
0
0
0
0
0
0
0
0
0
0
0
0
0
0
0
0
0
0
0
0
0
0
0
0
0
0
0
0
0
0
0
0
0
0
0
0
0
0
0
0
0
0
0
0
0
0
0
0
0
0
0
0
0
0
0
0
0
0
0
0
0
0
0
0
0
0
0
0
0
0
0
0
0
0
0
0
0
0
0
0
0
0
0
0
0
0
0
0
0
0
0
0
0
0
0
0
0
0
0
0
0
0
0
0
0
0
0
0
0
0
0
0
0
0
0
0
0
0
0
0
0
0
0
0
0

SCALARS refinement_level unsigned_int 1
LOOKUP_TABLE default
7
7
7
7
7
7
7
7
7
7
7
7
7
7
7
7
7
7
7
7
7
7
7
7
7
7
7
7
7
7
7
7
7
7
7
7
7
7
7
7
7
7
7
7
7
7
7
7
7
7
7
7
7
7
7
7
7
7
7
7
7
7
7
7
7
7
7
7
7
7
7
7
7
7
7
7
7
7
7
7
7
7
7
7
7
7
7
7
7
7
7
7
7
7
7
7
7
7
7
7
7
7
7
7
7
7
7
7
7
7
7
7
7
7
7
7
7
7
7
7
7
7
7
7
7
7
7
7
7
7
7
7
7
7
7
7
7
7
7
7
7
7
7
7
7
7
7
7
7
7
7
7
7
7
7
7
7
7
7
7
7
7
7
7
7
7
7
7
7
7
7
7
7
7
7
7
7
7
7
7
7
7
7
7
7
7
7
7
7
7
7
7
7
7
7
7
7
7
7
7
7
7
7
7
7
7
7
7
7
7
7
7
7
7
7
7
7
7
7
7
7
7
7
7
7
7
7
7
7
7
7
7
7
7
7
7
7
7
7
7
7
7
7
7
7
7
7
7
7
7
7
7
7
7
7
7
7
7
7
7
7
7
7
7
7
7
7
7
7
7
7
7
7
7
7
7
7
7
7
7
7
7
7
7
7
7
7
7
7
7
7
7
7
7
7
7
7
7
7
7
7
7
7
7
7
7
7
7
7
7
7
7
7
7
7
7
7
7
7
7
7
7
7
7
7
7
7
7
7
7
7
7
7
7
7
7
7
7
7
7
7
7
7
7
7
7
7
7
7
7
7
7
7
7
7
7
7
7
7
7
7
7
7
7
7
7
7
7
7
7
7
7
7
7
7
7
7
7
7
7
7
7
7
7
7
7
7
7
7
7
7
7
7
7
7
7
7
7
7
7
7
7
7
7
7
7
7
7
7
7
7
7
7
7
7
7
7
7
7
7
7
7
7
7
7
7
7
7
7
7
7
7
7
7
7
7
7
7
7
7
7
7
7
7
7
7
7
7
7
7
7
7
7
7
7
7
7
7
7
7
7
7
7
7
7
7
7
7
7
7
7
7
7
7
7
7
7
7
7
7
7
7
7
7
7
7
7
7
7
7
7
7
7
7
7
7
7
7
7
7
7
7
7
7
7
7
7
7
7
7
7
7
7
7
7
7
7
7
7
7
7
7
7
7
7
7
7
7
7
7
7
7
7
7
7
7
7
7
7
7
7
7
7
7
7
7
7
7
7
7
7
7
7
7
7
7
7
7
7
7
7
7
7
7
7
7
7
7
7
7
7
7
7
7
7
7
7
7
7
7
7
7
7
7
7
7
7
7
7
7
7
7
7
7
7
7
7
7
7
7
7
7
7
7
7
7
7
7
7
7
7
7
7
7
7
7
7
7
7
7
7
7
7
7
7
7
7
7
7
7
7
7
7
7
7
7
7
7
7
7
7
7
7
7
7
7
7
7
7
7
7
7
7
7
7
7
7
7
7
7
7
7
7
7
7
7
7
7
7
7
7
7
7
7
7
7
7
7
7
7
7
7
7
7
7
7
7
7
7
7
7
7
7
7
7
7
7
7
7
7
7
7
7
7
7
7
7
7
7
7
7
7
7
7
7
7
7
7
7
7
7
7
7
7
7
7
7
7
7
7
7
7
7
7
7
7
7
7
7
7
7
7
7
7
7
7
7
7
7
7
7
7
7
7
7
7
7
7
7
7
7
7
7
7
7
7
7
7
7
7
7
7
7
7
7
7
7
7
7
7
7
7
7
7
7
7
7
7
7
7
7
7
7
7
7
7
7
7
7
7
7
7
7
7
7
7
7
7
7
7
7
7
7
7
7
7
7
7
7
7
7
7
7
7
7
7
7
7
7
7
7
7
7
7
7
7
7
7
7
7
7
7
7
7
7
7
7
7
7
7
7
7
7
7
7
7
7
7
7
7
7
7
7
7
7
7
7
7
7
7
7
7
7
7
7
7
7
7
7
7
7
7
7
7
7
7
7
7
7
7
7
7
7
7
7
7
7
7
7
7
7
7
7
7
7
7
7
7
7
7
7
7
7
7
7
7
7
7
7
7
7
7
7
7
7
7
7
7
7
7
7
7
7
7
7
7
7
7
7
7
7
7
7
7
7
7
7
7
7
7
7
7
7
7
7
7
7
7
7
7
7
7
7
7
7
7
7
7
7
7
7
7
7
7
7
7
7
7
7
7
7
7
7
7
7
7
7
7
7
7
7
7
7
7
7
7
7
7
7
7
7
7
7
7
7
7
7
7
7
7
7
7
7
7
7
7
7
7
7
7
7
7
7
7
7
7
7
7
7
7
7
7
7
7
7
7
7
7
7
7
7
7
7
7
7
7
7
7
7
7
7
7
7
7
7
7
7
7
7
7
7
7
7
7
7
7
7
7
7
7
7
7
7
7
7
7
7
7
7
7
7
7
7
7
7
7
7
7
7
7
7
7
7
7
7
7
7
7
7
7
7
7
7
7
7
7
7
7
7
7
7
7
7
7
7
7
7
7
7
7
7
7
7
7
7
7
7
7
7
7
7
7
7
7
7
7
7
7
7
7
7
7
7
7
7
7
7
7
7
7
7
7
7
7
7
7
7
7
7
7
7
7
7
7
7
7
7
7
7
7
7
7
7
7
7
7
7
7
7
7
7
7
7
7
7
7
7
7
7
7
7
7
7
7
7
7
7
7
7
7
7
7
7
7
7
7
7
7
7
7
7
7
7
7
7
7
7
7
7
7
7
7
7
7
7
7
7
7
7
7
7
7
7
5
5
5
5
5
5
5
5
5
5
5
5
5
5
5
5
5
5
5
5
5
5
5
5
5
5
5
5
5
5
5
5
5
5
5
5
5
5
5
5
5
5
5
5
5
5
5
5
5
5
5
5
5
5
5
5
5
5
5
5
5
5
5
5
5
5
5
5
5
5
5
5
5
5
5
5
5
5
5
5
6
6
6
6
6
6
6
6
6
6
6
6
6
6
6
6
6
6
6
6
6
6
6
6
6
6
6
6
6
6
6
6
6
6
6
6
6
6
6
6
6
6
6
6
6
6
6
6
6
6
6
6
6
6
6
6
6
6
6
6
6
6
6
6
6
6
6
6
6
6
6
6
6
6
6
6
6
6
6
6
6
6
6
6
6
6
6
6
6
6
6
6
6
6
6
6
6
6
6
6
6
6
6
6
6
6
6
6
6
6
6
6
6
6
6
6
6
6
6
6
6
6
6
6
6
6
6
6
6
6
6
6
6
6
6
6
6
6
6
6
6
6
6
6
6
6
6
6
6
6
6
6
6
6
6
6
6
6
6
6
6
6
6
6
6
6
6
6
6
6
6
6
6
6
6
6
6
6
6
6
6
6
6
6
6
6
6
6
6
6
6
6
6
6
6
6
6
6
6
6
6
6
6
6
6
6
6
6
6
6
6
6
6
6
6
6
6
6
6
6
6
6
6
6
6
6
6
6
6
6
6
6
6
6
6
6
6
6
6
6
6
6
6
6
6
6
6
6
6
6
6
6
6
6
6
6
6
6
6
6
6
6
6
6
6
6
6
6
6
6
6
6
6
6
6
6
6
6
6
6
6
6
6
6
6
6
6
6
6
6
6
6
6
6
6
6
6
6
6
6
6
6
6
6
6
6
6
6
6
6
6
6
6
6
6
6
6
6
6
6
6
6
6
6
6
6
6
6
6
6
6
6
6
6
6
6
6
6
6
6
6
6
6
6
6
6
6
6
6
6
6
6
6
6
6
6
6
6
6
6
6
6
6
6
6
6
6
6
6
6
6
6
6
6
6
6
6
6
6
6
6
6
6
6
6
6
6
6
6
6
6
6
6
6
6
6
6
6
6
6
6
6
6
6
6
6
6
6
6
6
6
6
6
6
6
6
6
6
6
6
6
6
6
6
6
6
6
6
6
6
6
6
6
6
6
6
6
6
6
6
6
6
6
6
6
6
6
6
6
6
6
6
6
6
6
6
6
6
6
6
6
6
6
6
